"","J_XYL_F_0001_01","J_XYL_F_0001_02","J_XYL_F_0002_01","J_XYL_F_0002_02","J_XYL_F_0003_01","J_XYL_F_0003_02","J_XYL_F_0004_01","J_XYL_F_0004_02","J_XYL_F_0005_01","J_XYL_F_0005_02","J_XYL_F_0006_01","J_XYL_F_0006_02","J_XYL_F_0010_01","J_XYL_F_0010_02","J_XYL_F_0012_01","J_XYL_F_0012_02","J_XYL_F_0013_01","J_XYL_F_0013_02","J_XYL_F_0015_01","J_XYL_F_0015_02","J_XYL_F_0016_01","J_XYL_F_0016_02","J_XYL_F_0018_01","J_XYL_F_0018_02","J_XYL_F_0020_01","J_XYL_F_0020_02","J_XYL_F_0025_01","J_XYL_F_0025_02","J_XYL_F_0031_01","J_XYL_F_0031_02","J_XYL_F_0032_01","J_XYL_F_0032_02","J_XYL_F_0034_01","J_XYL_F_0034_02","J_XYL_F_0036_01","J_XYL_F_0036_02","J_XYL_F_0043_01","J_XYL_F_0043_2","J_XYL_F_0044_01","J_XYL_F_0044_02","J_XYL_F_0045_01","J_XYL_F_0045_2","J_XYL_F_0046_01","J_XYL_F_0046_02","J_XYL_F_0047_01","J_XYL_F_0047_02","J_XYL_F_0048_01","J_XYL_F_0049_02","J_XYL_F_0050_01","J_XYL_F_0050_02","J_XYL_F_0051_01","J_XYL_F_0051_02","J_XYL_F_0053_01","J_XYL_F_0053_02","J_XYL_F_0057_01","J_XYL_F_0057_02","J_XYL_F_0058_01","J_XYL_F_0058_02","J_XYL_F_0059_01","J_XYL_F_0059_02","J_XYL_F_0060_01","J_XYL_F_0060_02","J_XYL_F_0061_01","J_XYL_F_0061_02","J_XYL_F_0062_01","J_XYL_F_0062_02","J_XYL_F_0064_01","J_XYL_F_0064_02","J_XYL_F_0065_01","J_XYL_F_0065_02","J_XYL_F_0066_01","J_XYL_F_0066_02","K_XYL_F_0001_01","K_XYL_F_0001_02","K_XYL_F_0002_01","K_XYL_F_0002_02","K_XYL_F_0003_01","K_XYL_F_0003_02","K_XYL_F_0004_01","K_XYL_F_0004_02","K_XYL_F_0005_01","K_XYL_F_0005_02","K_XYL_F_0007_01","K_XYL_F_0007_02","K_XYL_F_0008_01","K_XYL_F_0008_02","K_XYL_F_0009_01","K_XYL_F_0009_02","K_XYL_F_0009_03","K_XYL_F_0011_01","K_XYL_F_0011_02","K_XYL_F_0012_01","K_XYL_F_0012_02","K_XYL_F_0013_01","K_XYL_F_0013_02","K_XYL_F_0017_01","K_XYL_F_0017_02","K_XYL_F_0018_01","K_XYL_F_0018_02","K_XYL_F_0022_01","K_XYL_F_0022_02","K_XYL_F_0028_01","K_XYL_F_0028_02","K_XYL_F_0030_02","K_XYL_F_0030_03","K_XYL_F_0033_01","K_XYL_F_0033_02","K_XYL_F_0035_01","K_XYL_F_0035_02","K_XYL_F_0035_03","K_XYL_F_0036_01","K_XYL_F_0036_02","K_XYL_F_0037_01","K_XYL_F_0037_02","K_XYL_F_0038_01","K_XYL_F_0038_02","K_XYL_F_0039_01","K_XYL_F_0039_02","K_XYL_F_0042_01","K_XYL_F_0042_02","K_XYL_F_0043_01","K_XYL_F_0043_02","K_XYL_F_0044_01","K_XYL_F_0044_02","K_XYL_F_0045_01","K_XYL_F_0045_02","K_XYL_F_0046_01","K_XYL_F_0046_02","K_XYL_F_0047_01","K_XYL_F_0047_02","K_XYL_F_0048_01","K_XYL_F_0048_02"
"s__",0.179014129609861,1.23571962205208,0.269656803830839,0.253657103891094,-1.41638083222904,0.588122641171931,-0.258279950594666,0.0817351587199666,-0.0752919017432715,0.406763949188891,-0.757723085025277,-1.05007882230105,1.21196264679943,0.942173697596949,-0.591040019765118,-0.738516122481781,0.961376222065157,1.00946241436818,-0.428100347423946,-1.04832589926404,-0.0251477775078047,0.739927035830589,0.655310451479889,-2.00414857478935,0.751377137969455,-0.0497956049410123,-0.0968981496008755,0.19113601607079,0.0438174393346672,0.213335783580616,0.10484357237161,-0.318828497334639,-0.140598066856563,1.05706510667183,0.244534898253873,-0.791116915426216,0.713479644216756,-0.83575111059971,-0.691653867636815,0.0328231017197314,0.64250658019221,0.232842915012745,0.414661929204395,0.679926096620887,0.796448804992078,0.550520554399038,0.593631431814077,0.29549314783238,0.620969863138877,-2.73520115411368,0.340268703719105,-0.838987898326783,-0.0745361487577449,0.381835748307178,-1.96421378333183,0.504617196319002,-0.0802061930056297,0.142081365935839,-0.263257674002149,0.223542728149407,0.679513399615252,0.5616020180977,-0.738672804650892,-0.306455484592188,-0.240728802573497,0.34933780842674,0.178285374196958,0.609761067576107,0.557125551225918,0.28041220273993,-0.293961613437001,-0.577914512946717,0.44460514117703,1.17460773296692,0.152578976130895,0.368466515325636,-0.730437561911552,0.532672187424885,-0.132323795620303,0.834363917244431,-1.22989665700122,-0.931195777905206,0.00488037436056096,-0.189097570866009,0.347481470984257,-0.179595938125237,-0.984050409514407,0.72600440631149,0.0146333592802703,0.135982151399304,-0.421917837231535,0.0432195985970872,-0.31424537926993,-0.420080804903733,0.235283486925189,0.373414999300379,0.711179462225305,-0.475925623386846,0.385296466590431,-0.829043325868929,-0.462044396889006,-0.649285083196302,-0.699736516507403,-0.283820243447016,-0.971002105535543,-0.73212883422073,0.249497628535615,-0.295340990051262,0.15511702869391,-0.42152811264858,-0.381790381719529,-0.629548095507965,-0.409447098903272,-0.507138719431099,0.723440825731612,0.915152137745255,0.0480627980829509,-0.451132464408168,-0.377919320338273,0.0391911530428189,-0.0682790602808886,0.120619543247585,-0.448505756489245,0.878585743849242,1.39783650802645,0.78394796917946,0.69618699976899,0.984662748365117,-0.498278309473892,0.544616404938471,-0.421225264209884,-0.56649374963931
"__",0.236512803781851,1.21242412107475,0.257967038935669,-0.0821621296732988,-1.13292519865383,0.100539177009527,-0.135483027947741,-0.0295257410172276,0.181983566789258,0.24432043262622,-0.527590407322037,-0.974676481080182,0.990753310492749,0.842867611864256,-0.85767797192154,-1.02128977552716,0.920437558455585,1.0113713741424,-0.165253745417212,-0.814228611670448,-0.112997001042867,0.568930092322203,0.50100058509038,-1.55547522126934,0.660665886101461,0.110772416062965,-0.072895160591944,0.33784328687332,0.0417564318020879,0.183043412795525,-0.0954067082609678,-0.289389365263315,-0.117372838552669,1.32261560893348,0.408829471842568,-0.468327076144838,0.526855189555554,-0.733323620606488,-0.464607965316814,0.151816918216463,0.687372862102193,0.217750271709537,0.443624007053428,0.622797387817086,0.764292156192237,0.529053168809987,0.650030497493835,0.456089469252221,0.692161718819157,-2.38497764679765,0.599255720750701,-0.716852414073447,-0.357613978274155,-0.0186148537977608,-1.68436560574799,0.516981786685343,0.290109994911797,0.403607628474551,-0.10815023211487,0.0033667497728847,0.70273279744646,0.613374523028881,-0.545293817497361,-0.24508997530216,-0.232044181777545,0.191965620866587,0.3452140138516,0.585433882369298,0.327579261785883,0.383365609905972,-0.136849784676367,-0.6512445747076,0.446091916711758,1.10861337185921,0.2184397329289,0.54419963921933,-0.667999973598576,0.380447345289794,0.0734963932916953,0.803051312333426,-0.928785655212471,-0.625181076470628,0.0776303338422439,-0.275775913143056,0.562218191329777,-0.0269808837062172,-0.694106312851671,0.504490181178867,-0.252682038421306,0.218476363813679,-0.393939356002701,0.0872442356439054,-0.638004021690037,-0.134742551122804,-0.0839424869471869,0.372454050326467,0.849984443889106,-0.529946325098709,0.464341391871787,-0.618940983345531,-0.956751133360752,-0.616126903768102,-0.573778644253326,-0.426581154512279,-0.552159587725121,-0.826540721086408,-0.150649375007165,-0.315481922785619,0.0496066944123163,-0.2661127088051,-0.314358055128926,-0.577324771696126,-0.787394460710494,-0.895227053411082,0.801004635916636,0.837812462271011,0.14856083444558,-0.295696570558439,-0.777615611646015,-0.416761946728006,0.0284195998043188,0.227239067465492,-0.350862391814199,0.754156587436625,0.769810230834331,0.525386823148624,0.446808857554945,0.710977943455932,-0.356324696386257,0.415355473208216,-0.727743690513195,-0.47955944779752
"s__adolescentis",-0.41433078181487,-0.584766861335992,0.0822024478260365,2.12000547750123,-0.621871034019553,3.92968551126493,0.0473035937691666,-0.501555938460996,-0.821093983940357,0.925951402869733,-1.14972858469796,-0.204783985131261,1.11852717534797,0.182056628918115,2.73051765518497,3.6381542776526,0.634537318593744,0.00988903797436855,-0.634106218897865,0.656914110875534,0.494403674907386,0.355460108154203,0.591417282284739,-0.394272385118978,-0.013873264908039,-0.822040980993964,-0.306100406672114,-1.54082496913432,-0.651023158279874,-0.394635528063088,-2.242045927248,-0.215904071980327,-0.532053497151984,-2.9336885657539,-0.913490772575889,-0.509972466433497,-0.00212937512303225,0.518635220779309,-0.287613694722951,-0.458640570032324,-0.879059742271408,-0.40226510421991,0.0356606418723387,0.00445897914690515,-0.826507181477401,0.198261050297614,-0.769584712993583,-0.591522654124792,-1.0229359285467,-0.599625046833755,-0.456130125711971,0.313539830019769,2.48245798615965,1.96739493967552,-0.457339788905873,-0.261125689599628,-2.58976731350318,-3.70303590240263,-1.04468348092448,1.06335248749109,-1.36469712301388,-0.277721061438959,-0.336277956223675,-0.268034522496926,0.757210845969245,1.29256247543195,-1.3948957662056,-0.576118526605555,2.02196317684332,0.314425790500183,-1.02968238544708,-1.3103552352696,-0.575834173590005,-0.11186815885737,-1.01834463396812,-1.05703218234397,-1.59892254524497,0.478129662732402,-0.595927861979526,-0.903713109567301,-0.642472567157478,-2.25638215140136,-0.636147110330367,-0.135182868870955,-0.150536748100383,-0.0227418195048126,0.134094589536638,0.785808167630599,2.60420520855623,-0.684399462408372,0.311469270912501,0.223855143123701,3.53376598132131,-0.871138617966068,2.98649034138125,-0.423934383367174,-2.15380299972778,0.324889413465333,-1.030280950902,-1.14758721217294,3.56852143588935,-0.865409345245701,-0.532326005681936,0.362793958713017,-3.42807435314421,1.45316953192491,2.29302195636009,-0.00509118976945916,0.214977859786247,-0.84421696138788,-1.25795591236273,0.282625401973958,3.38285661597927,3.42992175965261,-2.54627061599443,-0.422603520941837,-0.792698288343888,-0.79322963642962,2.95538942326145,2.85768673987244,-0.458518886441128,-1.7619992040263,-0.227806289021036,0.466494992594816,3.72679293213233,-0.238041719618729,3.5654868008504,-1.29513872731766,-0.353740702230573,0.250372009708765,1.47247470775029,-1.00095984629574
"s__prausnitzii",-0.0600539289214753,0.219025421146576,0.0831045538679528,0.609272376738593,-0.623879532107405,1.05978697441668,-0.141494269223194,0.025970605708444,-0.322115383458794,0.346297525454719,-0.509204118392808,-0.328311001542012,0.603904660157544,0.317090164952166,0.451956490294063,0.561451445401747,0.345487542342606,0.234881331044064,-0.38095478928908,-0.316517283805268,0.12933319071061,0.34685486349659,0.349539018289878,-0.84626236704925,0.237990816623478,-0.246779018468805,-0.0843838110348612,-0.285458011806657,-0.0831462955593348,0.0139299532835363,-0.158161368161354,-0.126779815056392,-0.126899514342268,-0.372362790014563,-0.194313393673671,-0.49042301733687,0.299858245905751,-0.192524482362545,-0.366049654534604,-0.144735417263222,-0.0108429130369556,0.00642600546814688,0.0808225692183305,0.199890845889317,0.0880083801167752,0.172372054599996,-0.0145603305399655,-0.132906058951993,-0.0557391004055166,-0.975427368637154,-0.173524884898345,-0.237321607130001,0.547794314461407,0.663338003503438,-0.724754442986335,0.0704561276663252,-0.662153035776208,-0.694360414825432,-0.324933893724939,0.36520641264906,-0.0574007208150743,0.052955697167478,-0.359864458685405,-0.15445310054947,0.048045224837649,0.382689163689897,-0.28173422759276,0.0754210416946227,0.589161021042738,0.0369881624023566,-0.331332504194157,-0.272549635740878,0.0184819532428984,0.304392535600437,-0.16019038338786,-0.194617597555344,-0.447690187805023,0.303012205298534,-0.265584367001819,0.0849759859293259,-0.596197736692477,-0.765306782294178,-0.143834368731129,-0.00134426769030678,-0.0955167878404447,-0.154836006381827,-0.41787427702097,0.442623663233975,0.574933674859402,-0.127373554392194,-0.0728979209664673,0.0109990427213292,0.674410965082255,-0.429786905650899,0.719268690080391,0.0258064679921049,-0.248086324893738,-0.0245395507230554,-0.117276756788758,-0.511078158098917,0.768024044578991,-0.300922426395129,-0.330878225231709,0.0894815484801369,-1.02635794837044,0.109243030166695,0.679763412366588,-0.0549579904259643,0.143267300141676,-0.332773312398423,-0.320520755579589,-0.142831202138555,0.669253821147101,0.660677002923445,-0.258357408685972,0.206940130548239,-0.17654510305345,-0.332248140843972,0.629967331895331,0.753217190635773,-0.152202614015127,-0.305247249043643,-0.207724450978113,0.361793282540396,1.31957976260588,0.333620242948703,0.860582510751293,0.237219516419296,-0.269508454170862,0.25610426869308,0.336903382334188,-0.340077990318625
"s__copri",0.273107335436893,0.428485406135842,0.232509534221665,-0.64332832169779,0.490284185003873,0.0664373818247208,0.843626206262825,-1.33535795499939,1.35272919812237,-0.134703015375382,0.169697465965176,-0.544023619990547,0.307466574856094,0.21737842919121,-0.287221679617086,0.280232207911447,1.15288351945198,0.981706365208293,1.23984480813115,1.60885485190906,-0.310963349325604,-0.422566830912136,-0.141301952442091,1.55026865943019,-0.0725474713150537,0.553581145798184,-0.172433415708829,-0.00474659169534748,-0.581669891885271,-0.422649842659413,-3.68944079193011,-0.252529584588547,-0.430650660652819,0.530432029213953,0.779017936802081,1.52120815081652,-0.91318816277988,0.561840072914283,1.00806620609259,0.616364898932191,0.172408703589964,-0.282006826470208,0.672287549261977,0.162413775698128,-0.287889265735885,0.523393382070347,0.326031379640916,1.09536956984601,0.24203585201399,-0.170542287858854,2.10047702973078,0.535573006025082,-0.168512850150148,-1.21351660445453,0.0937033641229451,0.34025215801522,0.663986353997072,-1.08629190551527,0.0978029883064365,-0.671413533153283,-0.428415726910446,0.713928542686936,0.631941738898799,-0.0177973969888553,0.550249774570325,0.195085119163052,0.290805477781248,-0.165218511628117,0.456707353018605,1.43368616219738,0.0997182226499264,-2.39010961818838,-0.101880389604233,0.447414649858413,-0.242740266361917,0.860157629327068,-1.64845627783212,-0.345138998696559,1.07058976014102,-0.316619237987149,0.797921347432814,-0.378845823228071,0.0314917487595355,-1.04202563763088,2.0152917807244,1.10658000574104,1.65829368185617,-0.465009409401774,0.163267401688689,0.193663205420083,0.128010359307304,0.623590782004551,0.23648961757882,1.21820253437807,0.286475462458009,-0.0488219535825541,-0.149565343100325,-0.608004649235779,0.0787314221611348,-0.0662147392273129,-1.32496596955316,-1.1381855798742,-0.0869213756138066,-1.14542361988714,-0.547077136031247,-0.144556323274943,-1.03336672778538,-0.455798014944833,-0.550342407877596,0.136986399358887,-0.958499969215245,0.11066989924279,-0.454919749583256,-0.589919730133258,-1.02387280409903,-0.183931950825332,0.162733516273412,0.15655005309376,-1.00768621360958,-1.18186679019641,0.331100592811796,-0.618221746130029,0.193576073671051,0.208104242238558,-0.549620537767408,-1.67766812244204,1.85573789683227,-2.59956856575948,0.406091880042215,-0.350418850757,-1.63587238081494,-0.728537058626303
"s__muciniphila",-0.174728034554408,-0.178147425961784,-0.191807052211817,0.338456578901496,-0.519287239325114,-0.500703079791405,-0.798888332803095,1.28359757509775,-1.12873925208521,0.0476036824971561,-0.0889373665717718,0.404571781801387,-0.289856971566423,-0.117408285808668,-0.155037965894618,-0.802030919670445,-1.02128134596292,-0.780649375065257,-1.08901600156567,-1.65708115999627,0.215570372304981,0.41819375024609,0.123724323086657,-1.57343664423289,0.14966399117569,-0.401561435645609,0.185004225119973,0.223117391445301,0.615583525694311,0.45705960174187,3.64320288673003,0.221750663612074,0.443274387483018,0.011654407982647,-0.561955346136544,-1.39964221062737,0.90588698843327,-0.667171398651848,-0.952271166327874,-0.4961111818694,0.0268946177929711,0.332706939234819,-0.568549869768412,-0.0734468172653666,0.454140147989842,-0.439642730736595,-0.131738680628939,-0.884452766484751,-0.0200814857340833,-0.0673951698133957,-1.80788046842474,-0.617374318619313,-0.17430174988305,0.888833399502703,-0.240882719240483,-0.219669824784683,-0.277877245250135,1.47570286814987,0.0167767794756517,0.496348141412711,0.637849267609866,-0.549972700660941,-0.610277472567563,0.0170612535935354,-0.622271609601102,-0.304653112293546,-0.0648915879333031,0.290393817051113,-0.612742070626967,-1.30908941901327,0.00975786506413743,2.27130756348239,0.214900869878792,-0.262728081555362,0.367482962331789,-0.603507338810112,1.61954099156681,0.309608820400643,-0.908193029365857,0.494239909969124,-0.775068653985229,0.531398602927778,0.053707089608709,0.941084127508925,-1.76914273186304,-1.01960544804716,-1.6277043431692,0.39985840839308,-0.480886468839191,-0.0727404762960928,-0.202144269585085,-0.589191821801412,-0.70260153168366,-1.03807757808789,-0.617536621497883,0.139520322658767,0.48995065032595,0.457279984094727,0.103103928223983,0.11679927055828,0.691928119506027,1.07173092366539,0.0706682848307672,0.960473543147696,0.830022462240696,-0.135679568012962,0.669269978441389,0.381461139300918,0.488117445073046,-0.0617859565827515,0.988544612311685,-0.205419305989867,-0.0669977735505608,0.0386287583778829,1.3340906480684,0.321016356137438,-0.0404079480337174,-0.0893019871632387,0.492330852387115,0.708334940832499,-0.24864264229378,0.799813248720447,-0.195201615872285,-0.152490590983991,0.172202034810011,1.63674275943111,-2.0637545212831,2.62998921495848,-0.377069033602241,0.344955591260177,1.24740731128251,0.726927392668347
"s__gnavus",0.00694210433299586,0.198786280319985,-0.021033521600502,-0.0120782801862197,-0.357692537155157,-0.358980039025778,-0.300174961388355,0.458144177608012,-0.306847216842703,0.0134193626798337,-0.0691024518831623,-0.0351620316829783,0.0290494381037285,0.109326999669276,-0.358628550681908,-0.657767648104424,-0.207819383428969,-0.0757404887386664,-0.368657639121026,-0.752661369634991,0.0260344905062056,0.23097020153643,0.105401909873668,-0.808462333854917,0.176286497694125,-0.0725195665464731,0.0654283691199335,0.221017923313221,0.251921097582057,0.211032142807451,1.3413447454245,0.0323643269755021,0.156942714426156,0.408175455369469,-0.0661292846122354,-0.538166333812414,0.408034771976923,-0.39290717086055,-0.396807489886811,-0.116165133691427,0.185160120520559,0.175619636659505,-0.111903773655313,0.0921784930765876,0.342426880628299,-0.0604655436227097,0.118305054629474,-0.184064236059965,0.177653879760523,-0.441017436296233,-0.478769600179434,-0.362015242748563,-0.257809435357552,0.195437321362633,-0.375517633053343,0.0364325189721169,0.0967143279144204,0.774202309004493,0.0404526949073101,0.113594752080188,0.42179942170472,-0.0570301984141241,-0.292956887384268,-0.0262568478424487,-0.295683122157725,-0.135791741675515,0.116599658721335,0.239710006162207,-0.253660081885624,-0.390233514894026,0.0318586439960274,0.720049481789704,0.187705302924738,0.125444665006059,0.22010762391322,-0.0471835435627613,0.510101475215816,0.151968712044135,-0.264059121060945,0.367469050241467,-0.405242548862771,0.182207332540997,0.066503375843402,0.275704319390028,-0.488684556327623,-0.351204520096912,-0.692414238753549,0.189863445016205,-0.348883356438115,0.0525342763641238,-0.159575054489479,-0.196064483783936,-0.546118216240324,-0.333044202135757,-0.383788785720389,0.140126746065468,0.440827610821747,0.0386972251482464,0.177046174003984,-0.0163583314213244,-0.133023275151949,0.294567936462647,-0.0560254094945718,0.227594392012347,0.359531781428592,-0.278754619841623,0.0785654116097341,0.0707229167436029,0.164280571704446,-0.0266727893913224,0.343847572634809,-0.193747058035088,-0.349811623862038,-0.336647419819546,0.739850428717716,0.289627577701867,0.0560801233596413,-0.0443147721978752,-0.134880276974163,0.0118964906316242,-0.0551415514327915,0.408279636129154,-0.120628865444929,0.0656390818489458,0.00714025689030001,0.669165404907011,-0.806905012680863,1.09828361121086,-0.176964082506679,0.18261064834693,0.209988575898353,0.21001847970605
"s__longum",-0.199026913343389,-0.212693803769926,-0.139329718062687,0.585236415469425,-0.528406419036417,0.175657983363101,-0.641459839018519,0.96430866555351,-1.03177545279626,0.178597281130418,-0.249166024066244,0.282977210646503,-0.0552011778324083,-0.0558775038775552,0.264604340716704,-0.127511850213463,-0.719448736206137,-0.615497088343996,-0.977125918971162,-1.2559270906254,0.245682452115614,0.399101935594105,0.194615138797331,-1.35402688981213,0.128694220407332,-0.444522557455689,0.103513388157406,-0.0416948856436447,0.402756178361627,0.314338434574218,2.61613230742325,0.143390066129003,0.27854396080175,-0.403805530720724,-0.583450198494804,-1.21460120772348,0.740408816215094,-0.474101459018099,-0.819752595253341,-0.46685689337521,-0.0978170080690602,0.213093680555162,-0.448344235244585,-0.0496958860232326,0.256778451425183,-0.318814946241286,-0.210587051967201,-0.796257109188972,-0.156972056854627,-0.177710175537157,-1.5214444249643,-0.463803192555826,0.219734680403219,1.00902695902058,-0.286904390710133,-0.208717491047235,-0.602441860946398,0.654074960751712,-0.142020403384239,0.558464735895983,0.325191761231738,-0.477039234120219,-0.551363014492349,-0.0292839968731936,-0.395286926777972,-0.0531613431077078,-0.253129078384164,0.158582931478691,-0.192952393207216,-1.00736690984609,-0.145906866034581,1.63525480076762,0.0955046692003127,-0.212929493692456,0.150414785160286,-0.636262975523699,1.06505848528151,0.326572746792484,-0.821694944713487,0.278409559915652,-0.735445360290276,0.0882299408920088,-0.0491967986017361,0.737572459424084,-1.44558376177575,-0.828808710886311,-1.30748433029426,0.446772481280621,-0.00887381104889279,-0.156578431096322,-0.123397484231212,-0.442497467231815,-0.0568560491023227,-0.970407918018671,-0.0606298398043625,0.0558281723473951,0.0913201059781211,0.410202893823214,-0.061694956505349,-0.0837004762044255,1.07207134940907,0.730671102797609,-0.0296621680113976,0.824481303281324,0.158195760912332,0.0924015057054803,0.877439529221932,0.303327524830576,0.427401322685771,-0.178341009916227,0.609882597879927,-0.132973700151352,0.433046347034182,0.523885913124009,0.715820116014492,0.209675006344144,-0.147400989910513,-0.19352107673426,0.822774212124411,0.988420640423336,-0.268386954990237,0.390745561540604,-0.196657779590823,-0.0436241200815327,0.700015796795633,1.29701334829964,-1.13780599537064,1.94760235614655,-0.362470849819108,0.322105510445704,1.21587892706134,0.43366341367584
"s__formicilis",-0.0279316839381148,0.0695660463155988,0.0121876546539506,0.202676509762976,-0.244068392305774,0.264056842954967,-0.111226462710026,0.116340147080533,-0.185618189595323,0.108074738228988,-0.163546841982474,-0.0774518925379131,0.166812260650499,0.0963350450745861,0.101454499202972,0.0748855751177725,0.0288617541857127,0.0191755262801744,-0.205385692162224,-0.246890973623017,0.0535597013792074,0.145637119555727,0.120095268986591,-0.405468638671874,0.0930723099254933,-0.103243209276031,-0.00981856186914595,-0.0570631092052236,0.0292892398223405,0.0462423296045439,0.263281434867529,-0.0227653308228753,-0.000837048099802191,-0.0824405979079579,-0.0964754157489679,-0.268788053856258,0.172925414510994,-0.125398169301236,-0.194807951077888,-0.0812051653946286,0.0114917969508424,0.0341071040957641,-0.017250075869352,0.0624162415791301,0.0777252347526156,0.0216085360831897,-0.00376687653813266,-0.105445333403155,-0.00534379692456691,-0.329144441458317,-0.193267308467072,-0.13374821529144,0.136350139463435,0.26627837267522,-0.25924839348218,0.0108159118789981,-0.20900172054533,-0.0667824499126228,-0.0940004151215946,0.14744187396912,0.050440899755439,-0.0206424721587423,-0.165327376426346,-0.0473787199403215,-0.0433691666847086,0.0875855119388657,-0.080405659403465,0.0569423677859176,0.123165931858466,-0.0940561654751308,-0.0969540289971551,0.103484713960327,0.0316281340553169,0.0850592965167386,-0.0108565540337635,-0.0976781138318283,-0.00275604630108828,0.120390019681617,-0.152500662038249,0.0809649713802444,-0.254244358399445,-0.18611405628702,-0.0354162718833306,0.0748762061440785,-0.16818466445009,-0.131931608827656,-0.271397429680853,0.170474704465495,0.1199102493935,-0.038932474897205,-0.0452631131477724,-0.0454865836853288,0.122730451915879,-0.214547805291647,0.152817164252712,0.0259913700439343,-0.0143901092965523,0.0224138750317811,-0.016634192415834,-0.148189009242032,0.262803910040733,-0.00628554793135878,-0.0994629805684506,0.0999588433820696,-0.234465777471152,0.00505484439703215,0.249925314199748,0.0110436417375854,0.0837114848691077,-0.105782752646462,-0.013605745587799,-0.0689505817230335,0.172739626564613,0.17734143360444,0.0537201367445426,0.101916943467992,-0.0515778706258016,-0.10850696705113,0.209280929155472,0.269619852469808,-0.0644743109195965,-0.0155893532330262,-0.0826924615770011,0.10461741741137,0.408150535378678,0.244901794621496,0.0797327019299241,0.305142268227562,-0.116067199357808,0.11053152057583,0.190205391256244,-0.044490489235332
"s__dispar",0.0297264753435622,0.0376481994953776,-0.0662519171147474,-0.30898806495425,0.018716397641399,-0.843971104989917,-0.193485314510465,0.395008535811102,-0.118487902425685,-0.165040029814375,0.203117453100313,0.15552731277615,-0.297230617673602,-0.0807310153427876,-0.519514536944226,-0.835092239081801,-0.37849486360626,-0.20894258694615,-0.13552187535709,-0.491879835771768,-0.0377379905122508,0.0196779815519883,-0.0914747400770615,-0.261355560954303,0.0224141802301486,0.0543914111331338,0.101595375810603,0.328459105718819,0.263751063706762,0.175953123664385,1.27218066167611,0.0986534672201598,0.205001350165294,0.512411967279871,0.0265846107692203,-0.224414964202894,0.201242045127946,-0.235435788425204,-0.160227301188858,-0.0357417304538695,0.152284790036842,0.147301414139377,-0.150610802972541,-0.0325643972409439,0.241316825488852,-0.152224315094787,0.0956720233286245,-0.109680082430412,0.167625919268867,0.149998127350758,-0.355158956573149,-0.186325772606563,-0.489968275158608,-0.15289026025036,0.0667061668611192,-0.0155805269917066,0.404938881515334,1.01985607342181,0.198891701551334,-0.0791965773326372,0.385095705525944,-0.0924583106107174,-0.0689433989947832,0.0590788578461575,-0.280464255102423,-0.31421435221102,0.233660326529399,0.160831874131427,-0.524192178484666,-0.374754111535145,0.195144075311583,0.790767334253748,0.146258295925421,-0.0669450788640674,0.268948953932554,0.0401067904283101,0.690999214545799,-0.0240818733872926,-0.105565989446365,0.26407052532399,-0.0423968604424783,0.555151427702194,0.128009906590735,0.25267378299461,-0.401477580203175,-0.235021385214872,-0.39145526014805,-0.0624092925364777,-0.586948336217051,0.103882811872674,-0.0957723718212934,-0.181854131520831,-0.801378381424834,-0.0805866358733432,-0.693429308044758,0.102257035255012,0.492241005964405,0.0600282058602944,0.203247102786828,0.253239422260272,-0.472347555907787,0.425820482942269,0.128006586881886,0.169009063702064,0.839527767257579,-0.280393581139211,-0.261451536422158,0.0979952821126001,0.0740659503130759,0.147154510348287,0.471551418499895,-0.0869699153394151,-0.62060022256558,-0.601918922870264,0.764235462510704,0.133894932372312,0.133061167742202,0.131977229666974,-0.41051851571574,-0.35009376435337,0.0253130669083623,0.507422648884548,0.00419598527683396,-0.139316906636661,-0.663859335193354,0.416647694569617,-1.15259760465197,0.840693475752381,-0.0152595643093645,0.0253752480701872,0.0390927820964502,0.366510412052933
"s__ovatus",-0.0369812633106181,0.0141199986744803,-0.0951787838423816,-0.0484355928018049,-0.238593216498467,-0.646481480005078,-0.41049716085535,0.693766175838867,-0.476251257944233,-0.0612358876734908,0.052911591697114,0.188277038410761,-0.222912721611721,-0.0467097866696105,-0.38620143413756,-0.808868710944471,-0.543255463047684,-0.355815365813386,-0.487943754984624,-0.927601897966849,0.0538352380297227,0.194403143758699,0.0202542957818727,-0.805893498774688,0.100529245458551,-0.113955755333548,0.121232056547244,0.280653585570232,0.376423712573288,0.276011412576638,2.05177425950297,0.122630675917078,0.272115320720288,0.351818528425974,-0.174287158939379,-0.667401639917393,0.473828922582495,-0.414028140351167,-0.465416370908019,-0.196787492734665,0.12775150774015,0.21566712815534,-0.272691682077691,-0.0146340945101023,0.339544052075008,-0.221424322945604,0.0356993658471008,-0.367036870664847,0.118967102645295,-0.0597206511040659,-0.838812806058705,-0.367625625340785,-0.352483756463536,0.245468659326828,-0.135701600456576,-0.0648743925381701,0.134085068958651,1.13092790517503,0.110541974701524,0.14116011686391,0.484101793869464,-0.225379175095276,-0.291849810346963,0.0268522627605796,-0.397484014748431,-0.277071793083065,0.121625872796404,0.225470980196262,-0.50074286210104,-0.674679735025601,0.10445356483134,1.24874268926068,0.182500261730937,-0.0800987592287502,0.295685130056919,-0.175632720477248,0.950469283887479,0.120618377646753,-0.392421438070383,0.368908964802841,-0.357386510494878,0.472906426577867,0.0943520355832624,0.475786420213754,-0.851753044210244,-0.510160782694869,-0.855414515077605,0.139169168774654,-0.514824744134807,0.040943431742372,-0.147363437465163,-0.315121750474657,-0.734444031629555,-0.437215369003311,-0.616046751946824,0.126584134414045,0.495380407928781,0.177126786208491,0.173218791656158,0.152578308933133,-0.0500021268204728,0.603076661204659,0.0686156719262634,0.429468359319242,0.744325079104489,-0.245674496933459,0.0974601262775034,0.180397604623868,0.224844991601415,0.0450302148659569,0.612180555591496,-0.152751333016672,-0.405706903170383,-0.361421347480653,0.956908395980748,0.23443123557102,0.0656139579733357,0.0249736925623653,-0.0813637687451731,0.0500458701113999,-0.0771469761512253,0.588384460493135,-0.087563169804455,-0.0964146682315181,-0.263963605389564,0.864362237369886,-1.38101455598563,1.47670229009667,-0.166210739486631,0.16274355422843,0.449789995965007,0.448836441456601
"s__aerofaciens",-0.0707276460973159,-0.0389845762019652,0.00323392839046742,0.357941682191335,-0.227175170365264,0.534629104093294,-0.102778029032739,0.0863108454555059,-0.256950214931124,0.160174884032216,-0.215986502994757,-0.0370898394910472,0.190445867007873,0.0624654931983938,0.34107058837412,0.385715082050059,0.0200274707577822,-0.0380781461110664,-0.244283942672015,-0.160552911932554,0.0953345268427824,0.14066588991397,0.13466361949833,-0.352344452853553,0.0561750491104838,-0.168585398455068,-0.0268848339336902,-0.183836767888459,-0.0171845194435339,0.00963749163653303,0.120873643877553,-0.021438501856908,-0.0306567610500723,-0.362415537234685,-0.185151277130058,-0.283152704101581,0.14644475078147,-0.0503695691937606,-0.192355483448673,-0.123414923791187,-0.088349402731785,-0.0053122143707489,-0.0408158903212559,0.0282419099020994,-0.0213807436731377,0.00520586196176358,-0.0942865802848049,-0.174927581190983,-0.115749475218891,-0.240449198931934,-0.263779456948807,-0.0739667556994319,0.330868476925735,0.408884756096009,-0.19956835126938,-0.0367249679916018,-0.408714516948446,-0.3462224886875,-0.161791664920261,0.223826774954607,-0.0827528502264151,-0.0756312839936422,-0.160866653769448,-0.0527738112549184,0.0210573859585463,0.167427112305503,-0.19812382830822,-0.0151157695781574,0.246160681200231,-0.0967922034845176,-0.162126923059596,0.0534429476055319,-0.032963692401447,0.015376507016169,-0.0937289445569154,-0.204064922092664,-0.0741751478724586,0.13413689010553,-0.201309268576124,-0.025609597460574,-0.250792405611741,-0.309528941749028,-0.0844653379673634,0.083270510901429,-0.21495881828326,-0.13505081962555,-0.228513350151896,0.199393832447038,0.316352424341151,-0.0995125883295353,-0.00217747644075649,-0.0362077348798028,0.405385988819755,-0.271718381226306,0.366574708866268,-0.0240400961818009,-0.211861383701078,0.0758707904806081,-0.114659277451266,-0.194845408788872,0.569555389052649,-0.0303574298130685,-0.105280779643038,0.151884237119348,-0.443784792205122,0.152787608193958,0.422153198921841,0.0291668943160404,0.0976017838792232,-0.150951945223559,-0.082256836780303,-0.0178200459578796,0.454825347611712,0.468996355950362,-0.166296291732533,0.0269037886819243,-0.115865175003816,-0.148527478224429,0.462278362496574,0.496492754687331,-0.0991572051565105,-0.150203699196637,-0.0800492443410402,0.0956181871446396,0.62953873635478,0.203986738922967,0.300928426234797,0.18226494221694,-0.122553568401039,0.106373388052857,0.33793110385182,-0.0866663126875348
"s__helveticus",-0.0832283636359578,-0.186130459305811,-0.0819424453686147,0.145795748599037,-0.0507193846479997,-0.0918173936396753,-0.223706401249652,0.377168135082727,-0.369228914610002,0.00537906388484915,0.00715851697476899,0.215950614398637,-0.167625681047227,-0.117335643420958,0.0877641885161684,-0.0729669426840137,-0.386972643581184,-0.335188981794842,-0.318954632137437,-0.400331246327883,0.0842655675981182,0.0731620841973693,-0.00370695845825915,-0.318342503047394,-0.0225874557054798,-0.14515419492035,0.0572919780260042,0.00574176611773948,0.168139548411076,0.110954347630482,1.05758173777839,0.0917550504606572,0.134934194258953,-0.181166013041543,-0.224784579130704,-0.378728004526235,0.216715105608847,-0.115689091152176,-0.241851649919513,-0.17125283768894,-0.0768157496242602,0.0702175131517011,-0.213926243580426,-0.0849720099121146,0.0437112336687555,-0.181341496926066,-0.118453803479902,-0.320209579315925,-0.0937901042746221,0.211377994048417,-0.607792255829715,-0.10604132798486,0.0270446467914038,0.300866027327927,0.0910552785980421,-0.122428342509806,-0.156905702070929,0.335388436656702,-0.0020301231452567,0.166008227265659,0.0954690037738127,-0.230995766011891,-0.132514439437521,0.0253195849170029,-0.149011753726553,-0.0880523583095784,-0.0783861703959118,0.0173241128823661,-0.181118634977392,-0.42386996511518,-0.000955172679042569,0.72083967902836,0.00894187942436814,-0.192682808603667,0.0699047316221954,-0.253374900448359,0.523186116405568,0.0620014645388512,-0.288575271816881,0.0504105590496982,-0.148055053977631,0.182993565718713,-0.00281348195696466,0.306297135579299,-0.587219042743286,-0.301739971695345,-0.412756582684631,0.0816416762197588,-0.0729314393583937,-0.0556362371599211,-0.0149797598408019,-0.180707347899206,-0.0839726001175609,-0.310940206517968,-0.12420737327622,-0.00345628741486137,0.0228352262454772,0.19570542591652,-0.0340799562129453,0.0778154827198649,0.364843222641388,0.367187381416241,0.0700788684422624,0.335949225252937,0.244463675679482,0.0683733404079536,0.254381102693109,0.145664113246229,0.144248800059883,-0.0059910649331287,0.305019238591366,0.00213967249550481,0.118134153068209,0.161379686137024,0.272792894602459,0.00351356001329144,-0.0407707514085309,-0.0103194443694284,0.276590198431777,0.302740922067387,-0.0849355254552626,0.185136975183575,-0.0265678174804174,-0.113903666239515,0.0375157688234391,0.430767440654832,-0.599358991161738,0.689960572561527,-0.0824232404320189,0.0650798845025693,0.471176272440318,0.248172625046424
"s__parainfluenzae",0.120025197211021,0.0946350728680291,0.0202100461492507,-0.530197489249573,0.346210147797649,-0.683369632261418,0.222119898743196,-0.252761783841159,0.474797664383729,-0.221288676042252,0.297303400791262,-0.00884389482154556,-0.214222431320386,-0.0583806493372274,-0.470045772407959,-0.467485492605622,0.0953676664587468,0.152196127063795,0.446796843329668,0.378306493333642,-0.155912104609397,-0.22685054504081,-0.189270408027952,0.62039232274896,-0.0807873866170669,0.276175928630592,0.0165257723958688,0.236573906796035,-0.0394152859547558,-0.0573392370185115,-0.546503016197495,0.00120404517941245,-0.00589653350938539,0.522944577172996,0.321168003407184,0.527029396748611,-0.286206060320955,0.125144417870859,0.355474399725243,0.224461411343476,0.131727360489515,-0.023179812105223,0.123474528082386,-0.0198173039705818,-0.00353053143264509,0.0482168684203047,0.15568636257458,0.341410660770578,0.174472002506319,0.294493549108386,0.562398693554877,0.152818544267562,-0.444743232381499,-0.656382955812937,0.26906760823068,0.0829837297604232,0.597761026673645,0.331711847927709,0.219351988528985,-0.360075205862288,0.0608926475163215,0.172688005960362,0.275074803412939,0.0664712391096529,0.031254587616647,-0.195700326865603,0.286298074995867,0.00152007860250846,-0.269787590309426,0.27639497238399,0.220012580145231,-0.321423022713193,0.0313907703045503,0.0265378901280687,0.0951396826518668,0.354059831768591,-0.0781263908845891,-0.210060746543752,0.373184976041937,-0.0011449310197164,0.409089319071797,0.360109266939079,0.112327530670335,-0.21757356957331,0.490377077030272,0.291528831254663,0.471185501960164,-0.307116483266745,-0.390973703052532,0.148799209561474,0.016703941864478,0.112680348344089,-0.497848280913928,0.479902932433853,-0.442926604907765,0.0255487513244486,0.256984962047119,-0.161858232324566,0.155977496611946,0.245115060584789,-0.874821015543463,-0.0807388026173909,0.127237978653723,-0.316980771522892,0.515590474772537,-0.211860883127251,-0.654332049171536,-0.0856302537596849,-0.184318544767003,0.209640657032078,0.00503017464008707,0.0352258878965786,-0.63473757621134,-0.667230589110778,0.105651621889407,-0.0549361289584557,0.166700777456435,0.208606675824746,-0.702877739364723,-0.765805960812596,0.163053039236738,0.128309011631074,0.124154525967837,-0.102091888872051,-0.871707273747788,-0.441420519135315,-0.192525372409698,-0.511114636302822,0.201534974641859,-0.174801695520064,-0.608854906186246,0.0352082492395553
"s__uniformis",-0.0360579890188478,-0.0225732447202512,-0.0405481659915693,0.0729183913668028,-0.134515720362959,-0.120566091879868,-0.18569056581061,0.29556157534724,-0.255456662397879,0.0128183096814764,-0.0259841894669935,0.0794176621728313,-0.0544165303554704,-0.0152447499086382,-0.0527117872142027,-0.205392463178377,-0.222732093475737,-0.16501239197811,-0.25162338710608,-0.39377944593809,0.0470757505165876,0.103666469623292,0.034580316562333,-0.383318008399049,0.0438913896902718,-0.0892931647263582,0.0420264728016422,0.058834730383496,0.143264891314554,0.108392694423977,0.840154312792601,0.0472169430361854,0.101163395368048,0.02676003347205,-0.121740807521667,-0.327594463782073,0.215814016411601,-0.164794057318426,-0.225078621540068,-0.111080248492554,0.0175658517855732,0.0803137473806405,-0.124423339882776,-0.00797706739471075,0.116800543454942,-0.0938491089483051,-0.0196312528544778,-0.195772409178716,0.00708672405883418,-0.0485882203539545,-0.406260225699273,-0.15274999005588,-0.049546240530918,0.200629863356072,-0.0786927406561648,-0.0426435534599325,-0.0551899365722967,0.351543110069359,0.00414079396496324,0.112295956542969,0.159098584961729,-0.117172482953855,-0.147522600014737,0.000883604904684199,-0.147713058397046,-0.0695595648119553,-0.00753018916141129,0.0761547415598756,-0.139728185632132,-0.296028210584305,0.00208991958788671,0.515157789462591,0.056803146593274,-0.0443342940895087,0.089399225047993,-0.129103982580936,0.365579997043289,0.0757887095306169,-0.206700201272724,0.126709962503983,-0.190362219785303,0.11717735803764,0.0145745569027366,0.212648185590645,-0.398420444836641,-0.234758143896429,-0.384388921772792,0.0977737966366132,-0.118742625459218,-0.0123951969788137,-0.0526600591422161,-0.134601295849387,-0.176862697459751,-0.239059902197469,-0.148413704730326,0.0381521735830937,0.128588117990319,0.0969737301994048,0.0321588007035118,0.0200039541473392,0.139121353734998,0.239092332608595,0.00896580944077061,0.214073515976467,0.188932576099646,-0.0455752752002937,0.147689888277229,0.0831918034720739,0.112553527640622,-0.0165342146516146,0.224976242601271,-0.0559879209312789,-0.0326087609637413,-0.00995112325407253,0.322646642620106,0.0865390368960529,-0.00577284897838323,-0.0233732368006369,0.0968730045053084,0.151870921328657,-0.0559530245996782,0.190224006397308,-0.0495014338300713,-0.0250792202160618,0.0440754083408765,0.384233658454581,-0.474322242399686,0.617096317025007,-0.0911708935334479,0.0848142900870301,0.273783045367187,0.162013431697854
"s__formicigenerans",-0.0338649574736423,-0.0711811071509921,-0.00248005189236365,0.140466667671244,-0.0118364855914767,0.248671409862163,0.00324398472541027,-0.0260062576357335,-0.0627719485761805,0.0533647197039549,-0.0603470026747893,0.0148103965263513,0.0442093139574386,-0.0114803767155078,0.198623751715395,0.258793869346667,0.0117090389136514,-0.0300031622430624,-0.0411757844050914,0.0571550942012332,0.0358790564254012,0.00941119939847533,0.0251911884206842,0.00967247238573801,-0.0180544053374556,-0.0577643054815729,-0.0169840687480594,-0.107556441862605,-0.0404645571479292,-0.0284167752996956,-0.126310599891035,-0.00516996435423719,-0.0292455518207261,-0.224885493038078,-0.0723932187876492,-0.0263427805708315,-0.0104148375700305,0.0503396128692603,-0.0101585498357262,-0.0358328999570029,-0.0751292260982085,-0.030383088858951,-0.0121188028534155,-0.0168171488265747,-0.071961358290354,-0.00337191233071073,-0.0677462218708289,-0.0542898429365008,-0.0847448825776307,0.0253035376211677,-0.0534122397597742,0.0368782230174837,0.169056474590387,0.1312907684798,0.0148485013621385,-0.031734255565903,-0.176119102417388,-0.243413650607554,-0.0644169896757782,0.0706681504432812,-0.104231380166053,-0.0368336756942533,-0.00964251786374459,-0.0106140335523862,0.0524159759553853,0.0769046461105314,-0.0995868548658948,-0.0516941254849206,0.118977181787532,0.00428457744444159,-0.0627059302396838,-0.0571559681489971,-0.0482469348164575,-0.038237115309961,-0.0700015326309291,-0.0854834467305684,-0.0781459222085701,0.0219360989352535,-0.0443645520796608,-0.0778138513327035,-0.0197758313141551,-0.12643307156422,-0.0429050979862135,0.00278672744409185,-0.0325287773859264,-0.00515591037387227,0.0203113878987327,0.0388354611694885,0.172755704681255,-0.0503623875708103,0.0298392110941103,0.00954021041042814,0.24215817305113,-0.0570712909641973,0.192281383788861,-0.0367877536661092,-0.159755324218552,0.0372269058080302,-0.0785446675543829,-0.0568555676913641,0.259031666498871,-0.0345891222150535,-0.0185749811303261,0.0390657656412099,-0.202707490171085,0.115451707171077,0.154908688574607,0.00982701553857812,0.014647625669261,-0.0475651154208525,-0.0684109667948308,0.0329069076266925,0.239200627027242,0.245601304446598,-0.1801019078011,-0.0484590227671298,-0.0553254887915273,-0.0435971002968112,0.213778554255443,0.198683728136562,-0.0314272603860706,-0.116348153963771,-0.00608676130176338,0.00911121925950961,0.22045532764562,-0.0224314523404055,0.209070003182657,-0.0913378388983273,-0.0148526776996016,0.00645297439495148,0.120024362525154,-0.0485093866863402
"s__distasonis",-0.0905117139979378,-0.170122287146774,-0.100256024167785,0.142544792414584,-0.122454507591355,-0.222751794689537,-0.319653106428835,0.534304042552221,-0.479973977100779,-0.00174461604174298,0.00786872344145284,0.246169924391028,-0.201765472794432,-0.116734376898655,-0.000364145851834485,-0.256573514204476,-0.497735296842249,-0.404314338989191,-0.435962023763247,-0.621205552737565,0.0973143162391387,0.126528153327793,0.00973237005334963,-0.524945694850796,0.00877756265271627,-0.173442285714519,0.0829806839567889,0.0680681706120575,0.252528744507952,0.175094275285656,1.5190068883288,0.115427297356701,0.193827741648471,-0.0959666042797876,-0.26359645470157,-0.540306407517769,0.332336405360438,-0.217969550535554,-0.35597566125329,-0.216553353378225,-0.0424943645947448,0.120877361591541,-0.27094614482428,-0.0805013836231889,0.127947579480717,-0.224809102212063,-0.105319234774106,-0.401419586439155,-0.0620353242897861,0.165171889398506,-0.795178587716329,-0.198302331368937,-0.0480923797417519,0.365390317432939,0.0367625512405486,-0.131963169418487,-0.133315841745067,0.585064929262502,0.0176473414553137,0.203004105976924,0.209926015549268,-0.276318369796496,-0.207923018059989,0.0272923600240151,-0.240188313837937,-0.143948381444422,-0.0519411562335623,0.0741237404600614,-0.283702668430556,-0.572960094232948,0.0170243492817371,0.994451591348731,0.0541068949972837,-0.197664540020617,0.136389904578043,-0.291401125857826,0.726747818577614,0.0965416560678268,-0.380447355271377,0.141564613016717,-0.244645380999886,0.274450155788707,0.0171912016245767,0.411732231201436,-0.776761155055866,-0.419549429685543,-0.617715209006282,0.123302400328366,-0.1835891390989,-0.0463544106424128,-0.0525188128612241,-0.251171207688344,-0.246083493629327,-0.416891048486387,-0.254426011324593,0.0285588136656222,0.138413999179586,0.231172326252494,0.00726570995278491,0.100318632837167,0.356349630745258,0.494561903169593,0.076421326683187,0.430930732420143,0.394351187013298,0.00759048413685886,0.284565550949755,0.183186917981751,0.197507647652117,-0.00252541681469739,0.436624377235962,-0.0390626949164322,0.029146539486519,0.0814254117798439,0.492290468427591,0.0661893850225544,-0.0271464985546047,-0.0116250607367732,0.260548986739687,0.321052700048867,-0.104258461759909,0.315944804444267,-0.0520776736116463,-0.124654566386688,0.00213712561500856,0.63522898048918,-0.89647668641433,1.03318599274413,-0.126626604727753,0.108791489607336,0.571723671706946,0.341204301013095
"s__bromii",-0.0271794593560104,-0.108815694480237,-0.0218051488625893,0.0415475740743711,0.0769703454316928,0.0441312226374146,0.00290051916431633,0.00911779511225995,-0.0392200250513289,-0.00566352359801798,0.0248768503130397,0.0804255628516714,-0.0670334230623775,-0.066922997788024,0.107955083097393,0.127453481264525,-0.0764850991859782,-0.0903960387427641,-0.00789252102777624,0.0574460779981072,0.0187950829598052,-0.0362889330587178,-0.0305487788060491,0.102983270192373,-0.0521036788834294,-0.0254751148233859,0.00343924414403583,-0.0475849020976737,-0.00619458238872886,-0.0156167136077183,0.0147847748695077,0.0227148266115393,0.00655859691349243,-0.15019818641652,-0.0527375653005334,0.0150832155836933,-0.0327797519502515,0.0597294325090219,0.0229652556697481,-0.0244969472102597,-0.0683377614571324,-0.019907634946369,-0.0416742805831488,-0.0512157960388645,-0.0691060015385974,-0.0447911718273458,-0.0654441814749561,-0.0553761653445401,-0.0713573255852043,0.18373370151732,-0.0751315485478525,0.0559259335464184,0.0635685200007056,0.0401990066944944,0.127139042099856,-0.0481510956676828,-0.064642324101669,-0.0709476171181823,-0.00641096463199915,0.0208139451764324,-0.0700121713335077,-0.0598353897265049,0.0325454700827893,0.0161097281192544,0.0231042916968469,0.000100668370717691,-0.049200196667095,-0.052727538572937,-0.00354968653518339,-0.040826174826257,-0.0039415425838736,0.0584622628445081,-0.0422596279932365,-0.0943782492356907,-0.028639914963476,-0.0662755858081266,0.0484181266527914,-0.0204024366002946,-0.0246944610328926,-0.0729419497472804,0.0573133756522355,0.0233285886477318,-0.0150550659968425,0.0306997554226195,-0.0672111103918135,-0.00934735142739403,0.0403462889802664,-0.0249402730674287,0.0534867839080113,-0.028568332723083,0.0342860150106145,-0.0102511518201143,0.0959474080156065,-0.0132909324734873,0.0439311343809298,-0.0348862248103101,-0.0951731854428957,0.0527493202126554,-0.0516485257939429,0.0345717102865148,0.13760918940702,0.0489818262079345,0.0394511742419813,0.0504566356779735,0.00346301033203725,0.0868629911786729,0.0532757801202195,0.0296834443261776,0.00450212859506885,0.00847566059036079,0.0178395124078599,0.048688407365865,0.112817541594562,0.123409075183228,-0.0877019067464886,-0.0705880120740559,-0.0241392293040585,0.0113207210426743,0.111883668539021,0.083574393525239,-0.0117761608403194,-0.0355383821278142,0.022941981928927,-0.0559365912412968,-0.00570163682688718,-0.0281015063037854,-0.00645611378707529,-0.047775428907524,0.0195353412128534,-0.0261920913398522,0.0943320587204383,0.0321332627192999
"s__plebeius",0.105444411685375,0.0341269916184185,0.0688009389432284,-0.353711730261092,0.42552890572613,-0.0945530952855137,0.421585728110122,-0.617750858827249,0.639844499798746,-0.127890381663523,0.194464808300737,-0.103525918540237,-0.0374416565222393,-0.0312292762971132,-0.0818607573838956,0.188184402824611,0.389942435943508,0.311970581917993,0.634207323237286,0.873557852535226,-0.144749772740025,-0.298959236073046,-0.161105633398232,0.989323475807089,-0.135848480705056,0.269956722015408,-0.0623378194502279,-0.0108262599635549,-0.265301196033307,-0.218479315148371,-1.6805142052209,-0.0697392135943416,-0.172191645643703,0.131955351443235,0.334111591940917,0.811443253932794,-0.516236388551123,0.365999855140306,0.560041975801675,0.283322084072031,0.00117009812554413,-0.156574804015169,0.25114100033551,-0.0185558136204549,-0.231524444446407,0.162450065361668,0.0770474161815817,0.468538127570536,0.0376720605997248,0.302619527843944,0.921724367739013,0.356726405184086,-0.0952435574406928,-0.630940212265005,0.316738245324984,0.0899692440956112,0.344797012810421,-0.475473335128705,0.092696082553682,-0.350479804023902,-0.273859100535768,0.253697452233156,0.394569176877144,0.036786037624968,0.276615392544713,0.027010598889691,0.124786527983594,-0.15259345763657,0.110275093506858,0.615438595226101,0.0976024160483508,-1.00197973000131,-0.100972657339584,0.0457958764716518,-0.120604234422979,0.355997084889881,-0.63779843950765,-0.236510556254577,0.515725802781906,-0.249005555734431,0.541315734530452,-0.020765003611233,0.0209909669290885,-0.450381267859985,0.8782123806528,0.53218668495738,0.893369900685182,-0.321399284624343,0.0433042593368392,0.0779679916781109,0.112851206713439,0.277468360381095,0.11129849938571,0.625877609177347,0.0652857723796145,-0.0686345148186421,-0.141380152303568,-0.217381574240892,-0.00489446581976966,0.0960262012170803,-0.584818870728411,-0.4232584278399,0.061868629326064,-0.490488531584957,-0.0791597804995062,0.017339978309153,-0.533940397409,-0.168542543530664,-0.275984136079178,0.130028607915627,-0.372994175267589,0.13361905473469,-0.190984745583575,-0.240058555858948,-0.539475931486999,-0.204674685592132,0.0770376502029113,0.142468062148899,-0.443890135279082,-0.579679094421901,0.166350639599485,-0.279954442964482,0.152668819695974,-0.0300144721824434,-0.485434875222349,-0.873711688063016,0.71520389673341,-1.31185551587572,0.258343066394692,-0.237979952397107,-0.709165425030663,-0.245215682832192
"s__producta",-0.0237344219682206,-0.072937068199496,0.00276808894894427,0.101010784289629,0.0377893426252147,0.229760214013016,0.0456168386499557,-0.0858861823803823,0.00151405083805052,0.0372694453468083,-0.0356313797767915,0.0102324660995386,0.0326439541665764,-0.0194935573669755,0.188837585662033,0.274548613383476,0.043960713122957,-0.00452827500612304,0.023978133849676,0.146523563995155,0.0210119862182846,-0.02405445506953,0.00520171418485758,0.116876952479018,-0.0350075014671933,-0.0297326536917561,-0.0220674162826555,-0.10690120836521,-0.0654729150052775,-0.0501300033441843,-0.287113939439979,-0.0100366730639415,-0.0444541915041404,-0.212155448693049,-0.039389679062082,0.0577005804000957,-0.0643569932928225,0.0893198967833131,0.0484542026310279,-0.00752977546137443,-0.076670041796632,-0.0461326646615996,0.0103048135744687,-0.0219922838362719,-0.0970816603007116,0.00943785477949437,-0.061822969863495,-0.00896209071659857,-0.0823659718381219,0.0693928065299108,0.0357278716254364,0.0753221722635888,0.155842091105094,0.0643861337677039,0.0562673567799363,-0.0249860015771938,-0.137580145550885,-0.284175612250415,-0.0522628965965442,0.0334978522444815,-0.131982234905772,-0.0143452296685563,0.0331229436381871,-0.00504668637806971,0.0793180740430519,0.0755913515510462,-0.0858732569275004,-0.0686149624459831,0.123514544230149,0.0624742566660256,-0.0499469477219576,-0.149917907274339,-0.0593110825152652,-0.0393668444442467,-0.0807795973831367,-0.0507062564260642,-0.13408510967136,-0.00461843453261213,0.00769099152315784,-0.104695693707652,0.0402752552544561,-0.119977379473954,-0.0397823114579763,-0.0400398827664387,0.0517988112449749,0.0477527918659801,0.112199079888725,0.00250481861507419,0.172424661667844,-0.0422378783551255,0.0424073683763475,0.0360438661999971,0.248489260088004,0.00763798205136347,0.192349792960869,-0.0446037029891455,-0.173361906426397,0.0177816966871651,-0.0791480646950533,-0.0414070819510453,0.198036256180521,-0.0712370604177277,-0.00816149548400538,-0.00806942310972592,-0.19973972165945,0.118253219006027,0.097570598787438,-0.00516994035480306,-0.0134460953550104,-0.031329013140062,-0.100792433895045,0.048577863338005,0.216734932279733,0.218743054605554,-0.231978009728131,-0.0722385779952123,-0.0466713666136246,-0.0260877361966683,0.167190616294196,0.136942363619439,-0.0140511040040905,-0.141251848925016,0.0114314459702781,0.00104018666302383,0.159717657064274,-0.111232426107262,0.269349387632383,-0.222104466220073,0.0134503159167435,-0.0199114489133845,0.0502943793466287,-0.0679412059478142
"s__viridiflava",0.000500394037596365,-0.0524983075253915,-0.0184035621484654,-0.0704591547900029,0.0909399615292648,-0.145189077346214,0.0070243721823694,0.0187695629360343,0.0188347153676707,-0.047664916985136,0.0727698582249601,0.065982846090039,-0.0994471151920742,-0.0573829642525386,-0.0448847900709056,-0.0667785702327564,-0.0775584436460503,-0.0610505047882924,0.0331850973490313,0.0270062527890609,-0.010840517616944,-0.0472992488579768,-0.0513745263955444,0.109098096882949,-0.0395762323668188,0.0227170894924775,0.0151537798989604,0.0340850073717277,0.0201820699034809,0.00263725049608208,0.0830148666761906,0.0250294859686104,0.0256982442832882,0.0240526362953629,0.00802906576397485,0.0473149075143684,-0.0323748857221183,0.0263910789205601,0.0389178193689863,0.00740027370225429,-0.010418276228534,0.000886635703019851,-0.0277472659963629,-0.0377943040898331,-0.0172070276552734,-0.0387666590890666,-0.0119426424968926,-0.00604967351384237,-0.00557368970833508,0.165620732181462,-0.0189316385381241,0.0326396362705152,-0.0663281475230375,-0.0692376505698518,0.118291512456364,-0.0218766606249639,0.0745057238135511,0.106027538527661,0.0435977146902452,-0.0382446284730919,0.00549607420915511,-0.0269112525651938,0.0453100354102878,0.024328139006878,-0.0124318873317929,-0.0572815124337787,0.0286437111700005,-0.0151652156721508,-0.0911706602570426,-0.033523383177922,0.0448064002994017,0.0844578641323519,-0.00669663214680133,-0.0629418405404909,0.0226810103390034,0.00495748118245044,0.0961220136470976,-0.0401786029757252,0.0172705480581888,-0.0168383082984816,0.0794811226591122,0.11754562031765,0.0178390548567333,0.0208869494541973,-0.0275574151216843,0.00308416429891393,0.0382689188489263,-0.0586571533394104,-0.0768027076997529,0.0111090495811039,0.0129125449533683,-0.0128483550120368,-0.0863286497014586,0.0397165424102889,-0.100489144726505,-0.00758277965196841,0.0246770412628405,0.0202485223644763,0.00839334283572929,0.0780909682385129,-0.0691577762385256,0.0673053097696822,0.0535585306335343,0.0123313259067291,0.154509422256479,-0.00146155729982034,-0.0726630309099538,0.0190277231726751,-0.0109374296521608,0.0460925520592334,0.0630265848847686,0.0250337691417663,-0.0723375374156798,-0.067549731650819,0.0410312182846677,-0.0359014351744798,0.0191612319044861,0.046090938747613,-0.0581166913507074,-0.0766204347670568,0.0147056472564926,0.0482595513540403,0.0294348999261866,-0.0620849694161278,-0.178910596320718,-0.0243782355885516,-0.15223021375879,0.0012694564512902,0.034348481452394,-0.0342323970722563,-0.00899892119580064,0.064069551481255
"s__mucilaginosa",0.126403846758725,-0.0166236196432127,0.0707899181654224,-0.476596667119301,0.612212239953493,-0.189390055777308,0.539298572811133,-0.770137705550673,0.810950432337341,-0.190585988195894,0.294493411777768,-0.0716801986450919,-0.122176929462611,-0.0905703219495872,-0.0990042891498584,0.236485959940385,0.429406754548493,0.33597050286379,0.820615839188348,1.138812891812,-0.184401059270745,-0.415812131836542,-0.2417229439708,1.34453076068649,-0.209057087177409,0.347982515896218,-0.0695429069208962,-0.00778016783663969,-0.326733294080457,-0.279877148792797,-2.0798515655841,-0.0679930613727818,-0.202017880625128,0.13901398534584,0.413454589434148,1.0596969062333,-0.681914002923435,0.49556436706347,0.738407577070274,0.356571561358319,-0.0234248853126161,-0.203569519739482,0.291181001371058,-0.0590891852800612,-0.322499558015047,0.171652113490605,0.0727280686819196,0.575228270330555,0.0247445467230149,0.528193653348858,1.13706626514297,0.486267276618648,-0.140419760362812,-0.827785055250107,0.503662297902659,0.0883327459171404,0.461139303421717,-0.56288714760808,0.140307363460243,-0.460125437348392,-0.363637553177137,0.289833716463694,0.534873319707525,0.064836104971798,0.350156176284343,0.00200244505101303,0.160649033743222,-0.216708764869418,0.0874641092260118,0.750059710841203,0.147897109069644,-1.20654918258495,-0.14357064279522,-0.00369020053885549,-0.148115823218944,0.435701225104363,-0.74102658211271,-0.328195054109067,0.65674457994639,-0.345524991003199,0.747087219181727,0.0463967823204439,0.0324709441662443,-0.550722421699582,1.07924378717366,0.673898516850026,1.16551425437565,-0.447501474637574,0.0265363005927825,0.09715622682736,0.159912214828469,0.341710261311574,0.119209402132172,0.812230361776772,0.0383996762289904,-0.101013817988724,-0.191869295527855,-0.249516409188232,-0.0158660829082777,0.175380979327205,-0.742124035150795,-0.485087460951074,0.119609979316021,-0.600890881001279,-0.012351529648204,0.0453619542235686,-0.703084687986966,-0.194706804912127,-0.354831065649568,0.193194647138796,-0.432443729971032,0.197085607947992,-0.251476040485441,-0.308048986965561,-0.685323591521693,-0.299401854240521,0.101747206820843,0.209758480146579,-0.564385515153573,-0.754865739306922,0.215922110188792,-0.337668465389215,0.216545712554413,-0.0886183949417118,-0.717875305911057,-1.12935196550696,0.819248731499081,-1.67591019880001,0.35235043751399,-0.328320988557732,-0.877947525451432,-0.265862225842243
"s__fragilis",0.0745841456637638,-0.156448967301904,0.0177936013528102,-0.40027683941679,0.624738182985395,-0.251210164767467,0.423466843023373,-0.565139027005385,0.608098326371377,-0.198097271388626,0.318856765982298,0.077945087549079,-0.248457696653252,-0.182642493830321,-0.0290302597179505,0.223471999478654,0.188652933592143,0.121422543538012,0.656133383908701,0.949578802380298,-0.136391276849875,-0.396552342458122,-0.26204583546691,1.22691490965635,-0.243550683267989,0.268054677138716,-0.035557818740155,-0.0125931028606934,-0.236223500736103,-0.22549725707994,-1.50268549475623,-0.00834771406269993,-0.124249898585026,0.0035263249539996,0.280815203088576,0.873047757670784,-0.583202457139907,0.456991769891215,0.624735004667918,0.260381879739213,-0.0859986765029663,-0.172256415665345,0.161020751609698,-0.125893427489898,-0.3229786756612,0.0557489117292228,-0.0112260072696107,0.388927219619941,-0.0467896946495723,0.724036346537716,0.790939300978651,0.45279696622842,-0.119469020350068,-0.669868164000737,0.610736166073402,0.00557873317330087,0.37288088821039,-0.387668838011275,0.145280431150091,-0.373402871695739,-0.332958339731197,0.14546403724272,0.482848429745723,0.0873710264799831,0.276134732853163,-0.0548268708097228,0.110005943771657,-0.22589664478799,-0.0256876572825043,0.50838937873737,0.154385905347099,-0.793801935631473,-0.152547532927708,-0.144610441303017,-0.115577944272165,0.283430439644411,-0.433348853078744,-0.308835416044193,0.500425933588756,-0.343536464787731,0.700397741241776,0.171176023667063,0.0297908511208042,-0.376340453614847,0.744733308187335,0.512585309512819,0.966730902445378,-0.422487943687382,-0.0101153814672417,0.0614077000552654,0.164483145494486,0.241053964706327,0.0875340229138476,0.65156963266057,-0.0324231242882515,-0.114513584635108,-0.203426891502991,-0.127060566758548,-0.0475540095475163,0.240833745945705,-0.521704376613124,-0.264751055524529,0.177957725695792,-0.406598509100065,0.14570741203502,0.106789269867755,-0.566444355607213,-0.105669377767104,-0.27942680878934,0.200927019333955,-0.254860982157272,0.217141408281178,-0.169048986841488,-0.198819726727067,-0.559889675087199,-0.324918559305672,0.0766106292435355,0.216047827096481,-0.396087393658218,-0.584501453300837,0.170334274475027,-0.241745715481892,0.214665145335959,-0.176493954752965,-0.73234120334763,-0.914928420338445,0.473575310155241,-1.3259454867325,0.320904689701922,-0.307964519956293,-0.603278745539536,-0.113847488359141
"s__palleronii",0.0411503187346878,-0.00860196631713282,0.019359341811791,-0.16588198623165,0.203251591292076,-0.0942880531423509,0.167608184759384,-0.233905510433914,0.257208562350541,-0.0690054788860409,0.105201183547523,-0.0134353563654052,-0.0548473525937545,-0.0356842617721753,-0.0488046576533799,0.0482277856487077,0.120820560210741,0.0967756736971977,0.261018140939576,0.352749686164762,-0.0607085158210953,-0.136023219657603,-0.0837057246871741,0.431098681674002,-0.0693491818061093,0.114308101448307,-0.0183042375146472,0.00886584648541456,-0.0957299349629872,-0.0844997121240275,-0.623696019483756,-0.017081356923605,-0.0570178660766772,0.0596876547763738,0.133276540710121,0.336138665699173,-0.214979328750666,0.15413745186171,0.234609246613462,0.113448461178755,-0.00435073402446263,-0.0610411222505755,0.0867207808034751,-0.0227853849195489,-0.0980124033430004,0.0476401187800288,0.0247291846316772,0.180193605587969,0.0118147564895032,0.185955706058725,0.352014477727186,0.152961573092049,-0.0629970889027403,-0.273769708317386,0.172096480154537,0.0259959537424111,0.163783028247271,-0.144358175514701,0.0535138132856971,-0.152004592637791,-0.105536939056979,0.0878762643732883,0.172566680364949,0.0242131295412487,0.103399657864978,-0.0122288489090306,0.0596926293650602,-0.0661892787189077,0.00679974479462486,0.226824534323944,0.0559363679441049,-0.35747845989953,-0.042541631709097,-0.00805535662404289,-0.0383959145838684,0.140477569870263,-0.210587914635999,-0.10862688708082,0.20821295693886,-0.104735825471872,0.24375993081483,0.0388715694460148,0.0151552355584769,-0.167433715140134,0.331652341329373,0.209152486960229,0.36480807230491,-0.149202543765157,-0.013107606338672,0.0346173884256252,0.0495799781463099,0.103243510273713,0.0100920768344975,0.260308192209596,-0.0140312901283854,-0.0301825210929338,-0.0463685815319163,-0.076400784582453,0.000924408552579966,0.0689353462528554,-0.254764618895122,-0.138188719284132,0.0458721326959561,-0.186322208065015,0.0305586396360258,0.00703967497451929,-0.237090996897065,-0.058020641287047,-0.112181549826987,0.0692430429100357,-0.120546408606202,0.062659382584153,-0.102331976118849,-0.119505998538368,-0.195394166813812,-0.094968931110429,0.0375000346705646,0.0741322470803522,-0.195537139068716,-0.25624905272788,0.0707574279915727,-0.0905727194547616,0.0716062318685344,-0.0369732871496029,-0.260971198326581,-0.351479423208107,0.218930174297909,-0.512725092440836,0.114832848078773,-0.106891952966246,-0.279856145238746,-0.0700478110749009
"s__putredinis",0.00499558779682747,0.0505619819069239,-0.000545743452152567,-0.00738107671572023,-0.0744504929775507,-0.06837523813706,-0.053399449808447,0.0794026302901278,-0.0488134728319116,0.00350501779292108,-0.0161799928818846,-0.0178584404286555,0.0151671304055036,0.0290009094854315,-0.0779171987150807,-0.133225873342316,-0.0254604792356716,-0.000354148244778751,-0.0641723530134775,-0.140931871252853,0.00206154489207423,0.0461273215054124,0.0232124408408003,-0.157703921130588,0.0386216999713752,-0.00942040547792724,0.0109508226371349,0.0453405715278444,0.0451452901530311,0.039371294904567,0.233920510043016,0.00236906118252667,0.0265811072534251,0.0926768632329898,-0.00439860611189111,-0.0973654691346408,0.0767604956170331,-0.0777910793279099,-0.0734653936271361,-0.0171414932641129,0.0422264636584686,0.0337341009591873,-0.0137449783071254,0.0236502896819844,0.0701219108712581,-0.00415815311334343,0.0300439455667906,-0.0247296564274177,0.041286158613507,-0.104525974925674,-0.0738709940921275,-0.0718601996316795,-0.0538119480564082,0.0293987747596587,-0.084763901195997,0.0132747889908898,0.0254868480765302,0.145625291855854,0.00770389235587989,0.0174271244572891,0.0840800419482854,-0.00155023919902701,-0.0565259387108644,-0.00704800640431441,-0.0552696985716091,-0.0235424487239191,0.0271877679858761,0.0497149388445864,-0.0435751289931659,-0.0629119173452233,0.00583619432417491,0.118259755967923,0.0390260620615386,0.0356978720996996,0.0426329355059357,0.000845927297601228,0.0825381253795682,0.0299341349642385,-0.0432723698308622,0.0750688821799028,-0.0800227787123448,0.0280307874725085,0.0136892184202423,0.0442108856143883,-0.0766562100660039,-0.060669923829867,-0.128013644590297,0.0373845210362149,-0.0683980926117718,0.013151781456657,-0.0330028780481011,-0.0330633244886197,-0.109013248982801,-0.0571892706433306,-0.0730528761213329,0.0296166419807502,0.0907892679766152,-0.000650037289021334,0.0383386984271394,-0.00826271302167393,-0.0420644901545064,0.0446565948512141,-0.0157559430337654,0.0330444207707842,0.061793670219457,-0.0612199143615306,0.00699401773023349,0.00821116610761113,0.0284311613416705,-0.00622162334770848,0.0577052978733692,-0.0411198072363896,-0.0768349295276334,-0.0760193498265561,0.142372592789365,0.0611528817429701,0.0131026739184166,-0.00972843861483902,-0.038900556307649,-0.00894388443406306,-0.00819877464792637,0.0765921336555417,-0.0246798888687753,0.0198040682642329,0.00337074971146087,0.122109952755393,-0.140302389618106,0.200341011218871,-0.0341793893488758,0.0360989991312823,0.0240027648205713,0.0321076612414597
"s__ramosum",0.0473285249017452,-0.0942056756039577,0.00609109806493148,-0.265388479802422,0.383924098317691,-0.210981067150886,0.245550852118778,-0.31817057154222,0.363080465742365,-0.132456537957841,0.209079839776043,0.059181201402085,-0.172971533984735,-0.117886605742149,-0.0522350006198878,0.0806300868270021,0.0884871958480151,0.0588874938295443,0.391606442380445,0.54719023425856,-0.0857423748216283,-0.241393585451825,-0.166757943413785,0.73299946680858,-0.147870182635243,0.167279024808791,-0.0147201874889306,0.0143353140108179,-0.126330000897577,-0.125903173346838,-0.830877700936279,0.00191567090700343,-0.0617924197342294,0.0357040639874046,0.172874111700332,0.518319739620025,-0.342963489139899,0.263774408185175,0.371055213842136,0.156413481805607,-0.0428436352073508,-0.0953782693530106,0.0876186275438152,-0.079728482196511,-0.18157034068127,0.0231375548076326,-0.0010012290617874,0.229564502690744,-0.0178607693129054,0.454775683124524,0.458189437365022,0.26454064452106,-0.105958222049242,-0.419448268120639,0.379203339583992,0.00181933615218304,0.254982054860467,-0.167685082540532,0.102370751497599,-0.23341537721251,-0.177809931885344,0.0819065172494022,0.290711074640569,0.0576260456672946,0.149757254239828,-0.0550744788825934,0.0827367791673442,-0.127586456126571,-0.0517188635448332,0.284535634639049,0.107704994555399,-0.430218181186978,-0.0836465098447486,-0.0939939703498526,-0.052483663827903,0.175254219933346,-0.216885063704408,-0.190617600237459,0.298320792590813,-0.192613799376898,0.425755782821673,0.142972662866695,0.0268306666318343,-0.212323580445383,0.426857001362389,0.297031837359479,0.564381143412052,-0.262755984136425,-0.0458929217903532,0.0443509873498966,0.0943201662847181,0.134725872819377,-0.000474527923644736,0.392529807248701,-0.0669386133762583,-0.0633427659222587,-0.0915645048659025,-0.0729619618171756,-0.0156696793147241,0.164941557245316,-0.349773283577213,-0.132043219460888,0.117971576878488,-0.236345004142818,0.14671292320982,0.0469564223467527,-0.363551532358381,-0.0575320505640104,-0.165638281886084,0.132988640720193,-0.123196583427629,0.127262067738275,-0.144693228758739,-0.161490704379972,-0.290664839554166,-0.190145560170058,0.0556929642435142,0.141218648100792,-0.269036868957379,-0.380344058631322,0.105709571102022,-0.113296081333156,0.131728131202311,-0.118031601038396,-0.49319866988999,-0.530860539582879,0.210238077706338,-0.753157994289467,0.19528386078823,-0.18675312293008,-0.364988943212079,-0.0440722107015176
"s__biforme",-0.0059488690271873,-0.0242881123873573,-0.0623768844652291,-0.13922012469648,-0.0147477742192434,-0.52886991741223,-0.185334254984825,0.351022412101364,-0.182922753536474,-0.0941868971649256,0.118138135562749,0.150406809617245,-0.219502504549745,-0.0766646160383021,-0.289203814883281,-0.527850782964383,-0.336235126369152,-0.218678913292893,-0.180618484639367,-0.423318136126131,0.00262042672210121,0.0394265569665874,-0.0509856276716944,-0.267680889651154,0.0122703646674684,-0.0115741479287905,0.0774151570447518,0.199942058724202,0.20905334641508,0.14048271709443,1.08192526467939,0.0843775326281,0.162453810730576,0.260283329484878,-0.0500364242309799,-0.25463440425246,0.191298687472944,-0.1822305041041,-0.174145623047714,-0.0728210084868711,0.0728957711867637,0.11117732951758,-0.151633777395786,-0.0400211826840051,0.163746686788649,-0.141748995678604,0.0260530616509053,-0.160069194497629,0.0768040479393762,0.133030797140073,-0.393537699816251,-0.149924202383403,-0.285930788281914,0.00203376159233069,0.0526424108675526,-0.0424643792387015,0.194656231936463,0.713204454903805,0.116556934828521,0.00431218982501919,0.26461275090704,-0.120838851913215,-0.0868336035636887,0.0407231684534169,-0.214778348961844,-0.212167995362512,0.117677752977818,0.106165654302179,-0.364468434284419,-0.3502495125711,0.114404956290562,0.686809894463877,0.0936634387691944,-0.089383688524191,0.183354727958666,-0.0496266565284949,0.566273749670344,0.00828464133033979,-0.151282770379467,0.17968400170659,-0.079315441899027,0.380765148938662,0.0758755291325445,0.242337407103143,-0.415026069290062,-0.233162953229017,-0.36642047406156,-0.00729686139082868,-0.373514294030131,0.0464751674308711,-0.0650690927889776,-0.163126759035382,-0.507779791972581,-0.145230386352587,-0.451110113819972,0.0630278077424244,0.307130096823257,0.0914108601278948,0.114380574890123,0.168940799718086,-0.176399126494836,0.360967918692249,0.0925567087877106,0.200447179524068,0.569369702389025,-0.152863602283049,-0.0780202047302756,0.10042097420921,0.0890493303358704,0.0831764069095074,0.371625459752829,-0.0561948064802449,-0.339234059282868,-0.315733487245892,0.545563657302806,0.0881614143077464,0.0677773529938508,0.0725556511587383,-0.165346050567042,-0.118119422647665,-0.0109692105651544,0.36073588091299,-0.00887613788985907,-0.111205349562324,-0.375863047515808,0.385439125011358,-0.866039812606232,0.71916701443279,-0.037754148363833,0.0389316020499259,0.162372821639114,0.29016076506568
"s__obeum",-0.000281551017504177,-0.0526900769898617,-0.0331542710379899,-0.104431537395005,0.0796379102238569,-0.277721790155228,-0.0422976222026046,0.109945174571557,-0.0292542774557203,-0.0696372365457958,0.0990677253860951,0.0995024317561421,-0.149695518625155,-0.0723572080764722,-0.12180753626828,-0.205944389344873,-0.159516040177386,-0.112540199793595,-0.0160412215218405,-0.0877869408115366,-0.0101035258365556,-0.0331644742301457,-0.0610085524349274,0.0293422085382739,-0.0325582971840015,0.0191531211127283,0.0346000471435296,0.0862842047848677,0.0743242886886295,0.0399774914941213,0.363021999535618,0.0451783174560619,0.0668683904710578,0.0957897788770186,-0.00402889479842619,-0.0228986010716457,0.0208382939008864,-0.0249030864069525,-0.00984891409474818,-0.0114723092676593,0.0114234508906548,0.0307310205837165,-0.0648993988263109,-0.0446832757132379,0.0289807990806665,-0.0726012726435018,-0.00244615645651364,-0.0462338780547162,0.017116120255715,0.18586817757378,-0.119325312742401,-0.0103782613564167,-0.139854140871227,-0.0660142474008152,0.121709111675897,-0.0303958210498573,0.123551082972989,0.290141042394292,0.0720552521978629,-0.0355821500913432,0.0770159341473685,-0.0554512961823399,0.0189061654990723,0.0332101142161403,-0.0690246960508692,-0.109977051330257,0.0595183058379865,0.0152433347398946,-0.181987423009432,-0.122716677089915,0.0725549634099578,0.258952905995546,0.0196278754788264,-0.0801333628453988,0.070582637470318,-0.00641449074470933,0.238497896173774,-0.0351264133848765,-0.0228275357449927,0.0336435542317178,0.0523964149723199,0.210582454853479,0.0372824685221737,0.0826560058512282,-0.133366228961766,-0.0582537404268297,-0.0616511989024342,-0.0565367146947996,-0.172518662306449,0.0235875742661079,-0.00598718737576222,-0.0548074371334763,-0.218163111992756,-0.000389516134919707,-0.215036290253554,0.0104974601246625,0.107076766075943,0.041620159763268,0.039610432440242,0.117187302758243,-0.115877381354656,0.157180419101248,0.0737582984254953,0.0629504538351249,0.29576591582767,-0.0442639449066146,-0.0907349809891152,0.0435330493178958,0.0130092468709228,0.0651674835337816,0.156883218311671,0.00736016262950309,-0.16104729889477,-0.150652711418,0.185121527887526,-0.00853727701310809,0.0366682750406473,0.0622819248907164,-0.101773714391228,-0.105944416916329,0.0113411403407725,0.141674749365488,0.0247545898678026,-0.0862263120407799,-0.267734697057244,0.0794064737574147,-0.371705422907337,0.192147806560452,0.021883932427615,-0.0212647536767508,0.0314715923210684,0.135971505374617
"s__D168",0.0128556125808635,-0.0921752060375721,0.00164341510267553,-0.0981830427545453,0.230069053782185,-0.0189072322722556,0.149714807905445,-0.202752606549025,0.190509026885674,-0.0573470620151359,0.101457706328067,0.0456394480535247,-0.0884513834989382,-0.079042902365247,0.0583162623532113,0.165132226176975,0.0550114865183252,0.0186700535552576,0.218365963112179,0.357271855246563,-0.0355505344220339,-0.143274653940366,-0.0912186463903536,0.451112566085557,-0.0992933894419636,0.0750932727069488,-0.0160020772308384,-0.0395139926451547,-0.0938431406563381,-0.0888472363905521,-0.554875478236002,-4.57040225998115e-05,-0.0495219453282817,-0.0814173405464857,0.0709931765414008,0.302214376077192,-0.212906558491187,0.183406287653926,0.220615836040213,0.077968391187609,-0.0610645543467849,-0.0714574863973725,0.0458362821563115,-0.0575987292921458,-0.143468009959835,0.0105260457297998,-0.0325218411734138,0.112840298944943,-0.0502377853776712,0.293484430972223,0.250317886491687,0.17793630523861,0.0112579887946455,-0.195150871049643,0.240878260820642,-0.0146321345963245,0.0756106312164526,-0.208571622952323,0.033920097511216,-0.109691617914306,-0.155054214563822,0.0309992788294757,0.17277341754834,0.0309522470304814,0.11385174636997,-0.000310278159098634,0.00510820611616242,-0.101481128128887,0.0195643747150032,0.171741573244241,0.0379819608226799,-0.281514927392675,-0.0730201979673115,-0.0773006349681231,-0.0629195877430724,0.0662226354278397,-0.162195827908115,-0.106560366119589,0.159952095987578,-0.152809417333839,0.251041355512972,0.033198611632483,-0.00284576727989575,-0.125583146348391,0.24070115503533,0.176643490561483,0.351112160847084,-0.143065062631003,0.0486438533278167,0.00393389792517492,0.0712263147891168,0.084938701245956,0.107658316083455,0.211877702696,0.0438759628786974,-0.0555321038125621,-0.127893870719953,-0.0257481810250786,-0.0453833498452513,0.0767454676545826,-0.0940742683732534,-0.0923188545725402,0.0650036401777841,-0.123669283987312,0.00191692918982536,0.0816344277350887,-0.150722065148793,-0.0291932918875052,-0.0934959729471203,0.0602763378685199,-0.102846151463212,0.0930623494859212,0.0201033232219708,0.0131774567346014,-0.256434555361862,-0.138647625372842,0.0088515359051363,0.0670688459905775,-0.0658667815440272,-0.140766767920203,0.0498197424956657,-0.119770584537969,0.0779173827754768,-0.0698255628041874,-0.203532339806036,-0.331243912972727,0.216103654607764,-0.495782791053844,0.112370511439444,-0.111114456498187,-0.164695948520144,-0.0459356526668897
"s__mucosae",0.012433175468898,-0.0091528986937963,-0.0175239402830689,-0.112789547004724,0.0606109837741226,-0.243319298050484,-0.0168803550923857,0.0598243715261636,0.0157580822831711,-0.0606032580283915,0.0817773121012381,0.0526488900391038,-0.103641186847259,-0.0404373381301483,-0.1347448862131,-0.197228296930173,-0.0901656089300233,-0.0512027900038763,0.0169834811981276,-0.050339999870277,-0.0201199735184569,-0.0293039601962185,-0.0476528818101569,0.0365803162281894,-0.0169976208499158,0.0349371701748965,0.0244271972468396,0.083880268567651,0.0507583241310832,0.0276329189349265,0.217763170957202,0.0270027271342543,0.0449752099208573,0.128272033134348,0.0269468167484536,0.012332470319389,0.00413107654716348,-0.0219913841284803,0.00963863565686819,0.0102972889045248,0.0296075745045838,0.0240809254414147,-0.0295147518564918,-0.0220086917952347,0.0339648642062038,-0.0387356588648917,0.0207724539031741,-0.000760230602142729,0.0367318219913739,0.110083836100816,-0.0346156049836451,-0.00944365170414337,-0.136865540101813,-0.0932224363829926,0.0752405464881231,-0.00654423210801264,0.134811882965348,0.23647867757971,0.0646135051185504,-0.0504487789383728,0.0714921000803905,-0.0163277364688599,0.0229816457431089,0.0238699404226962,-0.0509616224718337,-0.0883880638666625,0.0684914960544639,0.0213736613835063,-0.14229626801722,-0.0609246381255117,0.0645027071662278,0.14972896322848,0.0240954996608751,-0.0352656056112414,0.060685872680446,0.029973411122166,0.151961167435099,-0.0328822579843089,0.0112630296626299,0.038134447721825,0.0493166873028242,0.163624387917381,0.0357330540372979,0.0385209003964306,-0.0502954902674391,-0.0214092985648138,-0.0231275063094999,-0.0526766453870317,-0.154418940350414,0.0310777163086625,-0.0101075422693071,-0.0294624388381402,-0.201196080289774,0.030962640348889,-0.185242175458317,0.015889018627858,0.1092112732874,0.00875384809702417,0.0473443034653396,0.0893556685792846,-0.160677326384976,0.0949609721915097,0.0510593932639862,0.0148694192063906,0.236314251469172,-0.0610272521637457,-0.112987743592336,0.0192816331336662,-0.00279877034755435,0.0562240532530087,0.106145604389423,-0.00260257760774144,-0.172900193880011,-0.169720542144718,0.153147064985619,0.00503157693834703,0.0403739333169883,0.0535748542203947,-0.135413286723929,-0.136349376682645,0.0199906891387252,0.113649603860318,0.0200228043894128,-0.0549323278116334,-0.237492176206695,0.034812261347824,-0.269469131148449,0.113293067976853,0.0233115796722313,-0.0199448219131999,-0.0333167755989909,0.0904652016247261
"s__longicatena",0.15429606796981,0.0210542990772943,0.0642470600328876,-0.622568405212344,0.656695333433685,-0.462394033194588,0.534951344698691,-0.733195465136119,0.865490053053085,-0.255086632562555,0.374991926958354,-0.0548228958603798,-0.202107915026419,-0.105098323346124,-0.286468976774493,-0.0145497778490925,0.381876603147215,0.331889063834023,0.862995175846972,1.0922193746571,-0.21801910534008,-0.440871755439327,-0.283470578356083,1.37234685961902,-0.20920000670779,0.403964271665725,-0.0478968247749143,0.0985352322418457,-0.280723945518517,-0.25216914607747,-1.91833248089464,-0.0520823308296468,-0.164206607572817,0.339341879451403,0.474881788973913,1.09358224776561,-0.681315396211888,0.460049198154572,0.757654113094992,0.387160276328769,0.0360440968755069,-0.175615176396432,0.286840438879335,-0.0608005455860732,-0.266102415839452,0.156101678181449,0.124429173453787,0.613731257963939,0.0940810357100436,0.574472120420025,1.16434315963773,0.464995996901728,-0.311776848419543,-0.962394710642512,0.538362245920493,0.104970743245042,0.639296108055319,-0.304953450425134,0.212854153409374,-0.532880867466045,-0.269558241838918,0.306863416936113,0.558231924786564,0.0839171944967286,0.297177518129946,-0.0883577473977157,0.25636308011445,-0.177549443145494,-0.0541732997531289,0.725298134051739,0.219452801017697,-1.11068717310148,-0.1042726892361,0.00133117918573422,-0.0774688190979676,0.506713878317669,-0.626262948199951,-0.361540719064147,0.696297660393377,-0.283796597624112,0.792144164520892,0.204730240769719,0.0764264484630702,-0.539208735578823,1.08551394289165,0.673802518987039,1.15490510976983,-0.50224169047245,-0.153980357612267,0.143947902893341,0.138823921908881,0.325042531392745,-0.125220824129303,0.871036869066496,-0.169150296622591,-0.0722043336051602,-0.0437331515487804,-0.27013845813713,0.0546548259126403,0.256266945713097,-0.985945544316838,-0.4221193566453,0.157746576627563,-0.623496849312468,0.227423223026876,-0.0537361618737065,-0.860329534046042,-0.193061391257306,-0.368984337256484,0.252059671636873,-0.343070029829907,0.178364349333635,-0.484080576967629,-0.543510536959718,-0.508498210483843,-0.271332680643819,0.1562318400027,0.265109145184208,-0.76648123457953,-0.950575320505153,0.247174446116384,-0.214844054521562,0.232700820182693,-0.122707950083263,-0.977073610407856,-1.11118760447766,0.568093218268867,-1.58329076060027,0.376924210155007,-0.345916741309923,-0.976244216209706,-0.194377242998971
"s__caccae",-0.00710821501128425,-0.0954658628975642,-0.0309969705612939,-0.0804114539852511,0.132452681974477,-0.186300937521693,0.00241850031306312,0.0388729470056734,0.00540629247472953,-0.063714013447583,0.10077828504284,0.10898204335456,-0.149034906199366,-0.0918952984938641,-0.0363346277345059,-0.0668994124431521,-0.12915710475272,-0.108254477995812,0.0317743921301714,0.0330179476235529,-0.008040141102941,-0.066655560970362,-0.0735034550909365,0.152373249778093,-0.0625537967329752,0.0204562046656092,0.0225051632834997,0.0363359492451262,0.031010817319601,0.00425103774269018,0.147069198787183,0.0402248368913824,0.0395452114551429,-0.00201923529951767,-0.00657416487461896,0.0526783755410607,-0.0415946375491174,0.0420177206739475,0.047578490856866,-0.000418681204298528,-0.028898590172265,-0.000193750398495212,-0.0513416160219721,-0.0620980475610447,-0.0340157590996874,-0.0653715593976959,-0.0317471271000327,-0.0287717763794552,-0.0236290455871171,0.259291990067759,-0.0588929181217708,0.0498716209402695,-0.0748124275969603,-0.0739351627821661,0.182462387467556,-0.0417802339898361,0.0811124342337728,0.137746143960054,0.0562306559763493,-0.0411023254943738,-0.00254259516473831,-0.0541585151499046,0.0613833241874149,0.0358881572952429,-0.0170366259755206,-0.078409844757222,0.0260882979019011,-0.0291673717863419,-0.126836083978749,-0.0657255161627582,0.058316073024715,0.145935809732562,-0.0163438321531816,-0.106783493947764,0.0269174952642479,-0.0140688000243633,0.152938940051287,-0.0546995442884951,0.00868862138513633,-0.0340175086894763,0.110501364534963,0.165327649145655,0.0206453504320259,0.0433152707313062,-0.0681234784697947,-0.00761385657499821,0.0442976108225247,-0.0792537359319491,-0.0937836193004069,0.00753246059198595,0.0228666761423408,-0.0247951962180711,-0.0988608912442834,0.0396526609203152,-0.128470704139462,-0.0165585610951328,0.0157014592176154,0.042900359233389,0.000397756348760655,0.11191621608771,-0.0537184389783795,0.109903495961277,0.0802174138020954,0.0366640125812971,0.212419856419562,0.0163803052731212,-0.0775681809817524,0.0353776514539372,-0.00883067121348221,0.062140383168286,0.0964564942788773,0.0420743707919517,-0.070629974701289,-0.060933651891176,0.0468894871468293,-0.0602635933763913,0.0194578571574139,0.0625212438882428,-0.0468261070805337,-0.0755916611608687,0.0144111832201792,0.0631681860886349,0.0421723547778484,-0.0959512980742852,-0.235704727312696,-0.0231262512539695,-0.221674103093405,0.0156032864791803,0.0461788468916386,-0.0478280112119786,0.0211091989980545,0.0985979787199952
"s__parvula",-0.102330738087191,-0.301040266334348,-0.0884848653298756,0.182535422076586,0.0809329186965385,0.0435718752594257,-0.145288718886945,0.263055350815536,-0.317059955765706,0.00322406480541531,0.0332761813703171,0.269308122497938,-0.207464362300407,-0.182098546546817,0.253294525760212,0.184228145723549,-0.374068433934712,-0.366827980741707,-0.232445642028187,-0.172803176632837,0.0906133151882747,-0.00450341803976657,-0.0449730605409016,-0.0559572504783644,-0.0970099979939554,-0.144994979351733,0.04107104816169,-0.08489837749471,0.0972597107118811,0.0464219662134135,0.713036437571699,0.0952766495389405,0.0960454605423232,-0.384145557797529,-0.242077660567271,-0.235427961460592,0.0941495555603461,0.0207132316847962,-0.129083305328084,-0.157659400465499,-0.166830695849428,0.0122585649958077,-0.208728898530723,-0.137355299748119,-0.0865913925298744,-0.190237284249302,-0.189258572302574,-0.307362842686409,-0.184287855175602,0.424625048695875,-0.530280944372123,0.0193481996687403,0.140624182739118,0.283186890157703,0.256352318364058,-0.160145696596222,-0.230524434177726,0.080067839570996,-0.0209988699556911,0.153906808625576,-0.0581810436625086,-0.251549876970112,-0.0410602231984475,0.0398133223759169,-0.0569188806299469,-0.0471350972810765,-0.142604719434712,-0.0763350470076605,-0.10868570888305,-0.345868528935363,-0.0162666104531091,0.563876245218133,-0.0655470916807747,-0.278463407621672,-0.0072960763139836,-0.283829836547344,0.412707590567379,0.0140381936900241,-0.238037761737961,-0.0888149334364612,-0.0154661560991745,0.13881283395977,-0.0313340128673582,0.252654340448207,-0.501237466340984,-0.217556300609867,-0.212760984039267,0.0229367600733719,0.0587730751465619,-0.0884511729454352,0.0465622314473291,-0.135410241351573,0.126469435774516,-0.237701927013243,0.0128500761311259,-0.0609190931006561,-0.153666941458005,0.21716424844494,-0.113338158207475,0.0959621802961846,0.49360789594089,0.315529380714783,0.104060202238051,0.308123001052264,0.138204583603036,0.195476742091932,0.275455134941104,0.144351006906921,0.105928842254675,0.00152451237652199,0.221330681184775,0.0803835043385429,0.287303428093201,0.333394434730213,0.0223552123500226,-0.112213234550664,-0.0725129822119089,0.00354630393100727,0.388358700662256,0.360633796740369,-0.0797270204283965,0.0524705745316629,0.0160422128078449,-0.159955334571711,0.0504396782078724,0.243108639344786,-0.380033423393808,0.376669257579093,-0.0279751527117503,0.00493773395734267,0.477943398232807,0.207917660594203
"s__torques",-0.00471856780566107,-0.0568315479352882,-0.00720277716585481,-0.0164278944816828,0.0831103919643316,-0.00236230283519949,0.0367591595778434,-0.0439846624609078,0.0351858254137735,-0.0186535248242262,0.0364234087579543,0.0386592649541133,-0.0473767786771319,-0.0420634400456993,0.0415000346936231,0.070770922530815,-0.0145597611372822,-0.0259476341148298,0.0518041683763001,0.102956677962529,-0.00380635447852458,-0.0477386760860404,-0.0340737755456769,0.144181588392513,-0.0413095463805722,0.0121074273811369,-0.00169805701093901,-0.0205203377969409,-0.0225103388940053,-0.0253057489668193,-0.120990674246369,0.00832303982013913,-0.00796678562884672,-0.0605952215238912,0.0022505319726688,0.0792563567638846,-0.0621201284095713,0.0624369189344046,0.0616040378733824,0.0119553747871505,-0.0348042500450653,-0.0225499693911443,-0.00312644060015746,-0.0310620316129218,-0.0550113553399506,-0.0131741089066387,-0.0273328837526741,0.0103703054462719,-0.0327572078577494,0.134161328668649,0.0362898499139228,0.0605059036068443,0.0160782540026058,-0.0396648911787089,0.102044776307321,-0.0188622693766629,0.00475767252173014,-0.0619876209980275,0.0093526982132453,-0.0227571634807059,-0.0563627485845339,-0.0117848549295825,0.0534986872850877,0.0137104431603202,0.0326570008651142,-0.00420604459245373,-0.0108230514395867,-0.0402325605616746,-0.00301356741249847,0.0264816202933343,0.0111097143173295,-0.0436907559397614,-0.0298819521864684,-0.0499303202251734,-0.0214515979092813,-0.00298435373211913,-0.0174979954666316,-0.0339793129073036,0.0320100426223172,-0.0582946831031714,0.0816008117414993,0.0230847633907798,-0.00369553718008351,-0.0193849545767051,0.035660103950106,0.0393300681195582,0.0974129121376174,-0.0452590350118289,0.0212695409017046,-0.00645676606841786,0.0276220484616867,0.0162194377657619,0.0467173438881125,0.0491953390362535,0.0156798978713589,-0.0236943449925934,-0.0557612438473684,0.0105104700229805,-0.0249409106607589,0.0337448522180367,0.0121926525966353,-0.00289959939597888,0.0305845012124077,-0.0138867725731181,0.0126719504711747,0.0441209508149044,-0.0256526693378207,0.00299065013097149,-0.0216208416212748,0.0200388726877156,-0.0146335767177092,0.0377993774074908,0.0318605807128081,0.0336080614747532,-0.0828379329170665,-0.055654284655873,-0.00343801482417407,0.022461674445366,0.0122885853547743,-0.0148943672977798,0.00947599849242045,-0.035020839614945,0.0271513684861905,-0.0370732609408269,-0.0627814043874602,-0.088191417547313,0.0382105256625596,-0.130894987566482,0.0346814983605257,-0.036285331618574,-0.0125566861602869,0.00300504230023184
"s__citroniae",-0.00969769368570208,0.00399821483510694,0.00500199293031113,0.0644588505401572,-0.0462292782220017,0.110540392904958,-0.010982941817832,0.000481512438279027,-0.0342817854474179,0.0323015750247798,-0.0447723094975407,-0.0197234609333099,0.0481122529156877,0.0200428076493869,0.0613798442789986,0.0768331397600798,0.0236917133541628,0.010139469427854,-0.034995330167754,-0.0166909017476522,0.014903338549964,0.026400125013093,0.0283869076647289,-0.0605734076002412,0.0140933055939961,-0.0267855404591426,-0.00807331020423484,-0.0357808896056859,-0.0106816996340333,-0.00242465593693472,-0.0227530295381205,-0.00914212235866246,-0.0123660228921799,-0.060148997534988,-0.0257008288449193,-0.0409799832119168,0.0211147503412459,-0.00707555159673165,-0.0289476416980898,-0.016544262173762,-0.0121558475044569,-0.00350203802705599,0.00259773618252704,0.0111749566366293,-0.00392362026423998,0.0105591134238161,-0.0116148418316844,-0.0193366027897246,-0.0168389707564553,-0.0640646726829398,-0.0239267710861276,-0.0121390387914013,0.0634909770122277,0.0679498245977599,-0.0485964578171948,-0.000395812569838068,-0.0734461686853485,-0.082336658311468,-0.032369952918785,0.0371784415948999,-0.0185716086140341,-0.00306973964910996,-0.0277349654875095,-0.012316913971933,0.010051341729017,0.0376952358618682,-0.0348996984957923,-0.00204460187229583,0.0578254835807429,0.000528456921558985,-0.0325681116736202,-0.0229802843453253,-0.0056311577609181,0.0147806234888745,-0.0210511062676672,-0.0278038722739117,-0.039694313007234,0.0250399501389073,-0.0270919535737613,-0.00494433012789374,-0.0460430511712509,-0.0713708477920908,-0.0164281479341416,0.00226923815696494,-0.0152411638944202,-0.0136455827201574,-0.0292928827631677,0.0375049864798952,0.0653098691990889,-0.0166818839559335,-0.000931381591315721,0.00100617268354121,0.0823506414424982,-0.040708088438077,0.078036509875179,-0.00352976134825695,-0.0405951249249298,0.00491356745422305,-0.0199161656161374,-0.0439464688084616,0.0943006585107552,-0.0239802682319054,-0.0256808582118652,0.0141536737461209,-0.10052945701604,0.0249193862401851,0.0722410881857737,-0.00153506482744326,0.013194880789168,-0.0305064652901252,-0.0306715455345623,-0.00533011749220316,0.0828498988002087,0.0834475029177359,-0.0426738264012354,0.00765141242905097,-0.0207892724113363,-0.0299214748803961,0.0773943810908948,0.0841020005287372,-0.0158817568591309,-0.0373094923831348,-0.0157654743276399,0.0262174645403274,0.125676381690477,0.0231331460521871,0.0874394252327055,0.00797038416119203,-0.0217703192191438,0.0194916963101166,0.0442851589681537,-0.0295341598657175
"s__bifidum",-0.0587594254628404,-0.233015422565965,-0.0893170653346771,-0.0177599962252466,0.138398069027797,-0.300380816125375,-0.133107716054547,0.27976818094982,-0.215996196390493,-0.0794707244662305,0.134563433587792,0.269963953534806,-0.293287155341926,-0.188267736108871,0.00153053313117684,-0.136912619965536,-0.400481305632084,-0.341157541359478,-0.152381136988415,-0.203039363590051,0.0400146625968951,-0.0407608445060252,-0.096700146540827,0.000385208904770507,-0.0930192137371557,-0.0606152109377294,0.0640310192469429,0.0528267356194177,0.142971151489707,0.0737161834411405,0.834509049413603,0.107268745357582,0.133341625901088,-0.106540716173238,-0.143128823231383,-0.162499235046263,0.07908959687536,-0.0181967353535376,-0.0861786808872998,-0.103726746062703,-0.0815010708486159,0.0433180158160791,-0.195294282625917,-0.130426861235595,-0.0147873969870569,-0.193606542505591,-0.110671773542705,-0.229998692670966,-0.0848401109856441,0.4585910468354,-0.443402737218184,-0.00193601840911863,-0.0836620183906598,0.0850989636793388,0.287691818764901,-0.126887462845658,0.0128864257391084,0.386496734613617,0.0722715659829854,0.0466123326172634,0.057739337161959,-0.208584454968318,-0.00206648476090737,0.0614702575746799,-0.113844037651369,-0.155711375065538,-0.0116475511733495,-0.0252214402427214,-0.275264131627917,-0.34182416339014,0.0755376482795028,0.626267678997254,-0.0140622681487495,-0.252352349574109,0.0788065918294313,-0.169717383143503,0.515531558605004,-0.0326509382692871,-0.163252693948851,-0.0105510029243076,0.0514042465784848,0.325703234149326,0.0258121646640573,0.241515321839371,-0.443239343520025,-0.19314432366021,-0.195188328602537,-0.0524876736413247,-0.168785217910315,-0.0228413363768939,0.0192199009582756,-0.141829967782505,-0.183908431217528,-0.137015351884909,-0.244763264594091,-0.022197851109579,0.0383615953786975,0.17274470938654,-0.0180421007759182,0.191658692901758,0.146253133265412,0.364524955268538,0.145459277021964,0.250063605080096,0.425282958099626,0.059277729743774,0.0515273710076738,0.133467680132979,0.0760905209717993,0.0769301087709281,0.310492970858697,0.0540468925673258,-0.0248604394459792,0.0136383222302717,0.230776955344127,-0.0733729159096407,0.00155010887096183,0.0746721112345033,0.102609375153227,0.0822524694132207,-0.0324206465971786,0.196435566860915,0.0377909518383108,-0.191925391357197,-0.283918427783771,0.233206357064313,-0.65317924260316,0.442209434618866,0.00916234872248421,-0.0215836285181083,0.310245130347157,0.278085374615437
"s__eutactus",-0.023429435558633,-0.083593945925048,0.00753548037215825,0.10752454809323,0.0619152810707347,0.278436648777775,0.0750467459977168,-0.134219673998478,0.0320902749273227,0.0408101400639494,-0.0367697818287737,0.00418876003226294,0.0420649163576644,-0.0222853633793776,0.225172399614214,0.342400774642602,0.0754574132728608,0.0125873536475639,0.0581586203842719,0.217451343837292,0.0187244525511336,-0.0412726523610998,0.000806706424806389,0.183612290413876,-0.0468627440477997,-0.023669005535844,-0.0302756046814691,-0.130657697077008,-0.0925826021760106,-0.07103665789265,-0.430913159454536,-0.0166300068765701,-0.0630334542147168,-0.249801056544413,-0.0314732945513819,0.106676978279349,-0.101006591177491,0.123988303137767,0.0837119750227177,0.00439310432048664,-0.0916483240447144,-0.0631350027668627,0.0259097421599704,-0.0255860178162737,-0.127203146314845,0.0210634252105492,-0.0700308990910592,0.0123140586867247,-0.0969462140936745,0.0904523157228733,0.0887124514980967,0.106414243102559,0.185845411627945,0.0499333046207144,0.0775631291868112,-0.0246447058968297,-0.152119477620255,-0.369791268433329,-0.0603625022923267,0.025000303359185,-0.172287937924735,-0.00364489783750777,0.0569239461104338,-0.00541152517651416,0.109420066876004,0.0948786250472653,-0.0985176628185571,-0.0892265497599695,0.158136144128456,0.10664343336559,-0.0573952171820979,-0.232979802285225,-0.075921046729945,-0.0421730513200718,-0.10406055262683,-0.0438722109046684,-0.196757195123549,-0.0151939607491102,0.0335484666265666,-0.137226707288193,0.0710750374757554,-0.150754927504711,-0.0476453659583631,-0.0710435360908904,0.106320630994802,0.0831828028678032,0.176617809879675,-0.00989978567961912,0.213017636174934,-0.0475107004687136,0.0558839181847729,0.0574464977704656,0.308234481960467,0.037800694913767,0.2391504455712,-0.0566208271617719,-0.216489342576408,0.00985544216469274,-0.095800032298761,-0.0487547086352187,0.212880603639235,-0.109399417238704,-0.00929830996343831,-0.0341547153622754,-0.251229667835686,0.143104265183349,0.0947171373091975,-0.0153080672811191,-0.0290931850656152,-0.0334897677524672,-0.142291591630723,0.0637495508834588,0.254684630642205,0.254487196575771,-0.30711307965323,-0.0951525062004645,-0.0532622956221876,-0.0265818354392635,0.182136446701681,0.140017096845928,-0.0094830569061917,-0.185724012544584,0.0198055320701159,0.00268346719764581,0.1767585538332,-0.175145960152016,0.365787279669943,-0.330986876601185,0.027148291838634,-0.0339315311065024,0.0263730990903243,-0.0966184219019698
"s__yabuuchiae",0.0325484049917067,-0.238718312730555,-0.0481912434404386,-0.385300027423944,0.563073687131967,-0.534454513624351,0.216174273472273,-0.204729317030683,0.330683830758622,-0.231243000760493,0.362589893969457,0.238428239019817,-0.413159010023451,-0.259957971296335,-0.131303244188482,-0.0764023096798246,-0.148791597379884,-0.13328905407323,0.398560735683369,0.523820859951692,-0.092270898339181,-0.325437387752009,-0.274601974804692,0.896999881882248,-0.234245874506331,0.186862967349674,0.0282703200418638,0.0879258456471954,-0.0507701765772474,-0.0982043686701646,-0.448843617988533,0.0720072142618791,0.0185356127241078,0.0535602430444983,0.146535229116681,0.542665281570836,-0.367514324758401,0.295114778654931,0.40457993292395,0.138716303615173,-0.078414011848251,-0.0792838617489735,-0.0118389367552497,-0.174669068951218,-0.20763009890471,-0.092949620087093,-0.0480265616205576,0.154964728336071,-0.0465514350759402,0.83995879542319,0.300353904455911,0.31096317556521,-0.241041075306297,-0.506236654592214,0.642599272312247,-0.0671772780650556,0.381666844684241,0.122170187599853,0.193535015004827,-0.281361412658224,-0.146047320309719,-0.0187857271057359,0.358973404339235,0.113301109000078,0.0938699039155818,-0.19254398710032,0.128384100429531,-0.154896319048234,-0.278510053349537,0.131608618265859,0.201565022045574,-0.112360523073709,-0.0950617449364833,-0.261995348506031,0.00943529171828356,0.137122269866872,0.0867222614210031,-0.262252028934491,0.278226330889519,-0.216502370213319,0.562112276286082,0.425039781272911,0.0639976869090111,-0.108839823790506,0.254819863930514,0.244278522831968,0.56253631690376,-0.369182848906767,-0.222421267846445,0.0572806317374511,0.117746222564603,0.0724093868908214,-0.200026796670181,0.414870683578905,-0.303041770138386,-0.0792091152343827,-0.0333608329300554,0.00695413961501778,-0.00371674150812301,0.343324322623851,-0.425797970501848,0.0804021232653553,0.243281781602109,-0.145371228806762,0.518811547424753,0.0555697430814312,-0.4669451992472,0.0104443890815776,-0.160265573848681,0.228299295567437,0.0686741827625653,0.179183519363034,-0.275454817107074,-0.273913819937412,-0.149099662962327,-0.263295457167044,0.088345558913389,0.235615204544342,-0.338755175777172,-0.483137364779836,0.120067865694367,0.0250969489518851,0.187755877521333,-0.269513850057267,-0.860902497786749,-0.496589594131684,-0.226898959551736,-0.613659232688049,0.250688180960325,-0.245192196169584,-0.293023327883879,0.138498963704925
"s__lenta",7.37298393898925e-05,-0.368953568442972,-0.0787266041798649,-0.347269524061226,0.652927081495981,-0.5235212070507,0.205398327048676,-0.166998128521773,0.270510552864588,-0.245300571759726,0.401204401249209,0.344936929868009,-0.509303344154899,-0.344873739195214,-0.0264571763112719,0.0330348310720899,-0.264951597253463,-0.256764365656671,0.3755193564408,0.559116775259313,-0.0699639601606004,-0.365324152894529,-0.314675373516335,0.998158064359785,-0.294821046262272,0.15603946426444,0.038311489197104,0.0473182078747327,-0.0419639086835925,-0.105817290052816,-0.348153529408411,0.105324204038262,0.0388103561503228,-0.10334086320833,0.0805940954094954,0.541061472060038,-0.391566828191093,0.351592072486576,0.418407821591661,0.104295464301613,-0.153365863466903,-0.094205765384552,-0.0726602630424337,-0.238203428655578,-0.276540841984209,-0.156721798477662,-0.123167855614588,0.0774272372642263,-0.124744517862758,1.06717702314601,0.181590306151971,0.365458779772916,-0.188307794878947,-0.458955427566549,0.796817716530013,-0.127234949185063,0.320694528382734,0.0936527327902818,0.195069947257598,-0.256638546539971,-0.208211915734458,-0.0986375536175088,0.390806794258846,0.135485638033258,0.104571845419625,-0.208893294633714,0.0795448105519266,-0.208921721317884,-0.310956641146598,0.0565315090268423,0.205848166747767,0.00948207617082195,-0.137685450046682,-0.380250431820993,-0.0101640988816585,0.055253130397922,0.187525035511388,-0.28578783753858,0.237587357544889,-0.288708464630799,0.623816401526409,0.482126717575248,0.0521417080122306,-0.0540129188864974,0.143709930438466,0.215391274030789,0.582089470520261,-0.399322109647035,-0.188318898705355,0.0272268067237208,0.153190592477045,0.0477760966620296,-0.126233062307147,0.388206005495283,-0.286228871850632,-0.115499230646506,-0.121841525378532,0.0761780869676222,-0.0557614964250728,0.39727521588855,-0.277445152664579,0.166023301077443,0.297039265363792,-0.0705109424493306,0.567086900634962,0.146171910773885,-0.410410608928017,0.0531815449213027,-0.14816762498145,0.244819945694598,0.118409820614886,0.2323168399882,-0.168810464020952,-0.152972806802155,-0.210433560469913,-0.339813111437708,0.0651708105163167,0.254672904847244,-0.219824475041864,-0.3939973459071,0.105402487530283,0.011063227748382,0.214201973378416,-0.344151961438526,-0.897053740778243,-0.500211555219201,-0.301449882812624,-0.614772911748532,0.27092228191283,-0.27317788122788,-0.169465982295883,0.198828509913253
"s__reuteri",0.0326893869412378,-0.0894953699153031,0.0104538129129769,-0.176801557441432,0.314844424429049,-0.0731679634223246,0.220299727087096,-0.300398192211379,0.303475304164433,-0.0892563498149443,0.148601758856735,0.037333841508034,-0.112488124301345,-0.0919804375988056,0.0245232975251665,0.168652884694374,0.107174523002158,0.0632389374452698,0.331064537174513,0.501942922534805,-0.0635669139376781,-0.200435967160421,-0.127254019474455,0.630416939584805,-0.126439111234972,0.127091604419358,-0.0228989415223875,-0.0288834120223315,-0.131971927408335,-0.122666053454811,-0.811952416429944,-0.00750153332096367,-0.0721875013756236,-0.0406481028204228,0.13241618655102,0.445333767560514,-0.30244257494925,0.244465853125073,0.319779836990603,0.128398196205827,-0.0572960213597401,-0.0951597830036023,0.0840833522827039,-0.0651550091590452,-0.17943132173729,0.0318579457623556,-0.0169291308139578,0.193172453910495,-0.0390508618409507,0.366519279908402,0.403658084267166,0.239311628226432,-0.0259277188462575,-0.318833661501634,0.309907903356666,-0.000840027318951338,0.155790662797461,-0.254828837382526,0.0601539260234313,-0.178209321044966,-0.192435838859176,0.0714808766313871,0.245474459599447,0.0413900546976876,0.154192205289747,-0.00962846959669679,0.0368234133970827,-0.125462796222183,0.0161006207857596,0.268287907653298,0.0650910168012607,-0.430820617279014,-0.0874331736066978,-0.0764952719752553,-0.074717024668556,0.1317026168249,-0.248069551563322,-0.153181830910297,0.250891064547754,-0.191210886684373,0.353809638996161,0.0559139038131972,0.00621517448983252,-0.197183916837537,0.384130312139614,0.265515403606602,0.50325508632139,-0.207640873433452,0.0325696269818992,0.021928557240238,0.0897877853789722,0.128284675546142,0.0966780333046546,0.325256499984536,0.0265755176873979,-0.0655083572242423,-0.136705456694704,-0.0612406390235478,-0.0395810861877902,0.108155879484633,-0.218832377984145,-0.149961340749253,0.0844923586593848,-0.205658076964396,0.0256856865596352,0.0764057127772643,-0.260477037954608,-0.0549162313927956,-0.141792848176702,0.0919092066103715,-0.150500785636386,0.116657687063732,-0.038607974710898,-0.0533772145912235,-0.32729201581435,-0.174558912708344,0.0282312846362886,0.100488981099372,-0.162571057174306,-0.261667801463485,0.0816826823271887,-0.150959342595111,0.10798239074955,-0.0846684438767684,-0.325572537774736,-0.477918734340325,0.297485799066907,-0.706430456856258,0.161252047656475,-0.1560359139085,-0.291574247958721,-0.0736498404337214
