"gene_id","baseMean","log2FoldChange","lfcSE","pvalue","padj","significant","direction"
"Gene0035",103.879723813235,1.73708326462592,0.247424068089743,1.32530493285537e-13,1.31072657859396e-10,TRUE,"Up in treated"
"Gene0043",2367.90689202682,1.64180677393708,0.25051989476308,2.11336736089863e-12,1.04506015996437e-09,TRUE,"Up in treated"
"Gene0008",198.889283599712,1.93337234607259,0.300217701752078,3.28653884161601e-12,1.08346230478608e-09,TRUE,"Up in treated"
"Gene0014",104.205482146885,1.73453898274619,0.280533070477844,2.27345671203798e-11,4.7622257024968e-09,TRUE,"Up in treated"
"Gene0054",93.9571070011269,1.62109412169041,0.260455505400053,2.40759641177796e-11,4.7622257024968e-09,TRUE,"Up in treated"
"Gene0012",43.7387801409843,1.89956368178105,0.315387458976632,8.51268112114458e-11,1.403173604802e-08,TRUE,"Up in treated"
"Gene0042",191.323640139709,1.56207618355508,0.262944849662857,1.08858808490204e-10,1.53801945138302e-08,TRUE,"Up in treated"
"Gene0003",132.372729409403,1.49873528785088,0.258999463753875,3.55523748601273e-10,4.39516234208324e-08,TRUE,"Up in treated"
"Gene0098",160.199863191009,-1.62120216692325,0.283891051082482,4.61827766564459e-10,4.5674766113225e-08,TRUE,"Down in treated"
"Gene0100",37.2821933361027,-1.89987994891242,0.3292596202805,4.28392816090199e-10,4.5674766113225e-08,TRUE,"Down in treated"
"Gene0004",210.278191366396,1.49460932490032,0.268320897661326,1.08740645088064e-09,9.77677254473598e-08,TRUE,"Up in treated"
"Gene0040",102.615129112221,1.58487318974004,0.29051698419135,2.73242922241858e-09,2.25197708414331e-07,TRUE,"Up in treated"
"Gene0006",152.378197850743,1.683665766093,0.313080755764488,3.58754989178442e-09,2.72929757151907e-07,TRUE,"Up in treated"
"Gene0049",233.563747448898,1.57251587910654,0.298448819010941,5.22132323984852e-09,3.68849191729299e-07,TRUE,"Up in treated"
"Gene0062",153.999950606302,-1.39271212121391,0.277540703368882,2.22248281742915e-08,1.46535700429162e-06,TRUE,"Down in treated"
"Gene0038",113.540957424668,1.35100731353467,0.27180152947032,3.80778899614073e-08,2.35368957323949e-06,TRUE,"Up in treated"
"Gene0085",166.00787583625,-1.29925732491154,0.276793387732474,1.07455508686401e-07,6.25138224063824e-06,TRUE,"Down in treated"
"Gene0021",48.4552415720921,1.34393110831558,0.287701593075804,1.65233038566741e-07,9.07863750791704e-06,TRUE,"Up in treated"
"Gene0017",111.134099642956,1.45449235899971,0.320837131766478,2.64493701824927e-07,1.32714267004966e-05,TRUE,"Up in treated"
"Gene0057",39.529435531367,1.61494315273533,0.362766094392948,2.81799758048968e-07,1.32714267004966e-05,TRUE,"Up in treated"
"Gene0086",36.8156256178688,-1.52657582197889,0.335438596700318,2.73135637688544e-07,1.32714267004966e-05,TRUE,"Down in treated"
"Gene0026",122.000045604693,1.33871674043086,0.294511995179047,2.99991841842958e-07,1.34859968901221e-05,TRUE,"Up in treated"
"Gene0034",197.611125765109,1.58162275748188,0.359465982547741,3.36948113034148e-07,1.3972254442433e-05,TRUE,"Up in treated"
"Gene0059",116.833405394399,1.27900981544088,0.287249032638774,3.39063808512025e-07,1.3972254442433e-05,TRUE,"Up in treated"
"Gene0015",223.306735824,1.5343700133399,0.345279820271122,3.90676848553613e-07,1.4860746277674e-05,TRUE,"Up in treated"
"Gene0058",197.960265894901,1.50746985031054,0.33772672443991,3.80549834618675e-07,1.4860746277674e-05,TRUE,"Up in treated"
"Gene0070",200.84153727579,-1.2439774838944,0.278938578514002,4.73451976080799e-07,1.73423705312559e-05,TRUE,"Down in treated"
"Gene0097",98.0580672289949,-1.36197821282771,0.315162307303953,6.9498299298948e-07,2.45477921452355e-05,TRUE,"Down in treated"
"Gene0039",29.3341733030369,1.60199697518753,0.369586450032087,7.51686563849987e-07,2.56351038499185e-05,TRUE,"Up in treated"
"Gene0073",66.4059315070487,-1.23193755733096,0.286140167753436,9.60663057180453e-07,3.16698587850489e-05,TRUE,"Down in treated"
"Gene0093",71.8617215891949,-1.15722849951806,0.279189731898216,2.03559812550035e-06,6.49421466490273e-05,TRUE,"Down in treated"
"Gene0005",71.6169808778938,1.61962729662456,0.407962786685669,2.76022277606875e-06,8.53081351728747e-05,TRUE,"Up in treated"
"Gene0090",131.591402409843,-1.42600260457905,0.371285865643801,3.68608426448649e-06,0.000110470828411428,TRUE,"Down in treated"
"Gene0074",67.1164608314273,-1.25202159223252,0.314540694343958,4.11588552008738e-06,0.000119723846451954,TRUE,"Down in treated"
"Gene0075",473.120664703359,-1.18911243351206,0.302614216380518,4.33590296348004e-06,0.000122520229453764,TRUE,"Down in treated"
"Gene0078",52.6539180167537,-1.25710504728032,0.327361507840228,5.82378343723118e-06,0.000159992272761712,TRUE,"Down in treated"
"Gene0010",232.113802817461,1.42844411543854,0.376607695423063,6.76500746744747e-06,0.000180826821224474,TRUE,"Up in treated"
"Gene0002",265.129149227083,1.373040821339,0.371397800111007,1.10540051448355e-05,0.000287695028637955,TRUE,"Up in treated"
"Gene0053",68.6063448982479,1.31082579071328,0.359773566377329,1.3862086199612e-05,0.000351528288497852,TRUE,"Up in treated"
"Gene0051",264.497667590056,1.10298347188889,0.300935289033403,1.46976648283935e-05,0.00036339976288203,TRUE,"Up in treated"
"Gene0079",16.7713094745018,-1.46371564050236,0.402644081778945,1.51328765754967e-05,0.00036503451056503,TRUE,"Down in treated"
"Gene0099",62.183980845453,-1.04836424730651,0.287610833306161,1.62025274721843e-05,0.000381530944523579,TRUE,"Down in treated"
"Gene0092",45.648985584264,-1.2172720456415,0.343195954654,2.01173888257748e-05,0.000462699942992821,TRUE,"Down in treated"
"Gene0036",124.399367923957,1.25523370188526,0.363004798716781,2.12278030046176e-05,0.000477143117535609,TRUE,"Up in treated"
"Gene0095",30.1521444989277,-1.33744189779861,0.384550476406503,2.33862669542878e-05,0.000513978178173125,TRUE,"Down in treated"
"Gene0080",58.5330572237955,-1.07593080969924,0.308346220954819,2.83394980051302e-05,0.0006092992071103,TRUE,"Down in treated"
"Gene0052",83.4277420899305,1.16264538913092,0.338924020854939,3.2651859808686e-05,0.00068707849682533,TRUE,"Up in treated"
"Gene0067",63.9621371418203,-1.21493228856566,0.370643419279771,3.61038131835876e-05,0.000743888984136837,TRUE,"Down in treated"
"Gene0025",367.265939488921,1.22891978184874,0.387161926744776,4.7069167778031e-05,0.000950028712907605,TRUE,"Up in treated"
"Gene0047",115.401538116489,1.0456514223221,0.311082398330365,5.24634144482e-05,0.0010173787625347,TRUE,"Up in treated"
"Gene0060",88.6792190603333,1.02884111056308,0.306228903447045,5.20501728490481e-05,0.0010173787625347,TRUE,"Up in treated"
"Gene0023",660.091362864679,1.11318828459364,0.343345366983607,5.66927369301469e-05,0.00107825224661376,TRUE,"Up in treated"
"Gene0066",151.641474879112,-0.959666456125827,0.299890890349962,7.31363754369687e-05,0.00136475236428608,FALSE,"Not significant"
"Gene0065",40.1451196425292,-1.03313221114068,0.324381373642355,9.72102319727444e-05,0.001780387396686,TRUE,"Down in treated"
"Gene0022",421.525901519791,1.0957331062168,0.357410456237797,0.00011273921498824,0.00202725606587944,TRUE,"Up in treated"
"Gene0064",14.390669402893,-1.39311971597207,0.456645324210427,0.000115383599033755,0.00203775677579257,TRUE,"Down in treated"
"Gene0007",197.761647564928,0.900624386902125,0.291323317731064,0.000153039749947271,0.00265537390697983,FALSE,"Not significant"
"Gene0030",341.177669926131,0.810860926640978,0.260057966391381,0.000160091595796406,0.00272983772832148,FALSE,"Not significant"
"Gene0056",199.271409768257,0.927711537032446,0.309829407770859,0.000190146875510649,0.00318737728610224,FALSE,"Not significant"
"Gene0041",67.0628305337388,0.967317762621228,0.328110579044767,0.000218490055860141,0.00360144442076133,FALSE,"Not significant"
"Gene0077",132.61546211635,-1.10690771019719,0.401545963024883,0.000237353000250244,0.00384823143028674,TRUE,"Down in treated"
"Gene0076",37.1378019767538,-1.00604314910171,0.349958172083776,0.00024381624516574,0.00388926236240188,TRUE,"Down in treated"
"Gene0020",42.5371946818944,1.0857638544305,0.386299724352023,0.000257144236222773,0.00403675634324322,TRUE,"Up in treated"
"Gene0087",48.3725915495143,-1.00974252636846,0.383717502658053,0.000492025109194297,0.00748635127681784,TRUE,"Down in treated"
"Gene0088",38.092157839386,-0.889246271149746,0.328956807339421,0.000486265481591982,0.00748635127681784,FALSE,"Not significant"
"Gene0045",259.588305686665,0.898312176135812,0.34308951116895,0.00051634829514619,0.00773740096817548,FALSE,"Not significant"
"Gene0055",36.5341224829755,0.919728967931859,0.34994213428024,0.000566947335598064,0.00836881962546993,FALSE,"Not significant"
"Gene0091",213.332825429833,-0.805131768869751,0.297500427534092,0.000583898347812682,0.00849228626451092,FALSE,"Not significant"
"Gene0050",201.902185039401,0.845982674497,0.323597740143294,0.000688765599776049,0.00987230693012337,FALSE,"Not significant"
"Gene0046",1854.94996351046,0.918838985251267,0.360130176420866,0.000726155899039,0.010259545487851,FALSE,"Not significant"
"Gene0001",15.9286093126547,1.0571568849654,0.430201618629974,0.000748650154944176,0.010428380327321,TRUE,"Up in treated"
"Gene0089",184.072398737316,-0.6740493254791,0.256847503950811,0.000975562845050891,0.0134004396354907,FALSE,"Not significant"
"Gene0063",20.2187307133879,-0.890708852194305,0.375439584622508,0.00122957468860653,0.0166582105072857,FALSE,"Not significant"
"Gene0048",71.4795590760886,0.903024244244933,0.392296091721207,0.00130722891445964,0.0174709377891971,FALSE,"Not significant"
"Gene0094",85.2741417211655,-0.715369676614523,0.318294116320581,0.00195764668096928,0.0258148342330483,FALSE,"Not significant"
"Gene0430",44.2913619506801,0.702316725430812,0.323596581557121,0.00285553982240428,0.0371595905836557,FALSE,"Not significant"
"Gene0240",78.4406443018152,-0.67203730199622,0.315895249442361,0.00317677299120293,0.0405554579145046,FALSE,"Not significant"
"Gene0725",36.8495863818297,0.709655036093619,0.346143798021171,0.00319850931984971,0.0405554579145046,FALSE,"Not significant"
"Gene0033",15.7209026007235,0.81359103904205,0.414577988970154,0.0033051759606094,0.0413774560131987,FALSE,"Not significant"
"Gene0029",35.7473415727333,0.735946073268771,0.358078546380664,0.00336714393104324,0.041626316847522,FALSE,"Not significant"
"Gene0024",43.190320893636,0.785076903139093,0.41813846868557,0.00378390237144774,0.046200980806936,FALSE,"Not significant"
"Gene0084",124.347477423945,-0.676203558763043,0.344342150089939,0.00399407141623063,0.0478636945320099,FALSE,"Not significant"
"Gene0096",16.180727263945,-0.756025873846085,0.388704761968009,0.00401687224080568,0.0478636945320099,FALSE,"Not significant"
"Gene0072",27.9122451292009,-0.729378189239417,0.38701785495257,0.00429878057527499,0.05061302367794,FALSE,"Not significant"
"Gene0071",110.145296671109,-0.640334837347934,0.333688519117061,0.00497310171866762,0.0578635011736738,FALSE,"Not significant"
"Gene0848",44.4460541136983,0.586652336718247,0.304608296135224,0.00676846849335292,0.0778373876735586,FALSE,"Not significant"
"Gene0032",189.064696990589,0.655523207674003,0.384214910781326,0.00701088357253185,0.0796984350946436,FALSE,"Not significant"
"Gene0031",561.522547018071,0.620416195417632,0.393903949682737,0.00758961854477143,0.085296962963397,FALSE,"Not significant"
"Gene0019",63.7793324358623,0.608293752590034,0.345795906647255,0.00823921770325274,0.0915571495338985,FALSE,"Not significant"
"Gene0827",93.3937454795374,-0.568857124736486,0.328308892390417,0.00860044389198861,0.0945093223241859,FALSE,"Not significant"
"Gene0440",249.906854231172,-0.471690439903632,0.244480279104686,0.00964020619979066,0.104771032215307,FALSE,"Not significant"
"Gene0082",137.11233816926,-0.474748236167941,0.247316262874061,0.0101603998756355,0.109224298663081,FALSE,"Not significant"
"Gene0908",141.504221047669,0.539587158187064,0.309398676393415,0.0107410960796776,0.114225204546249,FALSE,"Not significant"
"Gene0134",102.480658201823,0.540188477186451,0.325940933021372,0.0116998760174118,0.121801867170739,FALSE,"Not significant"
"Gene0368",42.5986182243878,0.54349796129766,0.32469457661185,0.0116832958815239,0.121801867170739,FALSE,"Not significant"
"Gene0061",10.301452825219,-0.651902171911071,0.46913066314939,0.012379586047986,0.124956880337563,FALSE,"Not significant"
"Gene0199",41.9509378610538,-0.561151194941717,0.354098462111102,0.0123819760091821,0.124956880337563,FALSE,"Not significant"
"Gene0751",125.594983481564,-0.587681253592074,0.444291843331564,0.0123290635177463,0.124956880337563,FALSE,"Not significant"
"Gene0228",402.853804234105,0.561524280858676,0.38517295781534,0.0126514926882414,0.125306402650632,FALSE,"Not significant"
"Gene0349",411.5828108757,-0.559255714247885,0.395030592371816,0.0127051251143651,0.125306402650632,FALSE,"Not significant"
"Gene0778",49.6021647943442,0.525202216507038,0.312368892224932,0.0127967104830272,0.125306402650632,FALSE,"Not significant"
"Gene0222",113.521514362166,-0.483031255340399,0.279329562065229,0.0135117840608033,0.131011318001319,FALSE,"Not significant"
"Gene0471",702.801697717938,-0.445135912678339,0.242156386906257,0.0138203257564619,0.132701962846027,FALSE,"Not significant"
"Gene0081",88.6870269102603,-0.556177015398567,0.388109471206265,0.0154102282446199,0.146545343595472,FALSE,"Not significant"
"Gene0152",152.10720172977,-0.438909096863907,0.245874824877409,0.0155683070739936,0.146638625677902,FALSE,"Not significant"
"Gene0279",52.1976844114439,0.543669844325132,0.372832227203055,0.0161370974938061,0.150562164352587,FALSE,"Not significant"
"Gene0656",49.2711949831676,0.447672488016378,0.259389416804578,0.0168402544706898,0.15565431468703,FALSE,"Not significant"
"Gene0009",558.567904739466,0.460306578861441,0.28208075498005,0.0171539930608871,0.157086103122383,FALSE,"Not significant"
"Gene0579",13.7200623614184,0.560858451367952,0.423478395923306,0.0174647148604648,0.158464247678896,FALSE,"Not significant"
"Gene0746",33.2221533162881,-0.473310244972943,0.305422747496748,0.0195116590448278,0.175427552684861,FALSE,"Not significant"
"Gene0757",75.6398322871876,-0.468321532021769,0.320283476331729,0.0213210730922625,0.189968840434663,FALSE,"Not significant"
"Gene0139",231.469205917893,-0.380020077147608,0.217721878413339,0.0224175606023797,0.197955066390656,FALSE,"Not significant"
"Gene0166",26.8915262861594,-0.486763342154342,0.375928967733419,0.0234795180503365,0.203919297669592,FALSE,"Not significant"
"Gene0871",197.667375554252,-0.402907990365572,0.244079714197665,0.0235053588820358,0.203919297669592,FALSE,"Not significant"
"Gene0013",54.4309067882474,0.438515805143709,0.287902621086195,0.0238724415290307,0.204329295104908,FALSE,"Not significant"
"Gene0193",186.854078979901,-0.419674928865893,0.274957531452631,0.0239658222772187,0.204329295104908,FALSE,"Not significant"
"Gene0266",177.765673142207,-0.405428673613422,0.253410336601831,0.0247983002975006,0.209619820463488,FALSE,"Not significant"
"Gene0028",78.9222507952517,0.431914253432096,0.325908589870427,0.0307307998532149,0.257565771651097,FALSE,"Not significant"
"Gene0255",22.7126274921955,-0.422109100602632,0.308138526384245,0.0325633413836964,0.270631467466182,FALSE,"Not significant"
"Gene0044",36.4438663242996,0.432484805276976,0.371389386944455,0.0335702026696124,0.276273646459739,FALSE,"Not significant"
"Gene0448",45.5932604301109,0.429072843819777,0.371999654063078,0.0338009213565505,0.276273646459739,FALSE,"Not significant"
"Gene0652",282.147639151518,-0.395811099205152,0.299608823986874,0.0343824584437308,0.278723372138113,FALSE,"Not significant"
"Gene0529",164.202610216425,0.391048593728045,0.278913718126901,0.0349329490522021,0.279815148174205,FALSE,"Not significant"
"Gene0532",56.6995386683223,-0.383329229991533,0.262411180838974,0.035212843973272,0.279815148174205,FALSE,"Not significant"
"Gene0603",46.1704169955656,0.428100616354731,0.34946163176533,0.0353659186266689,0.279815148174205,FALSE,"Not significant"
"Gene0741",24.6913182410434,0.427980729053214,0.390409939866853,0.0361669337210734,0.283881725794774,FALSE,"Not significant"
"Gene0304",316.210006852043,-0.386529230318326,0.303398636264241,0.0382682721160768,0.298007253055094,FALSE,"Not significant"
"Gene0422",83.9409530487285,-0.378097380012613,0.269385832846563,0.0385691894752801,0.298007253055094,FALSE,"Not significant"
"Gene0027",59.6269901188416,0.378976053670007,0.284908972923766,0.0401606899599136,0.306737747143167,FALSE,"Not significant"
"Gene0885",199.758941593378,0.362493171289749,0.249655905976166,0.0403194207569381,0.306737747143167,FALSE,"Not significant"
"Gene0653",96.5600911353313,0.356435046536589,0.245186417642852,0.0410898502212217,0.309428234488436,FALSE,"Not significant"
"Gene0720",86.7465426256386,0.383666225518149,0.289406425952831,0.0412988139054333,0.309428234488436,FALSE,"Not significant"
"Gene0815",538.546473622203,-0.370439044317731,0.294893216561378,0.0437863935323928,0.325599572958921,FALSE,"Not significant"
"Gene0747",15.3737222485519,-0.396800642107582,0.368978412306489,0.0445564925033218,0.328853515565562,FALSE,"Not significant"
"Gene0648",43.8517544404176,0.386192658188993,0.330870407237201,0.0451372358478028,0.330672046322051,FALSE,"Not significant"
"Gene0276",11.2819037472812,-0.390154153602223,0.374302636674861,0.0487873001937742,0.354784116850314,FALSE,"Not significant"
"Gene0372",93.1657083073991,-0.338298546309781,0.242604494871205,0.0491612188595368,0.354893762423955,FALSE,"Not significant"
"Gene0287",346.743042703857,0.339858754550553,0.247987121875304,0.0499917985657961,0.358274556388205,FALSE,"Not significant"
"Gene0237",40.1105043947697,0.370566155385138,0.323284185496499,0.050504874865478,0.359347634834228,FALSE,"Not significant"
"Gene0016",39.9418031408096,0.379818131172411,0.357078056815529,0.0510948148956386,0.360948370941333,FALSE,"Not significant"
"Gene0437",81.6420919319494,0.340683500802205,0.259709271317564,0.0516328500548697,0.36216233123593,FALSE,"Not significant"
"Gene0348",145.969263415447,-0.334699326643603,0.247378040725087,0.0533496096884326,0.36640808320736,FALSE,"Not significant"
"Gene0388",238.345942054731,-0.343114686959109,0.29681033016162,0.0531953090481129,0.36640808320736,FALSE,"Not significant"
"Gene0499",70.4763719317013,0.326861340372261,0.232981681733301,0.0527418517649929,0.36640808320736,FALSE,"Not significant"
"Gene0408",355.147396442451,0.355204384834809,0.326505246491892,0.0568283809572787,0.387608750115508,FALSE,"Not significant"
"Gene0561",62.4394050082549,-0.34750983278298,0.30238121373339,0.0580618991724102,0.393309714256943,FALSE,"Not significant"
"Gene0387",102.412641819862,0.331666476027065,0.261409746098684,0.0588160151313321,0.395707748060459,FALSE,"Not significant"
"Gene0204",25.390555379704,-0.345690895638022,0.317392899927585,0.0609210809831195,0.401672993948701,FALSE,"Not significant"
"Gene0571",114.746981690712,0.332211282884294,0.27968256288593,0.0608385258465525,0.401672993948701,FALSE,"Not significant"
"Gene0582",27.6304279180511,0.346651170062745,0.30143872235962,0.060379677139399,0.401672993948701,FALSE,"Not significant"
"Gene0683",93.6919766993569,-0.333272550967959,0.310667655294619,0.0635979666622976,0.416545622708691,FALSE,"Not significant"
"Gene0696",99.5152583812443,-0.322473265984007,0.265174602777926,0.0645183876969851,0.417050231583779,FALSE,"Not significant"
"Gene0832",17.6205866362942,-0.3324706542624,0.365030256277826,0.0641566000146153,0.417050231583779,FALSE,"Not significant"
"Gene0011",117.814191538095,0.31783585864183,0.265868117710058,0.0653603743592591,0.419749417151346,FALSE,"Not significant"
"Gene0575",465.497659613179,0.300523493570074,0.224187394334109,0.0674071810652529,0.430101303700227,FALSE,"Not significant"
"Gene0068",22.0850706367721,-0.331703319756303,0.294892361970352,0.0687124538443739,0.434011409210103,FALSE,"Not significant"
"Gene0113",109.893766785733,-0.327763178259857,0.304508479316854,0.0697753428355979,0.434011409210103,FALSE,"Not significant"
"Gene0564",217.156569059874,0.324809257815834,0.318500308889172,0.0690484425880095,0.434011409210103,FALSE,"Not significant"
"Gene0907",23.9209657962776,0.332903933577568,0.307308500902163,0.0696942934805176,0.434011409210103,FALSE,"Not significant"
"Gene0816",105.168208732157,0.328657112287437,0.318625436340447,0.0713141055104048,0.44081031468619,FALSE,"Not significant"
"Gene0446",286.555170548336,0.321762083355934,0.293800561498101,0.0721272935804344,0.443067660565525,FALSE,"Not significant"
"Gene0194",120.364668910027,0.304759551767558,0.359888160430687,0.0728435538340635,0.444705399641289,FALSE,"Not significant"
"Gene0923",81.7392075799538,0.313043355130318,0.2692425691128,0.0733733241746792,0.445191519072133,FALSE,"Not significant"
"Gene0159",81.7792065617706,0.311718268984307,0.2859206648903,0.0762937793015466,0.446476613782424,FALSE,"Not significant"
"Gene0378",65.4500920942396,-0.316561574066184,0.280673271382415,0.0745375302904827,0.446476613782424,FALSE,"Not significant"
"Gene0583",7.64208003033633,-0.283344229034498,0.393592750044895,0.074879023840117,0.446476613782424,FALSE,"Not significant"
"Gene0624",92.7085535642161,-0.316756404325894,0.298191533839394,0.0754478530280745,0.446476613782424,FALSE,"Not significant"
"Gene0892",39.4795366987042,-0.314061950603983,0.319249742004574,0.0761467841586824,0.446476613782424,FALSE,"Not significant"
"Gene0952",38.8886287090957,0.318688562936822,0.307782604187828,0.0754300122440685,0.446476613782424,FALSE,"Not significant"
"Gene0147",73.1886455011462,-0.297544941081376,0.328686718821691,0.0774318811865383,0.450471355844038,FALSE,"Not significant"
"Gene0695",41.5559041307767,-0.306754655218957,0.266026249141593,0.0781478552479365,0.451977946433972,FALSE,"Not significant"
"Gene0103",32.6412285995041,0.313543531839348,0.318146368634865,0.080263810170094,0.45950928750024,FALSE,"Not significant"
"Gene0795",33.2940673696701,0.308705758677701,0.285577147497343,0.0806867759508094,0.45950928750024,FALSE,"Not significant"
"Gene0958",36.4478919339577,-0.307694513148837,0.281039042198202,0.0808438989130857,0.45950928750024,FALSE,"Not significant"
"Gene0359",51.7476948139508,0.310230197581019,0.304948398479501,0.0822940667386346,0.463384678316498,FALSE,"Not significant"
"Gene0921",262.658722715488,0.305126164328796,0.289199337550702,0.0824627941190129,0.463384678316498,FALSE,"Not significant"
"Gene0227",207.69486296428,-0.301908031896782,0.275221684890631,0.0842903079295999,0.463513203950592,FALSE,"Not significant"
"Gene0712",24.7648511209105,0.30789132967351,0.291263737270825,0.0838727835163144,0.463513203950592,FALSE,"Not significant"
"Gene0904",104.729328532613,0.299218138587316,0.268090772486382,0.0842405454310192,0.463513203950592,FALSE,"Not significant"
"Gene0912",82.52734595956,0.297689379915605,0.262521789838839,0.084360340456124,0.463513203950592,FALSE,"Not significant"
"Gene0315",85.7908370561103,0.298043550026816,0.270341812650715,0.0854051836031856,0.466661472837296,FALSE,"Not significant"
"Gene0534",99.2893992129538,-0.299512555489261,0.275594160686725,0.0859406812746841,0.467007328465179,FALSE,"Not significant"
"Gene0667",258.927310117497,-0.289585281352023,0.258755959183659,0.0872252658345697,0.471397748144205,FALSE,"Not significant"
"Gene0157",238.95704957776,-0.278828389296392,0.230742822904451,0.089296637993956,0.477374999870392,FALSE,"Not significant"
"Gene0198",153.837115712316,0.28097908729901,0.235879024886522,0.0890676382309466,0.477374999870392,FALSE,"Not significant"
"Gene0301",19.668046351329,-0.293661873362275,0.306348794939491,0.0942950784914719,0.496052301213115,FALSE,"Not significant"
"Gene0879",151.207999197142,0.281785205441849,0.266976045211277,0.0941131055086127,0.496052301213115,FALSE,"Not significant"
"Gene0985",33.4109257909566,0.291459223342511,0.296371885190156,0.0938559422858062,0.496052301213115,FALSE,"Not significant"
"Gene0168",48.5649950256972,0.285108251690157,0.28188364223881,0.0994779753622259,0.517809040174955,FALSE,"Not significant"
"Gene0281",9.18484366289288,0.276981487525989,0.341053097276956,0.0993889830252185,0.517809040174955,FALSE,"Not significant"
"Gene0651",110.067402854824,0.278888805120629,0.255188074725939,0.100308315828533,0.519397509709,FALSE,"Not significant"
"Gene0125",5.2806635737656,0.225528383325483,0.355636662149619,0.102761414684905,0.52387133568748,FALSE,"Not significant"
"Gene0640",321.090171447058,-0.273727814383403,0.27856497450403,0.102484818329717,0.52387133568748,FALSE,"Not significant"
"Gene0822",56.1133113273885,-0.284033804953758,0.290786270300353,0.101895579440176,0.52387133568748,FALSE,"Not significant"
"Gene0585",33.0690777186093,-0.276067337642714,0.285311704911668,0.106750628612395,0.541417290757222,FALSE,"Not significant"
"Gene0649",86.6436721522635,-0.26847066344328,0.27678353539472,0.112247521117612,0.56351674307268,FALSE,"Not significant"
"Gene0909",97.1233473418832,-0.270871927971218,0.281828946979703,0.111754990868851,0.56351674307268,FALSE,"Not significant"
"Gene0733",81.2967477502711,-0.255021701867019,0.296553832673065,0.113533445478507,0.567093826152747,FALSE,"Not significant"
"Gene0037",92.3968131545726,0.264158676121352,0.265310156495894,0.117370468790939,0.577509421065863,FALSE,"Not significant"
"Gene0439",68.0481704690856,0.256728581262465,0.24858860518201,0.117307884482809,0.577509421065863,FALSE,"Not significant"
"Gene0754",624.814394792396,0.261776071954852,0.246887706429377,0.117221076281813,0.577509421065863,FALSE,"Not significant"
"Gene0793",33.7838838990488,0.262092029004112,0.2648114935581,0.118007679952781,0.577770274620301,FALSE,"Not significant"
"Gene0940",79.7705681873665,0.264145087421999,0.298266514360038,0.118926229513115,0.579399216691976,FALSE,"Not significant"
"Gene0538",148.456308516502,0.244093483753939,0.216286957294124,0.12287783536494,0.587331459213334,FALSE,"Not significant"
"Gene0560",131.863443009107,0.239780741385657,0.208154007711649,0.122608312820451,0.587331459213334,FALSE,"Not significant"
"Gene0799",24.1731557005459,-0.259893535569416,0.268368778887091,0.122929840300465,0.587331459213334,FALSE,"Not significant"
"Gene0802",44.0582373151395,-0.257255468201102,0.253300018224385,0.121536667374463,0.587331459213334,FALSE,"Not significant"
"Gene0376",47.0839469212732,-0.251726850335163,0.310173964134087,0.126033097119557,0.599263139669433,FALSE,"Not significant"
"Gene0191",241.735468114017,-0.238878280237559,0.298617070967628,0.127403233250427,0.602879414759198,FALSE,"Not significant"
"Gene0109",283.987569461093,-0.243959851330476,0.242403838938668,0.130602346971605,0.613931428912083,FALSE,"Not significant"
"Gene0244",59.5391106430725,-0.246364704419313,0.245092774154228,0.131916001594205,0.613931428912083,FALSE,"Not significant"
"Gene0332",292.478475283346,-0.248614813998751,0.265358103753094,0.133589561381729,0.613931428912083,FALSE,"Not significant"
"Gene0337",27.1823189341423,0.249995022358402,0.254017978537766,0.131569003875006,0.613931428912083,FALSE,"Not significant"
"Gene0685",229.077345549711,-0.242205855269421,0.234350026889737,0.134084113897887,0.613931428912083,FALSE,"Not significant"
"Gene0955",86.4721474982243,-0.237322390868782,0.2196135411559,0.132714813360655,0.613931428912083,FALSE,"Not significant"
"Gene0969",25.9243558862153,-0.249858866420218,0.280914160905319,0.132895529917498,0.613931428912083,FALSE,"Not significant"
"Gene0436",21.5188714958388,0.249406958125432,0.276843711838362,0.135940791456881,0.61956425230809,FALSE,"Not significant"
"Gene0792",35.5591087723634,0.244907083001943,0.290825144245401,0.138019234037563,0.626151479188761,FALSE,"Not significant"
"Gene0723",27.0305834110909,0.156179245961102,0.316606406236327,0.140668955284454,0.635258432768609,FALSE,"Not significant"
"Gene0808",128.884149624698,-0.228770703634636,0.21571689192834,0.141897912329343,0.637481123719404,FALSE,"Not significant"
"Gene0959",530.688493302928,0.238847934891701,0.25275522110119,0.142450281437804,0.637481123719404,FALSE,"Not significant"
"Gene0657",536.442898142687,-0.222453364999594,0.208027791119824,0.146971346019954,0.654750726187995,FALSE,"Not significant"
"Gene0257",35.2814986471551,0.236365815441146,0.269645175727931,0.149911275935009,0.656338274499608,FALSE,"Not significant"
"Gene0590",53.7709525486056,-0.235217977498088,0.256305619385123,0.150645893135906,0.656338274499608,FALSE,"Not significant"
"Gene0826",64.4494466283689,-0.234047105021737,0.269000153677461,0.150007395623468,0.656338274499608,FALSE,"Not significant"
"Gene0830",247.660608215233,0.235494559362339,0.258139852019045,0.149796279560338,0.656338274499608,FALSE,"Not significant"
"Gene0961",25.9412184781774,-0.236004145468886,0.280489898514343,0.148388136561811,0.656338274499608,FALSE,"Not significant"
"Gene0633",1670.84004375844,0.225200842951943,0.22874619181415,0.154460629955612,0.667212717629133,FALSE,"Not significant"
"Gene0806",210.767763076598,-0.230668368277445,0.263002388237696,0.154491114597646,0.667212717629133,FALSE,"Not significant"
"Gene0515",20.4272490648717,-0.217293783579181,0.303910540988302,0.157212804043112,0.676015057385381,FALSE,"Not significant"
"Gene0177",170.551884855091,0.226498318836299,0.243413263031865,0.158323730897948,0.677844891160477,FALSE,"Not significant"
"Gene0665",30.1111400857245,0.230216378548369,0.278241217424156,0.159242349188578,0.67876823324752,FALSE,"Not significant"
"Gene0731",27.0080463147622,-0.229290168953836,0.255941169808656,0.159912030684198,0.67876823324752,FALSE,"Not significant"
"Gene0314",14.3772992841901,-0.220882671250704,0.294864699317215,0.16131749943409,0.678773488809057,FALSE,"Not significant"
"Gene0458",61.7904039776372,-0.226354044276309,0.25563836590247,0.161972237976681,0.678773488809057,FALSE,"Not significant"
"Gene0797",21.8446775430147,-0.228091536223711,0.259255085747789,0.160638655511341,0.678773488809057,FALSE,"Not significant"
"Gene0927",60.1380999081764,0.223214235486443,0.241642688928877,0.163040629424295,0.680367858652439,FALSE,"Not significant"
"Gene0390",77.4518172352398,-0.22520164352752,0.256793008302204,0.165257104574432,0.683846344870766,FALSE,"Not significant"
"Gene0942",287.553806810219,-0.222363189844359,0.281391300185042,0.165117314382968,0.683846344870766,FALSE,"Not significant"
"Gene0261",35.8335471598064,0.223373226064624,0.238983233891855,0.166510333477066,0.686161332536744,FALSE,"Not significant"
"Gene0253",57.1214759502198,-0.220596457062368,0.249185370758955,0.168303966956166,0.687944133091699,FALSE,"Not significant"
"Gene0426",61.9898755793786,0.216796346049683,0.225233577260295,0.168334155923348,0.687944133091699,FALSE,"Not significant"
"Gene0247",21.858426901543,-0.210784424373357,0.277501074915795,0.176382826104976,0.694990498078969,FALSE,"Not significant"
"Gene0288",42.867763718726,-0.218313134061713,0.252552792076516,0.175877877112165,0.694990498078969,FALSE,"Not significant"
"Gene0459",61.2858941294061,0.211445449556742,0.29175867573534,0.175360111486273,0.694990498078969,FALSE,"Not significant"
"Gene0570",211.331616984859,-0.207814650438942,0.213314934462923,0.175798360760478,0.694990498078969,FALSE,"Not significant"
"Gene0592",50.1756095822475,-0.212956954822845,0.286732039044892,0.17632563151155,0.694990498078969,FALSE,"Not significant"
"Gene0697",388.029086307038,0.211378652237215,0.216806324198668,0.174080129622739,0.694990498078969,FALSE,"Not significant"
"Gene0705",54.590763985586,0.211044457421921,0.266064533104378,0.173499714144949,0.694990498078969,FALSE,"Not significant"
"Gene0771",12.8521586641266,-0.207806884358679,0.295889157767433,0.174865711207726,0.694990498078969,FALSE,"Not significant"
"Gene0866",44.6766243467618,-0.214833723243828,0.275568392581725,0.17328870747221,0.694990498078969,FALSE,"Not significant"
"Gene0245",105.405665177622,0.197418522906258,0.281871538092595,0.178612755711135,0.698213499598074,FALSE,"Not significant"
"Gene0674",19.8617263678721,-0.211986838492468,0.287403234413419,0.17807447639325,0.698213499598074,FALSE,"Not significant"
"Gene0411",162.029858873274,-0.210169360684187,0.230586011537033,0.182822757393097,0.71185711441643,FALSE,"Not significant"
"Gene0234",30.4260541348831,-0.208130352867253,0.256400599968755,0.192168402502044,0.742400586228601,FALSE,"Not significant"
"Gene0911",49.5634005019876,0.203567509832792,0.264692293441821,0.191625087007384,0.742400586228601,FALSE,"Not significant"
"Gene0112",22.011710158628,0.196193929660759,0.273938841000194,0.202039357470239,0.742813845866416,FALSE,"Not significant"
"Gene0343",105.289255146846,0.205209495266116,0.238835309406903,0.194629690366778,0.742813845866416,FALSE,"Not significant"
"Gene0404",100.142989286658,-0.198346010049264,0.230054973135956,0.199159759448442,0.742813845866416,FALSE,"Not significant"
"Gene0442",330.563925739647,-0.202207910444216,0.220624281455639,0.196040974889979,0.742813845866416,FALSE,"Not significant"
"Gene0479",194.969616501942,0.193881151741489,0.270727585240733,0.199298348701501,0.742813845866416,FALSE,"Not significant"
"Gene0506",76.751305979099,-0.204909104003948,0.25967964040156,0.193653166577854,0.742813845866416,FALSE,"Not significant"
"Gene0563",72.6341815944837,-0.198546593745715,0.223113886164075,0.201889690098382,0.742813845866416,FALSE,"Not significant"
"Gene0566",352.048673451745,-0.202091682710138,0.250211638052321,0.194603286150377,0.742813845866416,FALSE,"Not significant"
"Gene0729",157.177649567569,-0.202365166177868,0.242884259985097,0.200163014689375,0.742813845866416,FALSE,"Not significant"
"Gene0753",48.4149670309001,0.202147756465035,0.235290180156138,0.199745178448122,0.742813845866416,FALSE,"Not significant"
"Gene0814",114.536456839484,-0.196084280921482,0.267092237212629,0.197017787848336,0.742813845866416,FALSE,"Not significant"
"Gene0828",40.2116653145557,0.201775934737988,0.238660758995703,0.201586496660532,0.742813845866416,FALSE,"Not significant"
"Gene0976",43.9178319322025,-0.202515771134828,0.235877474888508,0.197526785167423,0.742813845866416,FALSE,"Not significant"
"Gene0726",64.1560425381216,-0.197719781301268,0.243294006733599,0.205056313033087,0.751113679961938,FALSE,"Not significant"
"Gene0755",44.0278211618484,0.192892082217332,0.279313285847229,0.206792168671008,0.754676955039214,FALSE,"Not significant"
"Gene0444",69.2632638726322,0.197383839496434,0.245163156963787,0.20851557816626,0.755391600023556,FALSE,"Not significant"
"Gene0979",292.033445027591,0.195457435968499,0.239841957416933,0.207949192216913,0.755391600023556,FALSE,"Not significant"
"Gene0127",98.0654663872366,-0.195385119679508,0.242753247909171,0.210472262492475,0.759697327025758,FALSE,"Not significant"
"Gene0693",579.033237144584,0.193446065606012,0.227418837652965,0.212507811676404,0.764255366356232,FALSE,"Not significant"
"Gene0323",317.055787101736,-0.188870358781558,0.221220402663272,0.217119810697556,0.772415441654255,FALSE,"Not significant"
"Gene0490",19.7266927849048,-0.188873795964608,0.277939416474994,0.216567591522986,0.772415441654255,FALSE,"Not significant"
"Gene0954",206.601623495062,0.194148861616453,0.240267556468614,0.216554539939159,0.772415441654255,FALSE,"Not significant"
"Gene0188",55.5967410260256,0.190693924954021,0.242387343931968,0.218807916898607,0.775630931228394,FALSE,"Not significant"
"Gene0203",18.7768011491749,-0.188360785956444,0.2706056672354,0.21980097111661,0.776368430122598,FALSE,"Not significant"
"Gene0324",60.9028809748846,0.188640408392369,0.270888947486499,0.220657641412933,0.776620666752281,FALSE,"Not significant"
"Gene0362",39.1356497647517,-0.174559924158041,0.27712256763219,0.223274317548927,0.783043617219464,FALSE,"Not significant"
"Gene0146",173.048810547377,-0.177649667715968,0.192326957321509,0.22500302164791,0.784658607521606,FALSE,"Not significant"
"Gene0865",28.91313022796,-0.190060588590789,0.242802948261205,0.225321581937448,0.784658607521606,FALSE,"Not significant"
"Gene0760",75.7361315673926,0.188848008815122,0.241723384956958,0.229443008561488,0.796207492867761,FALSE,"Not significant"
"Gene0707",40.0197586258508,0.187542440191562,0.24497512530155,0.230421530034712,0.796807318896259,FALSE,"Not significant"
"Gene0331",35.9810820573244,-0.18533394356279,0.226729683438595,0.23127856741985,0.796984331631471,FALSE,"Not significant"
"Gene0569",58.8156822649926,-0.181820718168239,0.21234815269865,0.23294228935104,0.799930292250619,FALSE,"Not significant"
"Gene0862",1176.80842180349,-0.180820016553552,0.21308440632493,0.234842020566544,0.803663523668898,FALSE,"Not significant"
"Gene0484",99.6953850285244,0.180369376933703,0.249569954133729,0.240434154925023,0.815284344416391,FALSE,"Not significant"
"Gene0647",49.0430670675683,0.179838349930215,0.215037953199665,0.240710847896447,0.815284344416391,FALSE,"Not significant"
"Gene0930",208.63969757014,0.179744629443931,0.213372712444959,0.239865344041126,0.815284344416391,FALSE,"Not significant"
"Gene0128",112.896226916854,0.173868639728024,0.200082298133697,0.243369684806431,0.819379749022515,FALSE,"Not significant"
"Gene0338",116.813414154249,0.173450524825249,0.199903941266268,0.243576993137128,0.819379749022515,FALSE,"Not significant"
"Gene0600",73.9588632304872,0.176309463869779,0.246446326011017,0.252633559873754,0.84696471428862,FALSE,"Not significant"
"Gene0214",158.537932570372,-0.169790083206607,0.230276416200117,0.257890736691759,0.847135836116998,FALSE,"Not significant"
"Gene0485",146.498729333903,0.172738880519557,0.211759008257125,0.256603912979382,0.847135836116998,FALSE,"Not significant"
"Gene0531",56.8928913599004,-0.171368732063405,0.248029221496723,0.255125988123158,0.847135836116998,FALSE,"Not significant"
"Gene0765",197.106288966483,0.173051266559657,0.228404822292648,0.25722477525662,0.847135836116998,FALSE,"Not significant"
"Gene0783",17.8935878428701,-0.164577176293297,0.269290146514875,0.258680508096394,0.847135836116998,FALSE,"Not significant"
"Gene0859",100.179116659159,-0.174513545557453,0.232268355464635,0.257587532420647,0.847135836116998,FALSE,"Not significant"
"Gene0869",55.5181724769573,-0.164074883836564,0.269324447147882,0.253942284729222,0.847135836116998,FALSE,"Not significant"
"Gene0434",180.908769764307,-0.169537418120007,0.213809064786248,0.261126864497093,0.849521279564557,FALSE,"Not significant"
"Gene0837",34.5695503019499,0.174143737706424,0.245098473839647,0.260809176635075,0.849521279564557,FALSE,"Not significant"
"Gene0246",298.822751725001,-0.167766534115417,0.212568402335202,0.266258485659551,0.854966371160051,FALSE,"Not significant"
"Gene0369",322.317999511767,0.169043026093048,0.218372821114107,0.265332099674825,0.854966371160051,FALSE,"Not significant"
"Gene0551",41.7763830667664,-0.168931110229116,0.243485893796808,0.265853804095149,0.854966371160051,FALSE,"Not significant"
"Gene0642",69.4105925535104,0.171739829524785,0.227622206871739,0.265862950164373,0.854966371160051,FALSE,"Not significant"
"Gene0106",43.704656967565,-0.165819687511042,0.246100626897803,0.270307356631686,0.855576497424695,FALSE,"Not significant"
"Gene0205",26.2874209082864,-0.168990664464155,0.250091898349901,0.269240815519034,0.855576497424695,FALSE,"Not significant"
"Gene0260",17.7404315104011,-0.162360838778097,0.267126721792979,0.267612513624246,0.855576497424695,FALSE,"Not significant"
"Gene0576",32.2438183107828,0.16190905197806,0.267185220918385,0.269572322658641,0.855576497424695,FALSE,"Not significant"
"Gene0903",36.1849208851071,-0.167993561825381,0.240060115179234,0.270773957223387,0.855576497424695,FALSE,"Not significant"
"Gene0438",239.856454827181,0.16642542471119,0.237703317020202,0.272751640864191,0.859080805142307,FALSE,"Not significant"
"Gene0395",7.94705214476579,0.151637400975106,0.277863488252251,0.275709551358034,0.864624836089269,FALSE,"Not significant"
"Gene0398",182.780999634566,-0.160548473653679,0.249203381158174,0.276260311632163,0.864624836089269,FALSE,"Not significant"
"Gene0477",211.16383085857,-0.165165974217555,0.241733782227752,0.278120321809913,0.864971692672969,FALSE,"Not significant"
"Gene0938",49.7106508985565,-0.166172023978806,0.232779802106075,0.277887220362171,0.864971692672969,FALSE,"Not significant"
"Gene0140",231.473529169858,-0.160623009560362,0.221203944748252,0.279614272819574,0.866891899117739,FALSE,"Not significant"
"Gene0161",130.060928370187,-0.163289254493881,0.229473049672753,0.283264736659257,0.870027405453433,FALSE,"Not significant"
"Gene0307",42.1221909295171,0.162789692071085,0.233209112693196,0.281696047580792,0.870027405453433,FALSE,"Not significant"
"Gene0358",79.9602441099767,0.164608971206869,0.238657418351011,0.282424740055312,0.870027405453433,FALSE,"Not significant"
"Gene0219",142.910450165637,0.153100814510756,0.251227006528485,0.290217935833384,0.876434792573647,FALSE,"Not significant"
"Gene0424",182.182809036901,-0.158910380757897,0.214426103690603,0.290438525668213,0.876434792573647,FALSE,"Not significant"
"Gene0523",42.4301934050232,0.156360697524271,0.256420792967653,0.290359472982029,0.876434792573647,FALSE,"Not significant"
"Gene0573",15.1881968101895,-0.149341353737656,0.270770289770059,0.290667959518864,0.876434792573647,FALSE,"Not significant"
"Gene0589",112.650554471227,0.160209951081655,0.214603875076207,0.289826317278316,0.876434792573647,FALSE,"Not significant"
"Gene0847",86.629167897538,0.161691821550479,0.236487741854994,0.288994943531104,0.876434792573647,FALSE,"Not significant"
"Gene0894",81.3560810840289,-0.159550453861744,0.24314600209118,0.29232341319189,0.878747281601152,FALSE,"Not significant"
"Gene0107",212.412826011703,-0.157712586273037,0.221135068661797,0.29783523102173,0.879280726807434,FALSE,"Not significant"
"Gene0142",93.9941632045175,0.150041331903972,0.261021458080107,0.296952235118183,0.879280726807434,FALSE,"Not significant"
"Gene0153",79.0888564436842,-0.146459066943135,0.266429332795938,0.296356645857729,0.879280726807434,FALSE,"Not significant"
"Gene0181",159.332636789109,-0.15964122808907,0.215710128287768,0.295175628707847,0.879280726807434,FALSE,"Not significant"
"Gene0317",75.969928216808,-0.118529301312798,0.28741350012433,0.296131539001623,0.879280726807434,FALSE,"Not significant"
"Gene0500",106.434347862268,0.157633243270032,0.219836782444308,0.294695497643497,0.879280726807434,FALSE,"Not significant"
"Gene0213",33.6451507363358,-0.147420044949337,0.261340099918008,0.299329495221964,0.881062115400365,FALSE,"Not significant"
"Gene0170",17.3600161643211,0.1549851599635,0.251132921790979,0.301915766063221,0.886037663609869,FALSE,"Not significant"
"Gene0396",75.0428892021567,0.155765887629084,0.216145441796527,0.303749071759221,0.888780567958194,FALSE,"Not significant"
"Gene0114",21.4462666962766,0.143163297358464,0.251880360045259,0.330466061589002,0.889487799403226,FALSE,"Not significant"
"Gene0136",338.267732648728,0.142006065286816,0.190861070431968,0.331970019553304,0.889487799403226,FALSE,"Not significant"
"Gene0151",372.047349632205,-0.151211582144845,0.225622006686521,0.306031955053889,0.889487799403226,FALSE,"Not significant"
"Gene0167",45.2971664388661,0.155586174759683,0.225223578321168,0.307191197464003,0.889487799403226,FALSE,"Not significant"
"Gene0176",26.8337236675067,0.14010107085837,0.26372690933084,0.312985622718827,0.889487799403226,FALSE,"Not significant"
"Gene0211",123.170782563745,0.151060575849873,0.240406943379574,0.311002377901186,0.889487799403226,FALSE,"Not significant"
"Gene0226",97.8069976823153,0.134624557740015,0.258623357443791,0.327818619508367,0.889487799403226,FALSE,"Not significant"
"Gene0243",88.5246238556914,-0.139958810883479,0.256584832641404,0.332638239711108,0.889487799403226,FALSE,"Not significant"
"Gene0250",15.1522110365438,0.149529499499817,0.249167804446238,0.317927820052299,0.889487799403226,FALSE,"Not significant"
"Gene0258",499.912381374115,0.14634088080229,0.215208453536643,0.33096896177152,0.889487799403226,FALSE,"Not significant"
"Gene0262",18.6320708850355,-0.148525685519845,0.244560864975612,0.322197459040973,0.889487799403226,FALSE,"Not significant"
"Gene0270",84.8611608468781,-0.146118360350591,0.233210724350931,0.329661498469656,0.889487799403226,FALSE,"Not significant"
"Gene0283",33.5636528969082,0.152805430423583,0.237536882112132,0.30973674631904,0.889487799403226,FALSE,"Not significant"
"Gene0290",156.746275192932,-0.150489491359921,0.224976668522586,0.319472417586932,0.889487799403226,FALSE,"Not significant"
"Gene0413",127.332713422234,-0.140139214679321,0.255214291203207,0.335117311884802,0.889487799403226,FALSE,"Not significant"
"Gene0433",32.3657217714865,0.147862258344893,0.247545971918542,0.320013018835366,0.889487799403226,FALSE,"Not significant"
"Gene0441",30.8135896741222,0.150018875034384,0.224704958729966,0.322689837099844,0.889487799403226,FALSE,"Not significant"
"Gene0449",164.725914537408,0.144627938054242,0.231917455314238,0.33546910938059,0.889487799403226,FALSE,"Not significant"
"Gene0460",77.4658219433442,-0.151408073991734,0.2102793376485,0.311268401885901,0.889487799403226,FALSE,"Not significant"
"Gene0473",159.94631658234,-0.141831814154325,0.243956848583553,0.329222944944972,0.889487799403226,FALSE,"Not significant"
"Gene0476",18.0585322077304,0.151725224484805,0.241407364089223,0.315061843468353,0.889487799403226,FALSE,"Not significant"
"Gene0492",99.5493763326628,-0.150353487718554,0.212132672406434,0.313134602925829,0.889487799403226,FALSE,"Not significant"
"Gene0554",128.693335565285,0.153538164919684,0.232799136475362,0.310129968677907,0.889487799403226,FALSE,"Not significant"
"Gene0639",123.868297423298,0.149344636850192,0.237748811571358,0.32158170828764,0.889487799403226,FALSE,"Not significant"
"Gene0680",13.4659425348009,-0.136677231096067,0.262121200946854,0.335289400705568,0.889487799403226,FALSE,"Not significant"
"Gene0686",15.6055412875692,0.141828550127207,0.249637256076551,0.333222780610835,0.889487799403226,FALSE,"Not significant"
"Gene0690",561.352684790943,-0.152479080951367,0.238836291263854,0.305275304580226,0.889487799403226,FALSE,"Not significant"
"Gene0718",24.0399202496584,0.138919202579735,0.266719056374523,0.320937673529401,0.889487799403226,FALSE,"Not significant"
"Gene0748",37.7750960693337,0.147063135312936,0.233402112310953,0.330404285749711,0.889487799403226,FALSE,"Not significant"
"Gene0775",168.620372533507,-0.147197733435308,0.243025239559076,0.320182238922116,0.889487799403226,FALSE,"Not significant"
"Gene0788",178.0854042887,-0.148719183671298,0.221862201482265,0.317593326253334,0.889487799403226,FALSE,"Not significant"
"Gene0824",91.3233701896277,0.147183393619582,0.221161012293534,0.328873482637264,0.889487799403226,FALSE,"Not significant"
"Gene0917",103.136128196221,0.147021602182758,0.235036374292957,0.329567360996787,0.889487799403226,FALSE,"Not significant"
"Gene0945",783.898734273734,0.138107807302984,0.259442782303393,0.3102429718716,0.889487799403226,FALSE,"Not significant"
"Gene0962",39.8098754110422,-0.143845802547714,0.243286457745169,0.335271842135627,0.889487799403226,FALSE,"Not significant"
"Gene0101",106.81953365179,-0.14150379394207,0.222956103434166,0.338070143512151,0.893005405580608,FALSE,"Not significant"
"Gene0179",31.7202622543983,-0.140879947776825,0.218271324243704,0.347336765212678,0.893005405580608,FALSE,"Not significant"
"Gene0187",23.4905488895289,0.13623554034219,0.242016975891086,0.353245531879768,0.893005405580608,FALSE,"Not significant"
"Gene0189",90.6821240310964,-0.135404389436162,0.225356087095879,0.354929315171016,0.893005405580608,FALSE,"Not significant"
"Gene0229",8.58790030516873,0.127812161496153,0.263167586577475,0.355909690563877,0.893005405580608,FALSE,"Not significant"
"Gene0238",182.215416805125,-0.136583886132005,0.247650493763469,0.341533126290734,0.893005405580608,FALSE,"Not significant"
"Gene0268",63.1538845880002,-0.14027416432803,0.214147091984164,0.348475371896082,0.893005405580608,FALSE,"Not significant"
"Gene0293",80.1531278167638,-0.131080908076075,0.197290345270843,0.367651937598772,0.893005405580608,FALSE,"Not significant"
"Gene0299",129.491623186998,0.138015144277361,0.245048875371863,0.343543450777595,0.893005405580608,FALSE,"Not significant"
"Gene0300",86.2176051415361,0.130233125142626,0.248202145844719,0.362440722208215,0.893005405580608,FALSE,"Not significant"
"Gene0340",40.5211168987993,0.133342612579715,0.227761138604043,0.36839858996652,0.893005405580608,FALSE,"Not significant"
"Gene0380",29.7146226633099,-0.094691436217489,0.281288493628019,0.338698279207087,0.893005405580608,FALSE,"Not significant"
"Gene0381",87.9896698194083,-0.131170998751445,0.235975892214685,0.368302787540479,0.893005405580608,FALSE,"Not significant"
"Gene0386",320.645514295008,0.133579285951966,0.235342201252455,0.363913615402143,0.893005405580608,FALSE,"Not significant"
"Gene0394",192.213535966979,0.13484525247451,0.213631498122585,0.367087367147453,0.893005405580608,FALSE,"Not significant"
"Gene0409",40.3158218878503,0.13653955825743,0.212326078500282,0.360197894285731,0.893005405580608,FALSE,"Not significant"
"Gene0463",101.045140201508,-0.133079811789134,0.237499470550571,0.357799844686094,0.893005405580608,FALSE,"Not significant"
"Gene0470",158.766212327848,0.141227606129794,0.219833371361086,0.348418147644488,0.893005405580608,FALSE,"Not significant"
"Gene0493",54.4880459137421,0.128340315949567,0.247671845938799,0.364585566424552,0.893005405580608,FALSE,"Not significant"
"Gene0537",225.084524808721,-0.137560377670032,0.203300061291224,0.352036698619011,0.893005405580608,FALSE,"Not significant"
"Gene0659",166.40542981374,0.131670553398168,0.253105976088679,0.345254648577944,0.893005405580608,FALSE,"Not significant"
"Gene0670",144.381740466349,0.136923135390015,0.212585353970288,0.357816277160115,0.893005405580608,FALSE,"Not significant"
"Gene0688",111.235849187353,-0.133594745285197,0.201828556948354,0.361701187970489,0.893005405580608,FALSE,"Not significant"
"Gene0694",42.9039896862564,-0.137685534656773,0.231005349357735,0.356614491451848,0.893005405580608,FALSE,"Not significant"
"Gene0750",328.204191065272,-0.137972192353369,0.223343981358309,0.355497492411026,0.893005405580608,FALSE,"Not significant"
"Gene0752",23.5922197779728,-0.131909701476636,0.239872910213003,0.36447181070434,0.893005405580608,FALSE,"Not significant"
"Gene0759",142.798356141428,-0.131881735188879,0.187400073775887,0.356642543753465,0.893005405580608,FALSE,"Not significant"
"Gene0767",194.765407082315,0.140417881703741,0.224885088824051,0.344146465891803,0.893005405580608,FALSE,"Not significant"
"Gene0855",69.4455518432011,0.13311789526166,0.241225437979873,0.358777524544167,0.893005405580608,FALSE,"Not significant"
"Gene0863",89.4473220190552,-0.140556809639718,0.242002020181186,0.341020914090107,0.893005405580608,FALSE,"Not significant"
"Gene0886",360.411283063836,0.140739206758443,0.22287211923954,0.348806245448473,0.893005405580608,FALSE,"Not significant"
"Gene0916",131.472408016864,-0.126935925717001,0.253079554015106,0.366120145406593,0.893005405580608,FALSE,"Not significant"
"Gene0926",50.4179363103332,0.1342915133186,0.217270311624302,0.367916937631138,0.893005405580608,FALSE,"Not significant"
"Gene0928",13.6687415687459,0.131639051799834,0.258980990155705,0.346515422176218,0.893005405580608,FALSE,"Not significant"
"Gene0975",130.999313774762,0.135297811157346,0.230164760856402,0.35384469963466,0.893005405580608,FALSE,"Not significant"
"Gene0355",526.165049507384,0.131133126588645,0.22324484877662,0.371099801615637,0.895165131214304,FALSE,"Not significant"
"Gene0919",116.895350281833,0.123843679013044,0.247080958394857,0.370758054547317,0.895165131214304,FALSE,"Not significant"
"Gene0333",104.595908778926,0.128232623652769,0.248016396456144,0.374485421662864,0.897791976828362,FALSE,"Not significant"
"Gene0540",198.385429615284,0.131718615516591,0.207690256071044,0.375740647641736,0.897791976828362,FALSE,"Not significant"
"Gene0541",90.7995477645739,-0.130293701159833,0.216089793929703,0.373128081000178,0.897791976828362,FALSE,"Not significant"
"Gene0550",26.8856517691139,0.129329994601391,0.243485033753575,0.375819897276989,0.897791976828362,FALSE,"Not significant"
"Gene0774",52.7420131714935,-0.129451230276983,0.229787729950923,0.379669733819491,0.900463709226562,FALSE,"Not significant"
"Gene0947",30.9612142896306,-0.130470883078285,0.232506424395601,0.379465764396477,0.900463709226562,FALSE,"Not significant"
"Gene0973",378.466946385013,-0.129451938268008,0.217788053023407,0.379116890656618,0.900463709226562,FALSE,"Not significant"
"Gene0208",86.2383836215501,-0.126399815587733,0.191070565477779,0.381323982571006,0.902223489862979,FALSE,"Not significant"
"Gene0391",46.6094357606753,0.124903636189625,0.243570956660457,0.386786696527928,0.910060679509849,FALSE,"Not significant"
"Gene0435",53.2205144439592,-0.127184015436007,0.203417269342316,0.387739334646308,0.910060679509849,FALSE,"Not significant"
"Gene0496",66.2053002759181,0.125350864507913,0.190562002851909,0.38624208830181,0.910060679509849,FALSE,"Not significant"
"Gene0800",46.3245956240828,-0.126124459958172,0.237710814323979,0.388317094795911,0.910060679509849,FALSE,"Not significant"
"Gene0616",141.927838507659,-0.125264663814631,0.198285888491112,0.389769946583144,0.911306092602196,FALSE,"Not significant"
"Gene0488",67.9842233090176,0.122680105857526,0.234729134229378,0.396402114742802,0.911724863908446,FALSE,"Not significant"
"Gene0661",13.380651445557,-0.118320591015293,0.257745944844632,0.392020390867956,0.911724863908446,FALSE,"Not significant"
"Gene0671",29.5427176951909,0.117622323017414,0.246265195399198,0.396234544113165,0.911724863908446,FALSE,"Not significant"
"Gene0737",79.3752834773064,-0.123215899582043,0.22825253779776,0.394662490427742,0.911724863908446,FALSE,"Not significant"
"Gene0780",214.98276640563,-0.124432380221371,0.201452923467137,0.395899805401557,0.911724863908446,FALSE,"Not significant"
"Gene0809",30.5040018756472,0.126136336081567,0.226310547973804,0.392810301131921,0.911724863908446,FALSE,"Not significant"
"Gene0924",108.695043503595,0.126342486247759,0.236486531614646,0.39097510247108,0.911724863908446,FALSE,"Not significant"
"Gene0132",19.0620638146114,-0.123222624017375,0.236871437859185,0.401085242115573,0.918677347075777,FALSE,"Not significant"
"Gene0740",445.478766941294,0.120936510767652,0.243167378699539,0.401282723899632,0.918677347075777,FALSE,"Not significant"
"Gene0714",92.8776516816062,-0.124233193070555,0.221795322340795,0.40255695264332,0.919466111233819,FALSE,"Not significant"
"Gene0654",193.373437946772,0.12222240446383,0.225030246119754,0.405745890797471,0.922553446911998,FALSE,"Not significant"
"Gene0873",150.65500998774,0.121030267010903,0.22540279896195,0.406085653205313,0.922553446911998,FALSE,"Not significant"
"Gene0875",44.0536304994253,0.123478382447052,0.225536655962277,0.406707080741791,0.922553446911998,FALSE,"Not significant"
"Gene0215",176.381342960428,0.12089813700903,0.235530807200867,0.408149591028032,0.923706969168703,FALSE,"Not significant"
"Gene0108",89.7853671882061,0.111992519078456,0.22521444433089,0.442003969569496,0.924190118190763,FALSE,"Not significant"
"Gene0141",176.164937973636,0.12003543828031,0.200358283796046,0.41329943293742,0.924190118190763,FALSE,"Not significant"
"Gene0173",29.4036076915285,-0.112359241279554,0.232155494440263,0.438969093726087,0.924190118190763,FALSE,"Not significant"
"Gene0200",106.628638939174,0.108365422472465,0.243216743491798,0.431890590972286,0.924190118190763,FALSE,"Not significant"
"Gene0292",234.08142613862,0.11703768257647,0.218899795914321,0.427501775441873,0.924190118190763,FALSE,"Not significant"
"Gene0316",330.94431545699,-0.117285789094572,0.216971248489353,0.42542672332182,0.924190118190763,FALSE,"Not significant"
"Gene0425",117.285513140043,0.114929586331891,0.218969090054614,0.437588509489767,0.924190118190763,FALSE,"Not significant"
"Gene0443",162.2878555386,-0.113302521448121,0.216043955594065,0.433551022545424,0.924190118190763,FALSE,"Not significant"
"Gene0495",18.0564234074754,0.115449978957285,0.24049860871909,0.423257571548363,0.924190118190763,FALSE,"Not significant"
"Gene0514",138.075723187859,0.10136527215012,0.249592760290613,0.43517460085946,0.924190118190763,FALSE,"Not significant"
"Gene0553",29.9210891500136,-0.108012131344012,0.242249122914833,0.44082773398514,0.924190118190763,FALSE,"Not significant"
"Gene0586",31.2979620323556,-0.117527036346411,0.243081199780231,0.41422626069105,0.924190118190763,FALSE,"Not significant"
"Gene0587",53.0766184434573,-0.107797165415873,0.238596407730433,0.437706011642308,0.924190118190763,FALSE,"Not significant"
"Gene0605",138.371150989812,-0.102262311050276,0.249023480870014,0.434554584454519,0.924190118190763,FALSE,"Not significant"
"Gene0607",221.287313064873,0.11576193310403,0.204042314074355,0.429726706804499,0.924190118190763,FALSE,"Not significant"
"Gene0608",37.1953899387481,0.118462848674973,0.207567692635442,0.422597063871591,0.924190118190763,FALSE,"Not significant"
"Gene0611",273.687769262938,-0.115922338596741,0.205797484971296,0.432466096964113,0.924190118190763,FALSE,"Not significant"
"Gene0613",48.6357644520168,0.1154441892387,0.214617122070656,0.436073217121487,0.924190118190763,FALSE,"Not significant"
"Gene0628",50.7490945701295,0.112053787576558,0.230008135096796,0.438643749824046,0.924190118190763,FALSE,"Not significant"
"Gene0629",106.809338549856,-0.116759398405231,0.210440716229047,0.419874843293741,0.924190118190763,FALSE,"Not significant"
"Gene0637",121.930421479999,-0.110302415485016,0.189398561891446,0.441173051451015,0.924190118190763,FALSE,"Not significant"
"Gene0641",195.944263601585,0.118562415343663,0.202963041441787,0.420505202194791,0.924190118190763,FALSE,"Not significant"
"Gene0679",31.5003926415371,-0.117871702437843,0.233248631933598,0.417759190602271,0.924190118190763,FALSE,"Not significant"
"Gene0745",137.012311013178,0.113933014131564,0.208754306913884,0.434218493589119,0.924190118190763,FALSE,"Not significant"
"Gene0781",143.941368125099,-0.118681897151291,0.233405193511215,0.411062115118447,0.924190118190763,FALSE,"Not significant"
"Gene0796",68.9116319738195,-0.111346860290897,0.19513898071421,0.440642748599751,0.924190118190763,FALSE,"Not significant"
"Gene0825",79.4231736023248,-0.120376747604702,0.210411821619898,0.412964627556921,0.924190118190763,FALSE,"Not significant"
"Gene0844",46.0979432247474,0.116001385667862,0.223441338435398,0.432302197650431,0.924190118190763,FALSE,"Not significant"
"Gene0856",260.927145857203,0.105927311764266,0.248159334066202,0.436776091339659,0.924190118190763,FALSE,"Not significant"
"Gene0864",728.295529368484,0.109273777115988,0.184462431249185,0.43892794000506,0.924190118190763,FALSE,"Not significant"
"Gene0877",67.8813273224652,-0.115863567100536,0.220153792493707,0.431542929403574,0.924190118190763,FALSE,"Not significant"
"Gene0900",57.813560679816,-0.11989890075696,0.221039843551319,0.409897679813817,0.924190118190763,FALSE,"Not significant"
"Gene0920",139.887244807912,-0.114428100403632,0.234438197642377,0.422600939882504,0.924190118190763,FALSE,"Not significant"
"Gene0922",212.101642434221,-0.11533277096529,0.192879375041707,0.422910518980001,0.924190118190763,FALSE,"Not significant"
"Gene0925",61.0463051375845,-0.11322377500683,0.223511513541685,0.431915345481184,0.924190118190763,FALSE,"Not significant"
"Gene0957",75.333070153652,-0.112253217374971,0.202143197313612,0.440658033015862,0.924190118190763,FALSE,"Not significant"
"Gene0456",198.959901930586,-0.11134519974132,0.207248462646757,0.446326129275423,0.927345676162592,FALSE,"Not significant"
"Gene0638",286.510031221211,-0.108319772572246,0.181859510161646,0.445796934988763,0.927345676162592,FALSE,"Not significant"
"Gene0996",364.485929861998,0.112166548595724,0.218632351425207,0.446274252481796,0.927345676162592,FALSE,"Not significant"
"Gene0303",37.0803696038774,0.107202128282596,0.233115625781287,0.450870521990781,0.934130016414379,FALSE,"Not significant"
"Gene0357",228.946349610661,0.109938753492193,0.218033180781143,0.452235263668218,0.934130016414379,FALSE,"Not significant"
"Gene0631",40.1622975646664,-0.110026936619204,0.223733245890943,0.452424952338208,0.934130016414379,FALSE,"Not significant"
"Gene0118",32.1267291751796,-0.108299830660412,0.232626967933799,0.455206577252495,0.937915218547329,FALSE,"Not significant"
"Gene0018",264.400155954682,0.0991322010286605,0.238548143214229,0.47180705434329,0.939425497249096,FALSE,"Not significant"
"Gene0137",32.1480846858237,0.100467074779852,0.230039293680375,0.478280383205384,0.939425497249096,FALSE,"Not significant"
"Gene0183",36.0510939680937,0.0927456438377922,0.229396760836794,0.52021752953588,0.939425497249096,FALSE,"Not significant"
"Gene0186",128.551465957866,0.0945814766841914,0.200254201266304,0.513344054413845,0.939425497249096,FALSE,"Not significant"
"Gene0201",110.802022055454,-0.100449700916061,0.234824086564379,0.460938049708998,0.939425497249096,FALSE,"Not significant"
"Gene0223",496.186653093717,-0.0932230733296601,0.212077870013914,0.518077597551494,0.939425497249096,FALSE,"Not significant"
"Gene0224",110.941690225257,-0.0987421723243842,0.2151505678531,0.493930803908429,0.939425497249096,FALSE,"Not significant"
"Gene0254",42.4189634156886,-0.0951565093326568,0.20807901082199,0.512102278249086,0.939425497249096,FALSE,"Not significant"
"Gene0256",378.641214114869,-0.100411932296086,0.191137831379745,0.483275668746765,0.939425497249096,FALSE,"Not significant"
"Gene0259",21.7557334012549,0.0952053440104157,0.219898481972326,0.512975484004868,0.939425497249096,FALSE,"Not significant"
"Gene0267",173.634333807402,0.0984246634509727,0.196107694243471,0.49256086968327,0.939425497249096,FALSE,"Not significant"
"Gene0274",109.539318227798,0.0990141936566161,0.213905910646807,0.500056847403651,0.939425497249096,FALSE,"Not significant"
"Gene0278",197.394439225616,-0.0933747986823666,0.182235187311615,0.507225366127016,0.939425497249096,FALSE,"Not significant"
"Gene0284",123.642961425705,0.0933619560120434,0.231057978513138,0.516367978168486,0.939425497249096,FALSE,"Not significant"
"Gene0310",48.1304359292779,0.0941708361339266,0.219191052993206,0.508970990521237,0.939425497249096,FALSE,"Not significant"
"Gene0311",254.507400756893,-0.0999578870649943,0.239867660542734,0.466656391055197,0.939425497249096,FALSE,"Not significant"
"Gene0312",226.097728382993,-0.100748851904309,0.204970842836005,0.489726944337949,0.939425497249096,FALSE,"Not significant"
"Gene0322",211.09820180968,0.101902817794176,0.2148245149701,0.47982445259042,0.939425497249096,FALSE,"Not significant"
"Gene0326",87.7800834582883,-0.101140338986613,0.184572403034323,0.475423266036006,0.939425497249096,FALSE,"Not significant"
"Gene0329",36.2646444006383,-0.0969282478676713,0.224510697176636,0.501805601403467,0.939425497249096,FALSE,"Not significant"
"Gene0346",83.3028136492431,-0.0935325434650348,0.241869425882941,0.495214852496784,0.939425497249096,FALSE,"Not significant"
"Gene0374",101.019583895676,-0.0970417008299983,0.216029753266395,0.503702411220327,0.939425497249096,FALSE,"Not significant"
"Gene0375",148.424587572558,-0.105445549822,0.209651149161885,0.469491205438503,0.939425497249096,FALSE,"Not significant"
"Gene0383",88.4305354008786,0.0939466467790483,0.198665814028252,0.516764709301045,0.939425497249096,FALSE,"Not significant"
"Gene0384",35.1821752921361,0.102228208036641,0.21501428973447,0.485227458922668,0.939425497249096,FALSE,"Not significant"
"Gene0402",56.4924376717011,0.091176353674206,0.235122065591337,0.517116234266538,0.939425497249096,FALSE,"Not significant"
"Gene0415",36.8351341703195,0.0958416892828486,0.213982312870703,0.506570381861558,0.939425497249096,FALSE,"Not significant"
"Gene0429",49.962381094546,-0.0929201090244498,0.214915439436926,0.521397316540839,0.939425497249096,FALSE,"Not significant"
"Gene0457",82.6852943715443,-0.0943013223891789,0.207293557537281,0.513349450017264,0.939425497249096,FALSE,"Not significant"
"Gene0462",69.2797724201968,-0.101738027949259,0.227165748480229,0.480005977698599,0.939425497249096,FALSE,"Not significant"
"Gene0505",34.6712181869607,0.0964354438065957,0.230121654018426,0.504556129507578,0.939425497249096,FALSE,"Not significant"
"Gene0507",111.934982087701,-0.0994029661480103,0.211598390749154,0.495001611601758,0.939425497249096,FALSE,"Not significant"
"Gene0512",164.289609094199,-0.0992248896258697,0.190765418387083,0.486700174102082,0.939425497249096,FALSE,"Not significant"
"Gene0525",25.3655789331553,0.103311776534674,0.227582822685993,0.478914079070605,0.939425497249096,FALSE,"Not significant"
"Gene0526",90.0035957250487,0.105110695454604,0.211141992896624,0.472890137355113,0.939425497249096,FALSE,"Not significant"
"Gene0539",100.20201095666,-0.0925620800621743,0.232943321825378,0.495640994734466,0.939425497249096,FALSE,"Not significant"
"Gene0543",164.687686049862,-0.103458357970168,0.201402103304459,0.471140664523803,0.939425497249096,FALSE,"Not significant"
"Gene0549",211.547522805518,-0.100083012655381,0.211273461692287,0.486710405270536,0.939425497249096,FALSE,"Not significant"
"Gene0558",33.5584260980115,0.0936085617205081,0.214968101852221,0.517683585974974,0.939425497249096,FALSE,"Not significant"
"Gene0593",70.9342997067545,0.0986106916048728,0.240093107091823,0.486830842882714,0.939425497249096,FALSE,"Not significant"
"Gene0601",157.282340758318,0.0995356619235149,0.189768389251362,0.487923730122955,0.939425497249096,FALSE,"Not significant"
"Gene0609",495.179736631154,0.102803197027312,0.206344835644482,0.482553284943962,0.939425497249096,FALSE,"Not significant"
"Gene0615",93.2652439765645,0.0928287258614799,0.22648716067841,0.521480887755059,0.939425497249096,FALSE,"Not significant"
"Gene0627",273.393169188084,0.0899327804840204,0.238211207638251,0.512467218496189,0.939425497249096,FALSE,"Not significant"
"Gene0669",91.727416152883,-0.0915558109701745,0.237071894275711,0.498904256577994,0.939425497249096,FALSE,"Not significant"
"Gene0672",25.9829774075337,0.0940258359654485,0.226050534642088,0.510754517021419,0.939425497249096,FALSE,"Not significant"
"Gene0677",67.072429365429,-0.0982309506228664,0.228049413188439,0.494950091055221,0.939425497249096,FALSE,"Not significant"
"Gene0706",158.950978747803,0.103361922268502,0.208486579022344,0.478494485455082,0.939425497249096,FALSE,"Not significant"
"Gene0710",172.202223683759,0.105027978964587,0.205264897991786,0.472601266391799,0.939425497249096,FALSE,"Not significant"
"Gene0711",9.47406134167858,0.0974070244843736,0.247738284754123,0.481789061117321,0.939425497249096,FALSE,"Not significant"
"Gene0716",71.7740597555437,-0.106101088901939,0.205964884368535,0.466979255948202,0.939425497249096,FALSE,"Not significant"
"Gene0730",58.0738982620711,0.0845472459797266,0.243286159082716,0.520754925746784,0.939425497249096,FALSE,"Not significant"
"Gene0739",7.82911668724589,-0.0911079431426194,0.250098726699541,0.499684616129933,0.939425497249096,FALSE,"Not significant"
"Gene0768",97.9216126731781,-0.0912872045693527,0.186402528342469,0.519895146477653,0.939425497249096,FALSE,"Not significant"
"Gene0770",17.1379115547903,-0.0976598543510868,0.237328682423547,0.489996879558876,0.939425497249096,FALSE,"Not significant"
"Gene0772",248.999332105658,0.0930435655241833,0.226573535808339,0.519594765916629,0.939425497249096,FALSE,"Not significant"
"Gene0777",81.793640361451,0.091296972727216,0.225838046292095,0.514940064779637,0.939425497249096,FALSE,"Not significant"
"Gene0804",42.5920342965924,0.106531819338628,0.222223081721133,0.467406907662045,0.939425497249096,FALSE,"Not significant"
"Gene0838",170.840702874117,0.103948620046201,0.196974871786301,0.474959902010251,0.939425497249096,FALSE,"Not significant"
"Gene0840",23.6175852840283,0.103967604518539,0.23401867649776,0.464432432314207,0.939425497249096,FALSE,"Not significant"
"Gene0878",101.59709804634,-0.0978230961206278,0.206126041362181,0.501281876844893,0.939425497249096,FALSE,"Not significant"
"Gene0887",148.89653339816,-0.0948982493135616,0.208099908534168,0.513986505026786,0.939425497249096,FALSE,"Not significant"
"Gene0889",81.6294629054982,0.0928455108224755,0.240695024533748,0.505000601777932,0.939425497249096,FALSE,"Not significant"
"Gene0935",15.0681991081715,0.10424614894843,0.231863023528542,0.472511786824354,0.939425497249096,FALSE,"Not significant"
"Gene0936",305.444233133571,-0.0986918392092298,0.210033591487741,0.49356474728355,0.939425497249096,FALSE,"Not significant"
"Gene0949",83.3107327677297,0.108481346411294,0.213237921219244,0.461896786402569,0.939425497249096,FALSE,"Not significant"
"Gene0951",455.283409531218,-0.0918864236029612,0.229878244546081,0.508029376778303,0.939425497249096,FALSE,"Not significant"
"Gene0972",69.9641149593322,0.102493087058146,0.22941114836424,0.477725401975885,0.939425497249096,FALSE,"Not significant"
"Gene0994",132.95424955576,-0.0974037414521759,0.229127831522214,0.497535354021689,0.939425497249096,FALSE,"Not significant"
"Gene0829",44.817594953271,0.0932335991259586,0.215192817036037,0.522962495532335,0.940381651057235,FALSE,"Not significant"
"Gene0202",37.3217315504333,-0.0908716174770892,0.221713046213857,0.525386774556781,0.940477315515956,FALSE,"Not significant"
"Gene0269",11.382923888377,-0.0840220547064056,0.246982715396806,0.525049818177204,0.940477315515956,FALSE,"Not significant"
"Gene0364",25.2382924681484,-0.0877521842203625,0.23358259759906,0.525868509080206,0.940477315515956,FALSE,"Not significant"
"Gene0116",25.7883767079637,0.088347485359399,0.221767025562549,0.539041620842834,0.94100241583809,FALSE,"Not significant"
"Gene0144",32.0318131510196,-0.0892065960346995,0.216437419694389,0.538363293174839,0.94100241583809,FALSE,"Not significant"
"Gene0148",99.9627162385883,-0.0557309069192716,0.268201037379724,0.565534106107395,0.94100241583809,FALSE,"Not significant"
"Gene0150",84.7874855514352,0.0909320037281643,0.222049969057398,0.530628482484556,0.94100241583809,FALSE,"Not significant"
"Gene0180",87.1682884751099,-0.0817445003120716,0.21770358830834,0.559956598316193,0.94100241583809,FALSE,"Not significant"
"Gene0196",62.0898813281559,-0.0741987882670314,0.238332991200575,0.569920258161054,0.94100241583809,FALSE,"Not significant"
"Gene0216",31.1557217829158,-0.0814486421949187,0.225315502746502,0.568609977985119,0.94100241583809,FALSE,"Not significant"
"Gene0236",110.857146071241,-0.0853208530864272,0.213383212411137,0.552121537252255,0.94100241583809,FALSE,"Not significant"
"Gene0277",59.930049205289,-0.0842419058056832,0.232272486010689,0.54251415925452,0.94100241583809,FALSE,"Not significant"
"Gene0354",96.3337665260417,0.0807978573930283,0.208443873864042,0.572020776001255,0.94100241583809,FALSE,"Not significant"
"Gene0377",37.9525254659599,-0.0786800064794219,0.233787073603405,0.57052824317609,0.94100241583809,FALSE,"Not significant"
"Gene0389",14.7822631109344,0.0789205179919688,0.242261284160619,0.556366029057325,0.94100241583809,FALSE,"Not significant"
"Gene0397",195.272508330539,0.0773686465617116,0.238645591551144,0.558027609224038,0.94100241583809,FALSE,"Not significant"
"Gene0410",94.0986249400715,-0.0891692735738985,0.201044678242111,0.537574382635306,0.94100241583809,FALSE,"Not significant"
"Gene0414",710.098937606379,-0.0840539065896853,0.212150782832532,0.556311167366221,0.94100241583809,FALSE,"Not significant"
"Gene0431",58.144047070677,-0.0875217168202713,0.23321919823536,0.528370777564436,0.94100241583809,FALSE,"Not significant"
"Gene0445",461.61805412707,0.0885230408460012,0.203529052484816,0.539402430266672,0.94100241583809,FALSE,"Not significant"
"Gene0472",34.4808886213328,0.0846786076155739,0.222523982710258,0.555656013976338,0.94100241583809,FALSE,"Not significant"
"Gene0510",31.1364641317341,0.0803205928248757,0.226252674161587,0.573735547775903,0.94100241583809,FALSE,"Not significant"
"Gene0518",32.0428702327663,0.0852846539610592,0.240006226145947,0.538837976629019,0.94100241583809,FALSE,"Not significant"
"Gene0521",54.2466685053145,0.0829283706257695,0.233607694475508,0.554570478626236,0.94100241583809,FALSE,"Not significant"
"Gene0556",97.3721740279825,0.0842952524709828,0.241084023496489,0.535552673682968,0.94100241583809,FALSE,"Not significant"
"Gene0591",43.5683253807229,0.0840155049687841,0.209980502242264,0.560937644404516,0.94100241583809,FALSE,"Not significant"
"Gene0602",39.1594280905262,0.0885897979797844,0.213089713228698,0.540805171982807,0.94100241583809,FALSE,"Not significant"
"Gene0604",8.22873837587743,0.0714105692752877,0.256962557926453,0.561476832809053,0.94100241583809,FALSE,"Not significant"
"Gene0663",33.399743743939,-0.0872050946915525,0.221090616280582,0.540075861435461,0.94100241583809,FALSE,"Not significant"
"Gene0704",63.2997151500069,0.082515818513579,0.205551635959817,0.57001407675231,0.94100241583809,FALSE,"Not significant"
"Gene0724",330.855006466503,-0.0817928173651187,0.232585650385881,0.548340403362588,0.94100241583809,FALSE,"Not significant"
"Gene0766",547.837611392791,0.0845348922988466,0.192021887472143,0.555468694658893,0.94100241583809,FALSE,"Not significant"
"Gene0779",267.876060815267,-0.0826167121387979,0.20821870104446,0.567187894821509,0.94100241583809,FALSE,"Not significant"
"Gene0805",61.0819691307887,-0.0857348727151419,0.21330354900783,0.549814330399363,0.94100241583809,FALSE,"Not significant"
"Gene0821",513.116144243979,-0.0900007521397741,0.22545883384645,0.534621431396221,0.94100241583809,FALSE,"Not significant"
"Gene0836",16.0750405397585,0.0839699610514596,0.241509453229299,0.539932489452599,0.94100241583809,FALSE,"Not significant"
"Gene0860",37.5758189135253,0.0809338397664524,0.223881830597758,0.569842851636511,0.94100241583809,FALSE,"Not significant"
"Gene0872",293.144585203629,-0.089903769959839,0.214618965945758,0.534530765982405,0.94100241583809,FALSE,"Not significant"
"Gene0882",35.4457123977643,-0.0879699065868426,0.23487892164088,0.529663665038978,0.94100241583809,FALSE,"Not significant"
"Gene0891",35.3185915598238,-0.0789635848909805,0.236442673936047,0.564530834491234,0.94100241583809,FALSE,"Not significant"
"Gene0895",22.9851772747437,0.0885455194701824,0.231843950237454,0.535678645866882,0.94100241583809,FALSE,"Not significant"
"Gene0896",87.2219563698965,0.0813053001813165,0.195429572577763,0.572811710176654,0.94100241583809,FALSE,"Not significant"
"Gene0899",71.1541162188803,-0.0838879610069128,0.218554373029067,0.557700866577734,0.94100241583809,FALSE,"Not significant"
"Gene0937",69.2926684861774,0.0825022369150114,0.217234790694603,0.565985542570674,0.94100241583809,FALSE,"Not significant"
"Gene0948",78.6806645440443,0.0826940924576373,0.223379335048702,0.562490964893463,0.94100241583809,FALSE,"Not significant"
"Gene0967",74.1876527676183,-0.0870042717611229,0.20223206340957,0.54649207238911,0.94100241583809,FALSE,"Not significant"
"Gene0968",176.500395264827,0.0831931867066341,0.222996230215834,0.563466311372474,0.94100241583809,FALSE,"Not significant"
"Gene0980",52.1666851584389,-0.0850025184892049,0.217829798487803,0.551764747703991,0.94100241583809,FALSE,"Not significant"
"Gene0986",141.209233220113,-0.0850649595157713,0.187265013750774,0.548385291442507,0.94100241583809,FALSE,"Not significant"
"Gene0987",396.1016130072,0.0833063430064029,0.214826841790714,0.561544658811127,0.94100241583809,FALSE,"Not significant"
"Gene0988",68.4474445777172,-0.0811491243305668,0.206029987929937,0.57257678805861,0.94100241583809,FALSE,"Not significant"
"Gene0998",34.7035431168602,-0.0837012434112162,0.22841288037205,0.544093583116947,0.94100241583809,FALSE,"Not significant"
"Gene0999",13.7242998685494,-0.0761007568589054,0.242586774228475,0.573415399665938,0.94100241583809,FALSE,"Not significant"
"Gene0461",39.8629054208347,0.081127014384391,0.204801122100144,0.575665230946636,0.941046137861525,FALSE,"Not significant"
"Gene0555",8.57249972557212,0.0747181746330925,0.246893271904084,0.575004010076469,0.941046137861525,FALSE,"Not significant"
"Gene0174",402.37015947026,0.0783719245006246,0.184772720881767,0.577390426197589,0.942308797870323,FALSE,"Not significant"
"Gene0481",92.4413386174487,0.0792345204331163,0.22201477066359,0.580507914965736,0.944417956274156,FALSE,"Not significant"
"Gene0769",82.481937254907,0.0780814231483197,0.214868995107015,0.581494333416449,0.944417956274156,FALSE,"Not significant"
"Gene0910",11.6681134092158,0.0753178321258035,0.241229996373231,0.581547558514622,0.944417956274156,FALSE,"Not significant"
"Gene0155",24.0794076392436,0.0793572975112359,0.215682204116124,0.583365743047637,0.94581757356412,FALSE,"Not significant"
"Gene0794",69.3782994734262,0.0780311740734413,0.210827754515087,0.585711751070509,0.948066975137044,FALSE,"Not significant"
"Gene0175",199.418217629708,0.0778979807691685,0.20801351459212,0.588894055070413,0.951660490955292,FALSE,"Not significant"
"Gene0897",16.7703597061484,-0.0752610573917526,0.23008873556176,0.592109921020869,0.955296430488808,FALSE,"Not significant"
"Gene0345",135.304391914114,0.0754089682905663,0.221901308014826,0.593180305759442,0.955464694456169,FALSE,"Not significant"
"Gene0367",6.58609062348366,0.0660084339753228,0.252367736371706,0.59894427969811,0.958584742401721,FALSE,"Not significant"
"Gene0428",321.154498557701,-0.0746410544106691,0.223436750394718,0.598994308194402,0.958584742401721,FALSE,"Not significant"
"Gene0721",276.509084772556,-0.0722333900247125,0.172140700916629,0.597651867687581,0.958584742401721,FALSE,"Not significant"
"Gene0944",119.230122653607,-0.0749540240551574,0.217545627844826,0.598972697443068,0.958584742401721,FALSE,"Not significant"
"Gene0120",113.828694703573,0.0754186055242856,0.20375929090294,0.600172001932802,0.958917786609922,FALSE,"Not significant"
"Gene0111",94.725648493679,0.0717573932508182,0.235162080269111,0.601960966007009,0.959845027072219,FALSE,"Not significant"
"Gene0536",73.685296145467,0.0722657417689653,0.221469318426272,0.605093361468803,0.959845027072219,FALSE,"Not significant"
"Gene0547",321.398059632617,0.073112770307855,0.210082375042419,0.60348689476521,0.959845027072219,FALSE,"Not significant"
"Gene0584",17.3393914396589,0.0692139810188853,0.23756152581051,0.606500945304516,0.959845027072219,FALSE,"Not significant"
"Gene0791",30.0024741470777,-0.0669466912909273,0.245346764977023,0.605365562497052,0.959845027072219,FALSE,"Not significant"
"Gene0817",12.2858771763762,0.0712114897088324,0.235471931919585,0.606575472113384,0.959845027072219,FALSE,"Not significant"
"Gene0508",191.263155127603,-0.0606759662082014,0.242417695843952,0.608295404440918,0.961029001584774,FALSE,"Not significant"
"Gene0209",49.157398867114,0.0625741799280487,0.242124069337356,0.615816630559521,0.962750973926282,FALSE,"Not significant"
"Gene0321",393.73229009309,0.0711842481560992,0.20992241832931,0.621447695777796,0.962750973926282,FALSE,"Not significant"
"Gene0379",126.065613123428,-0.0701867617938112,0.219319480446917,0.621042470604507,0.962750973926282,FALSE,"Not significant"
"Gene0418",100.92618453496,-0.0720416342353401,0.204794337675809,0.616265616695945,0.962750973926282,FALSE,"Not significant"
"Gene0447",13.7585625108931,0.0675365548099255,0.241370757259768,0.611640973598749,0.962750973926282,FALSE,"Not significant"
"Gene0482",256.857910522861,-0.0711372483988948,0.201241372559694,0.61521843747447,0.962750973926282,FALSE,"Not significant"
"Gene0520",29.3462366506741,0.0648164261329723,0.239636566104144,0.619366497814287,0.962750973926282,FALSE,"Not significant"
"Gene0524",468.169609393446,0.0724656303687702,0.186641213786329,0.61073139600229,0.962750973926282,FALSE,"Not significant"
"Gene0620",74.8501928341048,-0.0718450971192179,0.20221754531788,0.613448871424427,0.962750973926282,FALSE,"Not significant"
"Gene0758",98.0690738495894,0.069289763113232,0.21512953015232,0.622872931001761,0.962750973926282,FALSE,"Not significant"
"Gene0867",46.4173958853165,-0.0713639474391283,0.201015946346237,0.61870625477518,0.962750973926282,FALSE,"Not significant"
"Gene0914",50.6742751802352,0.0707279871713108,0.193119555515354,0.621021852231527,0.962750973926282,FALSE,"Not significant"
"Gene0929",428.122692782392,0.0699460447608157,0.208456747340291,0.623013774836016,0.962750973926282,FALSE,"Not significant"
"Gene0943",33.7513005761424,-0.0727098607790568,0.204494452439714,0.613053670003479,0.962750973926282,FALSE,"Not significant"
"Gene0264",54.2036866082491,0.0704442416424973,0.21772478599003,0.625872586004285,0.96565988698633,FALSE,"Not significant"
"Gene0327",55.5256065203128,-0.0659843775069737,0.231722034363152,0.627946930879304,0.967351268909083,FALSE,"Not significant"
"Gene0698",43.8002518523669,0.0695706172181381,0.202138652422704,0.629114606957504,0.967642840250344,FALSE,"Not significant"
"Gene0123",30.7341008696449,-0.0661112317255167,0.224677283939675,0.631736915423424,0.96909648801476,FALSE,"Not significant"
"Gene0502",640.646117765877,0.0668883069397583,0.221930698479603,0.632019448705278,0.96909648801476,FALSE,"Not significant"
"Gene0813",29.3986261526156,0.0674062114402154,0.218829789155143,0.634507632097056,0.971405647281715,FALSE,"Not significant"
"Gene0117",116.638181980077,0.0670893080785454,0.190010285945129,0.638801191121125,0.97248006170535,FALSE,"Not significant"
"Gene0184",183.739353823669,-0.0677248391345774,0.21722739148618,0.637730277257372,0.97248006170535,FALSE,"Not significant"
"Gene0235",69.2750447772632,-0.0672297554130241,0.206775325699634,0.639271751589818,0.97248006170535,FALSE,"Not significant"
"Gene0417",48.1775584424425,0.0672783223984678,0.201314768409719,0.639853326965192,0.97248006170535,FALSE,"Not significant"
"Gene0689",48.416012387851,0.0672890186826652,0.205216513391238,0.640719884654047,0.97248006170535,FALSE,"Not significant"
"Gene0901",46.4462419717564,-0.0668297157885291,0.211779156050895,0.641237073554273,0.97248006170535,FALSE,"Not significant"
"Gene0974",33.6752774142446,-0.0635957225087378,0.233720773040296,0.642092497769053,0.97248006170535,FALSE,"Not significant"
"Gene0210",22.1686887693414,0.0647827367729823,0.229649504254121,0.644408443966477,0.973007558905107,FALSE,"Not significant"
"Gene0474",20.317874140791,0.0656557799098819,0.220985397262878,0.643724500469355,0.973007558905107,FALSE,"Not significant"
"Gene0756",194.801360833884,-0.0655447546053525,0.200929545202123,0.645624627545496,0.973357860735511,FALSE,"Not significant"
"Gene0835",58.0585813773428,-0.0645226097706061,0.187784728219754,0.647210976378839,0.974264316040596,FALSE,"Not significant"
"Gene0298",54.9042068906928,-0.0636556584733131,0.217695579004064,0.653312177048496,0.98104599005284,FALSE,"Not significant"
"Gene0350",64.9311653664569,0.0632483928551193,0.193078403426203,0.657424055374485,0.98104599005284,FALSE,"Not significant"
"Gene0401",28.4284971378323,0.0632976552923366,0.221930108666734,0.656162152222198,0.98104599005284,FALSE,"Not significant"
"Gene0427",67.2896856016792,-0.0610784590600385,0.232829868496246,0.654324263996075,0.98104599005284,FALSE,"Not significant"
"Gene0843",107.565390176508,-0.0626051692967002,0.191059046945315,0.65766783761884,0.98104599005284,FALSE,"Not significant"
"Gene0918",318.250439509521,-0.0621454543131285,0.186650132613733,0.655070964449933,0.98104599005284,FALSE,"Not significant"
"Gene0102",108.889249907963,0.0594290909022051,0.217715900096175,0.678087356838561,0.985517365059027,FALSE,"Not significant"
"Gene0129",31.5834780070031,-0.0548034599221004,0.215694914450665,0.698272455958559,0.985517365059027,FALSE,"Not significant"
"Gene0149",36.0992933503067,-0.0563903381322492,0.234636609657621,0.671518333758892,0.985517365059027,FALSE,"Not significant"
"Gene0154",12.4214438389953,0.0505200807975086,0.244052566440136,0.696253863524198,0.985517365059027,FALSE,"Not significant"
"Gene0165",106.719415062148,-0.0502020517693772,0.212883717264753,0.719589621987027,0.985517365059027,FALSE,"Not significant"
"Gene0190",97.1260428104768,-0.0597732480913406,0.206401521221808,0.673588991010408,0.985517365059027,FALSE,"Not significant"
"Gene0217",42.2147738222841,0.0577107777337965,0.210292599844456,0.687450053166407,0.985517365059027,FALSE,"Not significant"
"Gene0233",132.846111000447,0.0563162638811077,0.197708832535726,0.694290892749236,0.985517365059027,FALSE,"Not significant"
"Gene0249",19.2834260620011,0.0464261424542973,0.238104463879996,0.720906448253519,0.985517365059027,FALSE,"Not significant"
"Gene0272",15.681759757088,-0.0418501853054641,0.248714981411108,0.71618614914707,0.985517365059027,FALSE,"Not significant"
"Gene0273",59.9522008325566,-0.0552308698994961,0.213569366340178,0.695636564333678,0.985517365059027,FALSE,"Not significant"
"Gene0285",43.7072108025556,0.0502625754272067,0.22832164050823,0.718527649197271,0.985517365059027,FALSE,"Not significant"
"Gene0294",25.9978485511883,0.0523235729938027,0.225714663264158,0.704647365436546,0.985517365059027,FALSE,"Not significant"
"Gene0335",185.241650355398,-0.0546753774400122,0.203641105536208,0.702481500374124,0.985517365059027,FALSE,"Not significant"
"Gene0356",32.343271196187,-0.0500015643568509,0.216654294150402,0.723018943237346,0.985517365059027,FALSE,"Not significant"
"Gene0360",153.133390403913,-0.0533677872180431,0.216248513227386,0.69661715619303,0.985517365059027,FALSE,"Not significant"
"Gene0365",69.6707426215726,0.0511304564492685,0.201840083883716,0.721622800704742,0.985517365059027,FALSE,"Not significant"
"Gene0399",7.75769839159737,0.0496976149722355,0.245495907518376,0.700714596886129,0.985517365059027,FALSE,"Not significant"
"Gene0400",27.3471927401064,0.0600785795314749,0.21867258345726,0.675311666142459,0.985517365059027,FALSE,"Not significant"
"Gene0403",19.4845155388064,-0.0491218828774448,0.219964126498675,0.724439964001934,0.985517365059027,FALSE,"Not significant"
"Gene0423",61.8376190162626,-0.0510715188748693,0.198867559179163,0.719664097733086,0.985517365059027,FALSE,"Not significant"
"Gene0450",76.9639475678686,-0.0488212048027426,0.224498109098695,0.722023613341009,0.985517365059027,FALSE,"Not significant"
"Gene0451",431.335239763501,-0.0520877208435554,0.214151528094645,0.718327756869919,0.985517365059027,FALSE,"Not significant"
"Gene0464",38.7683283588256,-0.0498255323121907,0.211081053226552,0.722818078040829,0.985517365059027,FALSE,"Not significant"
"Gene0466",659.475166989319,0.0572432824033346,0.187076166096897,0.686328703422065,0.985517365059027,FALSE,"Not significant"
"Gene0468",103.127814599109,0.0577710285135589,0.211834388621913,0.688623894264664,0.985517365059027,FALSE,"Not significant"
"Gene0528",21.6419901433456,-0.0594685415353303,0.212433402604491,0.677083806727167,0.985517365059027,FALSE,"Not significant"
"Gene0530",235.610998319204,0.048028286152272,0.24087123461619,0.71569631055615,0.985517365059027,FALSE,"Not significant"
"Gene0557",92.030920264131,-0.0510589434543782,0.213656796779936,0.718633140428858,0.985517365059027,FALSE,"Not significant"
"Gene0562",86.6405029276865,0.055051432173757,0.221851384128956,0.696150228057006,0.985517365059027,FALSE,"Not significant"
"Gene0574",129.692009614654,0.0536798448207036,0.217451617278121,0.707173191791096,0.985517365059027,FALSE,"Not significant"
"Gene0597",38.2352540224601,-0.05567971405836,0.213936504959618,0.694221515847282,0.985517365059027,FALSE,"Not significant"
"Gene0619",31.2836164280781,-0.0513163175044789,0.217446700695814,0.713980256069728,0.985517365059027,FALSE,"Not significant"
"Gene0622",24.788033015767,0.0590843539218614,0.228767285507138,0.671882787564853,0.985517365059027,FALSE,"Not significant"
"Gene0623",63.6456768592813,0.0552025667567654,0.228471639770292,0.688206056227922,0.985517365059027,FALSE,"Not significant"
"Gene0632",207.04803810093,0.0628613273760689,0.210791686464471,0.662027724465929,0.985517365059027,FALSE,"Not significant"
"Gene0636",78.7806820550978,0.0619711012785842,0.206752151288769,0.664756801477342,0.985517365059027,FALSE,"Not significant"
"Gene0643",23.6963017942028,-0.0608860305618517,0.218559441745458,0.666953566729997,0.985517365059027,FALSE,"Not significant"
"Gene0655",15.5179476990473,-0.0557553799331999,0.237047952383719,0.672732745862653,0.985517365059027,FALSE,"Not significant"
"Gene0660",53.248209482741,0.0506498007667814,0.219395713141,0.717327884549006,0.985517365059027,FALSE,"Not significant"
"Gene0668",45.8173330760864,0.0617978947640827,0.216830634004459,0.664850293172521,0.985517365059027,FALSE,"Not significant"
"Gene0678",154.96889477172,0.0578750561848217,0.208843269631119,0.682720510811172,0.985517365059027,FALSE,"Not significant"
"Gene0684",54.0343933661753,-0.0495325500491879,0.228550890085386,0.714525395684266,0.985517365059027,FALSE,"Not significant"
"Gene0701",23.3704628308365,-0.0511511726380898,0.230687057253392,0.700245043484099,0.985517365059027,FALSE,"Not significant"
"Gene0719",47.8088700823073,0.0606260401589368,0.219560724005921,0.670715772818782,0.985517365059027,FALSE,"Not significant"
"Gene0732",36.220246421736,0.0549681811494184,0.221524314637953,0.692366107266909,0.985517365059027,FALSE,"Not significant"
"Gene0742",58.1658540461421,-0.0525325105652526,0.187115540531786,0.709831719793597,0.985517365059027,FALSE,"Not significant"
"Gene0762",95.1793989301726,-0.0614356078462136,0.187573641833591,0.663162648304567,0.985517365059027,FALSE,"Not significant"
"Gene0764",57.6297148140656,0.0506696634246498,0.22758526086483,0.718416519056741,0.985517365059027,FALSE,"Not significant"
"Gene0785",43.0715056171282,0.058515885711083,0.196731714156276,0.683146723710083,0.985517365059027,FALSE,"Not significant"
"Gene0787",67.6738327536615,0.0577220813210833,0.200235968247795,0.685300524707788,0.985517365059027,FALSE,"Not significant"
"Gene0819",19.2836519489797,-0.0547978548007036,0.227955873289839,0.692312191755053,0.985517365059027,FALSE,"Not significant"
"Gene0842",42.6201251982675,0.0583521110903294,0.22007769030983,0.681850151838343,0.985517365059027,FALSE,"Not significant"
"Gene0858",79.2325584180102,0.0519571952417385,0.205709918814389,0.718236247948599,0.985517365059027,FALSE,"Not significant"
"Gene0861",50.5973293410501,-0.0558575912977158,0.212981971436532,0.693408741705984,0.985517365059027,FALSE,"Not significant"
"Gene0884",199.818797366503,0.0521938969158191,0.210258459963943,0.716187908164071,0.985517365059027,FALSE,"Not significant"
"Gene0890",31.4260325701097,-0.0541465875129765,0.213197790219609,0.703319696851969,0.985517365059027,FALSE,"Not significant"
"Gene0893",17.5830496236172,-0.0502723204601309,0.23233732420132,0.709454462388416,0.985517365059027,FALSE,"Not significant"
"Gene0898",121.998636016176,-0.05538194935146,0.215443333687025,0.696324476566608,0.985517365059027,FALSE,"Not significant"
"Gene0902",32.481764539621,0.0475155128738771,0.236600089006204,0.720092057888719,0.985517365059027,FALSE,"Not significant"
"Gene0905",120.625377085131,-0.0485992352693025,0.222379435690713,0.723530906610494,0.985517365059027,FALSE,"Not significant"
"Gene0934",422.043721013728,0.0502532868039108,0.208982085406186,0.723571220512123,0.985517365059027,FALSE,"Not significant"
"Gene0953",83.2166508104571,0.0546908521801666,0.198655266782263,0.701626791066013,0.985517365059027,FALSE,"Not significant"
"Gene0956",40.1850234315556,-0.0591672647658885,0.205022976639283,0.674232590525476,0.985517365059027,FALSE,"Not significant"
"Gene0105",53.9718266930463,-0.0469027447378892,0.218072369705034,0.736900294201915,0.987204697765751,FALSE,"Not significant"
"Gene0122",75.6065167020575,0.0285290343697715,0.217217507377302,0.836991452001448,0.987204697765751,FALSE,"Not significant"
"Gene0126",174.484590015745,0.0225822540727709,0.224087419121045,0.868264873363962,0.987204697765751,FALSE,"Not significant"
"Gene0130",116.432935543985,0.0472332421432256,0.198826716151153,0.74206110008764,0.987204697765751,FALSE,"Not significant"
"Gene0131",57.9635660652569,0.0240696394456334,0.204140793661727,0.866265453736293,0.987204697765751,FALSE,"Not significant"
"Gene0133",44.3133588780481,0.026977383990065,0.219937943937103,0.846857022224485,0.987204697765751,FALSE,"Not significant"
"Gene0135",33.8137700207979,-0.0229548590316981,0.219503022926154,0.865638301488336,0.987204697765751,FALSE,"Not significant"
"Gene0145",12.7305808486971,0.0296787964624849,0.228271432466966,0.828064969819952,0.987204697765751,FALSE,"Not significant"
"Gene0158",172.679863638755,0.0320600824814893,0.237526052655374,0.80772365087844,0.987204697765751,FALSE,"Not significant"
"Gene0162",59.6791227651735,0.0240794764560491,0.192414307018038,0.864428481850828,0.987204697765751,FALSE,"Not significant"
"Gene0164",26.7934873809463,0.038450479761319,0.22132721597176,0.783595714473369,0.987204697765751,FALSE,"Not significant"
"Gene0169",73.1323746744677,0.0471772833401486,0.224168078382557,0.736878811028597,0.987204697765751,FALSE,"Not significant"
"Gene0172",16.7834290477345,-0.0236008317347804,0.214723882098537,0.865877537665846,0.987204697765751,FALSE,"Not significant"
"Gene0182",13.2340441504661,0.0245338475530705,0.235914136559475,0.85221920093627,0.987204697765751,FALSE,"Not significant"
"Gene0185",34.2708572207892,-0.0288857738561684,0.219783482635898,0.841195594242961,0.987204697765751,FALSE,"Not significant"
"Gene0206",28.2102089532795,0.0447043526464845,0.211741410038632,0.756893953588141,0.987204697765751,FALSE,"Not significant"
"Gene0212",277.731265246705,-0.0374942476501195,0.204721754241856,0.78873426778488,0.987204697765751,FALSE,"Not significant"
"Gene0218",129.249720984813,-0.0373214189158778,0.207273130060345,0.786663673569743,0.987204697765751,FALSE,"Not significant"
"Gene0220",59.2095615224138,-0.0316728815676869,0.212594777256829,0.820278614398155,0.987204697765751,FALSE,"Not significant"
"Gene0225",34.5280346097384,-0.0266822347143856,0.21522774128479,0.848278766243293,0.987204697765751,FALSE,"Not significant"
"Gene0230",449.806363479613,-0.0288662813359057,0.224357477929244,0.832432665099969,0.987204697765751,FALSE,"Not significant"
"Gene0232",98.021018654072,-0.0261253528563932,0.200923427787009,0.852352088120148,0.987204697765751,FALSE,"Not significant"
"Gene0248",103.60313977091,-0.0439103632780605,0.19952379188796,0.757266834411935,0.987204697765751,FALSE,"Not significant"
"Gene0251",55.1360536351887,-0.0334138474975147,0.203340395615686,0.812656586264174,0.987204697765751,FALSE,"Not significant"
"Gene0263",19.6893361742077,0.0317028369030564,0.235257461713538,0.811805571671987,0.987204697765751,FALSE,"Not significant"
"Gene0275",544.373735986217,-0.0253902785503951,0.213422886628794,0.857844008219274,0.987204697765751,FALSE,"Not significant"
"Gene0295",133.622907957291,0.0448214890724448,0.221754053635295,0.743578375063284,0.987204697765751,FALSE,"Not significant"
"Gene0297",32.885591910301,0.0369281483682204,0.230175970046288,0.785869422764435,0.987204697765751,FALSE,"Not significant"
"Gene0305",24.2423214478633,-0.0436299494411538,0.224381205487279,0.753338259334946,0.987204697765751,FALSE,"Not significant"
"Gene0306",29.5141669995557,0.0307477425094349,0.216037863099401,0.831048999590075,0.987204697765751,FALSE,"Not significant"
"Gene0309",30.8892547964231,-0.0461843074182084,0.235597991061304,0.729273156973105,0.987204697765751,FALSE,"Not significant"
"Gene0313",74.5673135648597,-0.0307125769147066,0.217600434582037,0.823622899740784,0.987204697765751,FALSE,"Not significant"
"Gene0320",167.119992388454,-0.0353959924151014,0.210549906260015,0.801768610363086,0.987204697765751,FALSE,"Not significant"
"Gene0325",119.234722959512,0.0450600633620554,0.199812995406486,0.753684404450382,0.987204697765751,FALSE,"Not significant"
"Gene0328",202.217795497894,-0.0293738520358597,0.239075713392412,0.810159773956285,0.987204697765751,FALSE,"Not significant"
"Gene0330",36.9420618603413,-0.0278898712805636,0.205370899627223,0.8435094569567,0.987204697765751,FALSE,"Not significant"
"Gene0334",93.9897052369766,-0.0299573169861366,0.261555148820531,0.766619579025755,0.987204697765751,FALSE,"Not significant"
"Gene0336",221.469246494902,0.0474840660556043,0.197557933133626,0.738187261554589,0.987204697765751,FALSE,"Not significant"
"Gene0347",110.239595745761,0.0247871610983937,0.200119306400199,0.863802573077233,0.987204697765751,FALSE,"Not significant"
"Gene0351",19.244262429006,-0.0396912847461801,0.216427430223633,0.777312354422191,0.987204697765751,FALSE,"Not significant"
"Gene0352",48.3239013001808,0.0452400437911477,0.202948930932157,0.751842192455225,0.987204697765751,FALSE,"Not significant"
"Gene0366",118.920277162707,-0.0269085344569406,0.217451558537405,0.843609918417843,0.987204697765751,FALSE,"Not significant"
"Gene0370",33.0628983595016,-0.0308425448890163,0.228070142721535,0.820256143788301,0.987204697765751,FALSE,"Not significant"
"Gene0371",123.481137378974,0.0237099989436196,0.209776758454561,0.861134122827875,0.987204697765751,FALSE,"Not significant"
"Gene0373",226.971792506483,0.0335436348545099,0.218810576774884,0.811618927443786,0.987204697765751,FALSE,"Not significant"
"Gene0382",64.0213960103261,-0.0432049740528908,0.196441532684762,0.760695952173816,0.987204697765751,FALSE,"Not significant"
"Gene0405",153.542995370776,-0.021580358191244,0.216177279459373,0.867808883859055,0.987204697765751,FALSE,"Not significant"
"Gene0412",96.510991981825,0.0434120393769323,0.199866880485097,0.76280849753405,0.987204697765751,FALSE,"Not significant"
"Gene0416",56.9793632188481,-0.0388316462594918,0.203919309166726,0.782663815519718,0.987204697765751,FALSE,"Not significant"
"Gene0421",336.771052563379,-0.0374628703821233,0.188245890312668,0.790953302862983,0.987204697765751,FALSE,"Not significant"
"Gene0452",16.6259193846466,0.0353375662935577,0.226002306752367,0.798528138121218,0.987204697765751,FALSE,"Not significant"
"Gene0454",13.5130072748199,-0.0299378507223996,0.224797708312597,0.828557265968418,0.987204697765751,FALSE,"Not significant"
"Gene0467",17.161556713075,0.0248861298499182,0.241255117514919,0.84388907932162,0.987204697765751,FALSE,"Not significant"
"Gene0469",387.592918930152,-0.0376028389686025,0.181742639271836,0.785786992838667,0.987204697765751,FALSE,"Not significant"
"Gene0475",141.458082600901,-0.0474457159544226,0.201036291352088,0.737171459514083,0.987204697765751,FALSE,"Not significant"
"Gene0487",18.9091233998938,0.0331013428801932,0.241505189817397,0.799393788524951,0.987204697765751,FALSE,"Not significant"
"Gene0489",103.198791554031,-0.0294634239439558,0.200910466205688,0.832074510078505,0.987204697765751,FALSE,"Not significant"
"Gene0494",84.9016054998956,-0.0426763527852467,0.223057267337838,0.758310418057112,0.987204697765751,FALSE,"Not significant"
"Gene0497",81.6227567758146,-0.0312660448770608,0.201142694430128,0.824667940022122,0.987204697765751,FALSE,"Not significant"
"Gene0498",28.9575948389877,-0.0460812189704631,0.213302530598769,0.743201777481714,0.987204697765751,FALSE,"Not significant"
"Gene0501",274.498341895043,0.0442327109713273,0.173562270012857,0.748373600434476,0.987204697765751,FALSE,"Not significant"
"Gene0503",34.5390379545374,-0.0415588285014889,0.213966431453113,0.765949219429712,0.987204697765751,FALSE,"Not significant"
"Gene0504",121.924980556211,0.044316820732272,0.206104286448164,0.756487587596548,0.987204697765751,FALSE,"Not significant"
"Gene0511",395.893675886515,0.0457199790080426,0.182104906436235,0.745968856692067,0.987204697765751,FALSE,"Not significant"
"Gene0513",68.7342319378879,0.0407106603417061,0.2143878026138,0.776060828610194,0.987204697765751,FALSE,"Not significant"
"Gene0517",43.7732859833315,0.0342695449738784,0.224812394984853,0.800433564596785,0.987204697765751,FALSE,"Not significant"
"Gene0522",55.7392083189284,-0.0350353781513038,0.209756847243385,0.800327733862466,0.987204697765751,FALSE,"Not significant"
"Gene0533",35.2583888533711,-0.0241197011458796,0.213133429885952,0.86019639001225,0.987204697765751,FALSE,"Not significant"
"Gene0535",427.583013953398,0.0415629137394074,0.198912927534408,0.767576924980508,0.987204697765751,FALSE,"Not significant"
"Gene0548",31.1185446244207,0.0454647756094735,0.213045889565354,0.750664921377767,0.987204697765751,FALSE,"Not significant"
"Gene0552",40.6893815050691,-0.0354620765395865,0.219907085029869,0.798699482473441,0.987204697765751,FALSE,"Not significant"
"Gene0568",642.250160513957,-0.03826177953429,0.191526498657889,0.782363764533534,0.987204697765751,FALSE,"Not significant"
"Gene0572",91.2926934914683,-0.0320033909564704,0.197042813483424,0.819941464924812,0.987204697765751,FALSE,"Not significant"
"Gene0578",10.3014712922312,-0.041367909818821,0.234681970634054,0.757288324211099,0.987204697765751,FALSE,"Not significant"
"Gene0580",25.4648129193893,0.0393554670785309,0.210081345264781,0.780702907467771,0.987204697765751,FALSE,"Not significant"
"Gene0581",12.1327797186838,-0.0257135684794853,0.236992593740076,0.843187462574268,0.987204697765751,FALSE,"Not significant"
"Gene0599",103.508728519171,0.027258570302931,0.208230401574157,0.847338886320282,0.987204697765751,FALSE,"Not significant"
"Gene0610",225.246310838853,0.0387414351840736,0.200956826577032,0.785601844907702,0.987204697765751,FALSE,"Not significant"
"Gene0617",86.1420524975241,0.0265267637743243,0.185020932662053,0.850876888564871,0.987204697765751,FALSE,"Not significant"
"Gene0618",111.521428650662,-0.0377173962348425,0.203639745652488,0.787644016671283,0.987204697765751,FALSE,"Not significant"
"Gene0621",20.6743217163351,0.0368192728984004,0.209560646359025,0.798669644563797,0.987204697765751,FALSE,"Not significant"
"Gene0625",233.582656834784,0.0333841628200337,0.208354166932422,0.814160576528272,0.987204697765751,FALSE,"Not significant"
"Gene0626",47.5740321703934,-0.032191871187299,0.239149590094178,0.802186825801817,0.987204697765751,FALSE,"Not significant"
"Gene0630",53.4114413432324,-0.0389543708006441,0.187790898465496,0.781556767721053,0.987204697765751,FALSE,"Not significant"
"Gene0634",26.1244084628925,-0.0446070506314607,0.211347519985684,0.750797787634372,0.987204697765751,FALSE,"Not significant"
"Gene0644",50.8915117940749,0.0329803520192699,0.203799878687316,0.817430858590203,0.987204697765751,FALSE,"Not significant"
"Gene0645",90.3340563282524,-0.0263785375770947,0.1956746054235,0.851007971695515,0.987204697765751,FALSE,"Not significant"
"Gene0646",46.2639768538596,-0.0489502985898078,0.217749580050438,0.728103938982078,0.987204697765751,FALSE,"Not significant"
"Gene0662",122.080873171546,-0.0298423997923141,0.199832337333039,0.83171390111096,0.987204697765751,FALSE,"Not significant"
"Gene0664",21.6616260111324,-0.0253267025641543,0.233432425831837,0.845825856341203,0.987204697765751,FALSE,"Not significant"
"Gene0673",8.76404631269867,-0.036942627440585,0.246904271844274,0.762607524184505,0.987204697765751,FALSE,"Not significant"
"Gene0675",27.2405123258271,0.0323900978448572,0.246346758609502,0.78370281064768,0.987204697765751,FALSE,"Not significant"
"Gene0676",20.8062030723691,-0.0471058881773529,0.216826354015066,0.737643524006807,0.987204697765751,FALSE,"Not significant"
"Gene0682",28.3695996257342,0.0379435503204107,0.210151844496198,0.78947594051446,0.987204697765751,FALSE,"Not significant"
"Gene0692",19.4538932146535,0.024679450987828,0.219205249625975,0.861003472893087,0.987204697765751,FALSE,"Not significant"
"Gene0699",37.7680690814863,-0.0354687144234453,0.203192148318098,0.801244860076904,0.987204697765751,FALSE,"Not significant"
"Gene0700",49.1242867187914,-0.0243465136844489,0.222496608194189,0.85781804925885,0.987204697765751,FALSE,"Not significant"
"Gene0702",43.6738569735084,0.0248216615037316,0.21504871634391,0.852827296856177,0.987204697765751,FALSE,"Not significant"
"Gene0703",63.0246685733099,-0.0338099421442114,0.215572136794963,0.808422895913609,0.987204697765751,FALSE,"Not significant"
"Gene0709",103.575912584449,-0.0420437771082132,0.190896210815039,0.765220659904805,0.987204697765751,FALSE,"Not significant"
"Gene0713",83.7381401231593,-0.0321995712612006,0.203067246852216,0.817612960501699,0.987204697765751,FALSE,"Not significant"
"Gene0715",29.051253716356,-0.0392020891047709,0.235099205896948,0.759133199054706,0.987204697765751,FALSE,"Not significant"
"Gene0717",39.4560820543615,-0.025042041346144,0.211213740700313,0.857963554480789,0.987204697765751,FALSE,"Not significant"
"Gene0727",28.7359067813866,-0.0401939344509445,0.215062356576364,0.774737498909811,0.987204697765751,FALSE,"Not significant"
"Gene0738",104.560116924485,0.0466283401415464,0.192733212295805,0.740545352111139,0.987204697765751,FALSE,"Not significant"
"Gene0749",166.676825996223,-0.0370414197674316,0.200376072824002,0.795768568140116,0.987204697765751,FALSE,"Not significant"
"Gene0763",20.5466628321436,-0.0229563055906777,0.21902312299262,0.868420714920327,0.987204697765751,FALSE,"Not significant"
"Gene0776",49.5220777053847,0.0355073029221621,0.205402198039203,0.803410803288248,0.987204697765751,FALSE,"Not significant"
"Gene0782",116.186361385167,0.0414460852331675,0.230357467238172,0.753969373131039,0.987204697765751,FALSE,"Not significant"
"Gene0803",42.9374784318225,-0.0283662911285555,0.213987635161846,0.838433024347785,0.987204697765751,FALSE,"Not significant"
"Gene0812",375.367190719888,-0.0442018367032799,0.201282688076746,0.754302131551328,0.987204697765751,FALSE,"Not significant"
"Gene0818",35.1771238530276,-0.0365556665621536,0.205780907113864,0.79648558119607,0.987204697765751,FALSE,"Not significant"
"Gene0823",51.5248543559088,-0.0280154671471643,0.21461312944511,0.838656142598487,0.987204697765751,FALSE,"Not significant"
"Gene0831",9.7379737389244,-0.0353015683159745,0.24550361377505,0.773421875518115,0.987204697765751,FALSE,"Not significant"
"Gene0833",102.942146188346,0.0427055842680695,0.196073578668866,0.764973047879651,0.987204697765751,FALSE,"Not significant"
"Gene0839",28.8286011950222,-0.0292961143889879,0.227564202164249,0.826633474094016,0.987204697765751,FALSE,"Not significant"
"Gene0841",170.585136811673,0.0379618981971056,0.229242632873248,0.779208527492023,0.987204697765751,FALSE,"Not significant"
"Gene0845",336.147108471089,0.0323925702268459,0.194416467808944,0.820851688634552,0.987204697765751,FALSE,"Not significant"
"Gene0846",25.908508306929,0.0412946228301369,0.202152742789479,0.773830089753879,0.987204697765751,FALSE,"Not significant"
"Gene0849",39.2083075311043,-0.0459324063201833,0.214903901377339,0.74108847944154,0.987204697765751,FALSE,"Not significant"
"Gene0850",79.6642125990458,-0.0426763733049396,0.215872937157849,0.761070387076058,0.987204697765751,FALSE,"Not significant"
"Gene0851",27.3171941155043,0.0304898360771378,0.207622442544766,0.830468123041367,0.987204697765751,FALSE,"Not significant"
"Gene0852",122.808436124979,0.0252646996326834,0.19123328442033,0.860584577834264,0.987204697765751,FALSE,"Not significant"
"Gene0857",134.816710878438,-0.0274733291020586,0.217399997417093,0.843267400032121,0.987204697765751,FALSE,"Not significant"
"Gene0870",294.606029840746,-0.030181222956996,0.187900246623948,0.828798560386194,0.987204697765751,FALSE,"Not significant"
"Gene0874",53.1243668306394,-0.0326928313235017,0.194547498904427,0.818462779056464,0.987204697765751,FALSE,"Not significant"
"Gene0876",285.918961155767,-0.0451435225434789,0.183935953892646,0.746217255356895,0.987204697765751,FALSE,"Not significant"
"Gene0880",105.981806389211,-0.0430647356693402,0.215869743442176,0.760422572102848,0.987204697765751,FALSE,"Not significant"
"Gene0915",18.7594759556122,0.0318823455841546,0.235773437369897,0.807890645101697,0.987204697765751,FALSE,"Not significant"
"Gene0933",89.1985641389538,0.0457293947886834,0.208912713715904,0.74792816086433,0.987204697765751,FALSE,"Not significant"
"Gene0939",535.059250411837,0.0456680288552596,0.212213139684658,0.749859927397964,0.987204697765751,FALSE,"Not significant"
"Gene0941",19.6013541373346,-0.0211951638626532,0.237774143026543,0.867469032015578,0.987204697765751,FALSE,"Not significant"
"Gene0946",59.5624278860923,-0.0325282162535781,0.200085149681258,0.817831877617742,0.987204697765751,FALSE,"Not significant"
"Gene0960",84.2733077990988,0.0266420943879508,0.214419361601402,0.850374850431414,0.987204697765751,FALSE,"Not significant"
"Gene0963",140.174190007697,0.0337078135352016,0.22186973025464,0.800580371974345,0.987204697765751,FALSE,"Not significant"
"Gene0964",141.3635014458,-0.0443389457815845,0.187321505212982,0.751722572154982,0.987204697765751,FALSE,"Not significant"
"Gene0965",36.0547426024764,-0.0264209278201312,0.216844221897797,0.846715798488693,0.987204697765751,FALSE,"Not significant"
"Gene0970",208.751676081114,-0.0354213787383596,0.206232928993612,0.800358584738275,0.987204697765751,FALSE,"Not significant"
"Gene0971",38.1337642692516,0.0364842386226559,0.203320944927378,0.798101016528935,0.987204697765751,FALSE,"Not significant"
"Gene0978",37.2392659752346,0.0342031881939633,0.222414556161326,0.806746754228046,0.987204697765751,FALSE,"Not significant"
"Gene0982",142.259718246581,-0.0329744445820389,0.203012407984561,0.81555514592894,0.987204697765751,FALSE,"Not significant"
"Gene0991",461.906096328874,0.02733059004758,0.193528141527906,0.848256291007059,0.987204697765751,FALSE,"Not significant"
"Gene0995",95.738677079845,-0.0384416769544799,0.223236084872073,0.775813786057382,0.987204697765751,FALSE,"Not significant"
"Gene0681",80.1514325189465,0.0235019793249667,0.199229862155511,0.870375638090035,0.98829105174632,FALSE,"Not significant"
"Gene0308",299.336412599323,-0.0221394387685327,0.210687427912245,0.871771256783781,0.988740565320137,FALSE,"Not significant"
"Gene0486",52.6850802882449,0.0222964588850216,0.208650471583471,0.874323253805212,0.989490165247905,FALSE,"Not significant"
"Gene0743",318.762709746451,-0.021667710844911,0.188752823818063,0.874433169288846,0.989490165247905,FALSE,"Not significant"
"Gene0291",46.9424153508754,-0.0215939310054104,0.210124709191561,0.876469325562875,0.989529866417447,FALSE,"Not significant"
"Gene0406",71.7104610078209,0.0222149629154637,0.215545136213234,0.875558172660615,0.989529866417447,FALSE,"Not significant"
"Gene0798",39.083880183847,0.0216574809349915,0.211155211831061,0.878790430702023,0.991019083197606,FALSE,"Not significant"
"Gene0115",125.674212436268,0.0169297050936319,0.193795558974444,0.906281843638072,0.991225770418572,FALSE,"Not significant"
"Gene0119",65.8837860424775,0.0201122070010014,0.212403143284795,0.889733727864959,0.991225770418572,FALSE,"Not significant"
"Gene0121",107.586682232412,0.0185671912695809,0.177433944942638,0.894838926117594,0.991225770418572,FALSE,"Not significant"
"Gene0143",90.391599986626,-0.0192111565257703,0.215933255909753,0.890613141850621,0.991225770418572,FALSE,"Not significant"
"Gene0156",52.3759444437435,-0.0155013026140334,0.21584199841505,0.907079924772519,0.991225770418572,FALSE,"Not significant"
"Gene0171",626.66823980914,-0.0132696859068984,0.19469770774765,0.919320187763737,0.991225770418572,FALSE,"Not significant"
"Gene0178",66.8866109748609,-0.0167082858007011,0.203895966047673,0.904799339105675,0.991225770418572,FALSE,"Not significant"
"Gene0280",46.3228241135238,-0.0156042816519825,0.216011563855733,0.909802704214137,0.991225770418572,FALSE,"Not significant"
"Gene0289",408.511820084953,0.016693597059436,0.217516348387574,0.904485176360103,0.991225770418572,FALSE,"Not significant"
"Gene0296",57.1149811598019,-0.0132912101854759,0.21539973979225,0.922855680365941,0.991225770418572,FALSE,"Not significant"
"Gene0341",36.1389560165378,0.0146849680507219,0.207282089915122,0.918415982159261,0.991225770418572,FALSE,"Not significant"
"Gene0353",186.136277215964,-0.0181819478713064,0.21540019376457,0.892304959693317,0.991225770418572,FALSE,"Not significant"
"Gene0419",48.896927490435,0.0137314737799296,0.225542663817953,0.916113640657165,0.991225770418572,FALSE,"Not significant"
"Gene0432",202.083204085102,0.0160608949019711,0.22747835162702,0.906069236880693,0.991225770418572,FALSE,"Not significant"
"Gene0453",116.976981611657,0.0210403484197559,0.18296029770964,0.883062987483448,0.991225770418572,FALSE,"Not significant"
"Gene0455",134.379239484063,0.0161284354945151,0.203360132122299,0.911830115751773,0.991225770418572,FALSE,"Not significant"
"Gene0465",58.3387179594252,-0.0164931618964805,0.202349374827451,0.905215881040554,0.991225770418572,FALSE,"Not significant"
"Gene0480",80.9303810684655,-0.0135307054643472,0.209270273605596,0.921320666955825,0.991225770418572,FALSE,"Not significant"
"Gene0483",67.7490461328524,0.0195011909363581,0.201699228138218,0.892090430638397,0.991225770418572,FALSE,"Not significant"
"Gene0527",70.3939685171952,0.01685081133405,0.212404266831342,0.907135545850917,0.991225770418572,FALSE,"Not significant"
"Gene0542",13.831606577049,0.0189108192020559,0.226177074998907,0.891540660754986,0.991225770418572,FALSE,"Not significant"
"Gene0546",32.6754869185174,0.014845517219501,0.224091252862008,0.916497342673796,0.991225770418572,FALSE,"Not significant"
"Gene0559",659.682388442777,0.0216844360235868,0.206646495309506,0.881195698892603,0.991225770418572,FALSE,"Not significant"
"Gene0565",38.6057934765363,0.0153120979099749,0.20965040046615,0.914774407750462,0.991225770418572,FALSE,"Not significant"
"Gene0588",32.0434926659298,-0.0207887865685222,0.209236994184333,0.881245283700303,0.991225770418572,FALSE,"Not significant"
"Gene0595",163.47819343761,-0.0164225504587533,0.205292143329404,0.902237133724451,0.991225770418572,FALSE,"Not significant"
"Gene0598",78.4294491820606,-0.0160247249386432,0.200446751382646,0.908147682893099,0.991225770418572,FALSE,"Not significant"
"Gene0606",551.14890628288,0.0179735720236369,0.187157597973182,0.89789744766891,0.991225770418572,FALSE,"Not significant"
"Gene0614",76.0630017995901,0.0199994964327962,0.201738830595563,0.889164159513002,0.991225770418572,FALSE,"Not significant"
"Gene0691",203.380035010841,-0.013795101024266,0.225964657376238,0.918917082104411,0.991225770418572,FALSE,"Not significant"
"Gene0708",148.873558100867,0.0152971622365695,0.2089923170017,0.915125692543724,0.991225770418572,FALSE,"Not significant"
"Gene0735",15.8102859587463,-0.0151817662787574,0.220971203320926,0.911592490968535,0.991225770418572,FALSE,"Not significant"
"Gene0744",259.30340484814,0.0182275658168502,0.195988766807597,0.901319849540196,0.991225770418572,FALSE,"Not significant"
"Gene0761",334.454054658248,0.0178274596007732,0.205694526740912,0.903067063536478,0.991225770418572,FALSE,"Not significant"
"Gene0773",52.305933333545,0.0172697323023836,0.196361515007851,0.904350854248676,0.991225770418572,FALSE,"Not significant"
"Gene0789",425.94404382197,0.0186379273950584,0.193023033780768,0.897123999319677,0.991225770418572,FALSE,"Not significant"
"Gene0820",8.09990841496216,0.0166663554992578,0.247200812830882,0.892081168386406,0.991225770418572,FALSE,"Not significant"
"Gene0854",78.8320557469466,0.0207589303838197,0.206560642577324,0.884479646238452,0.991225770418572,FALSE,"Not significant"
"Gene0881",105.031917079588,0.0172450143553071,0.213731677243537,0.903330009540625,0.991225770418572,FALSE,"Not significant"
"Gene0906",336.779995792574,0.0165578341853527,0.209139882978384,0.908821490211844,0.991225770418572,FALSE,"Not significant"
"Gene0966",75.7579156898246,0.0138746200437886,0.198331494937448,0.923072734636506,0.991225770418572,FALSE,"Not significant"
"Gene0989",221.208565886436,0.0174019446642673,0.217185983127033,0.902608190549298,0.991225770418572,FALSE,"Not significant"
"Gene0990",87.1303522357906,0.0147813340670867,0.200857053696308,0.918877724151486,0.991225770418572,FALSE,"Not significant"
"Gene1000",57.9664502624188,0.0145647824731997,0.199742560950582,0.92214582322408,0.991225770418572,FALSE,"Not significant"
"Gene0221",33.0254130191822,0.0127821649370531,0.213655676171833,0.92773530271636,0.994156282643806,FALSE,"Not significant"
"Gene0594",205.115935751901,-0.0119750223210353,0.22268940877796,0.927812182892045,0.994156282643806,FALSE,"Not significant"
"Gene0110",11.4180962115009,-0.0115068631101588,0.232016323766302,0.931706930899469,0.996956999441164,FALSE,"Not significant"
"Gene0252",83.4854583915676,-0.00930205318736957,0.225112586163045,0.943530587944317,0.996956999441164,FALSE,"Not significant"
"Gene0342",369.023879142538,0.010680652502339,0.197966281145454,0.940569975113387,0.996956999441164,FALSE,"Not significant"
"Gene0392",50.8193088208246,-0.0100467927457264,0.20339857101886,0.942358920230355,0.996956999441164,FALSE,"Not significant"
"Gene0509",31.8956295983293,0.0107007097786672,0.22452755695687,0.939035750763252,0.996956999441164,FALSE,"Not significant"
"Gene0544",101.804785876299,-0.010654310393707,0.207979299358414,0.938501599463948,0.996956999441164,FALSE,"Not significant"
"Gene0658",6.96943907359731,0.00946530011949912,0.245807586478424,0.939657547055405,0.996956999441164,FALSE,"Not significant"
"Gene0734",44.0982299304777,-0.011755802586222,0.218433906174857,0.932584921440189,0.996956999441164,FALSE,"Not significant"
"Gene0736",531.556462937931,0.0103923555088281,0.177962519423766,0.943156587977282,0.996956999441164,FALSE,"Not significant"
"Gene0810",203.426528390537,-0.0100276743531562,0.186590328096176,0.941401450486584,0.996956999441164,FALSE,"Not significant"
"Gene0811",42.0731412098057,-0.0104694513860885,0.214910316626973,0.938102635164174,0.996956999441164,FALSE,"Not significant"
"Gene0853",102.392326082606,-0.00985619674516713,0.190433912181645,0.943195721254039,0.996956999441164,FALSE,"Not significant"
"Gene0931",86.3180892192572,-0.0111848290417885,0.196898742229725,0.935517623610717,0.996956999441164,FALSE,"Not significant"
"Gene0104",994.706592245221,0.00445145705185946,0.212785968531914,0.975757800867208,0.998056918096371,FALSE,"Not significant"
"Gene0124",122.036828406164,-0.00566728859101897,0.192692837947898,0.966798404057287,0.998056918096371,FALSE,"Not significant"
"Gene0138",33.7165054569288,0.00806458148756899,0.203596899420098,0.955587596150456,0.998056918096371,FALSE,"Not significant"
"Gene0160",661.40780131764,-0.00592708652404876,0.174633588486663,0.974220326737938,0.998056918096371,FALSE,"Not significant"
"Gene0163",112.791404445179,-0.00294466775249986,0.203341199402629,0.98134851932878,0.998056918096371,FALSE,"Not significant"
"Gene0195",369.779982481739,0.00245078290225805,0.19983389736778,0.983928710964572,0.998056918096371,FALSE,"Not significant"
"Gene0197",43.2433931988527,-0.0090719724266135,0.211508716720719,0.94615438396512,0.998056918096371,FALSE,"Not significant"
"Gene0239",1213.48525974933,-0.0120212234182263,0.206005530613617,0.955661236944876,0.998056918096371,FALSE,"Not significant"
"Gene0241",77.2096318231244,0.0074325937966727,0.191212583366328,0.959077302287178,0.998056918096371,FALSE,"Not significant"
"Gene0265",41.006536118039,-0.00523359559996775,0.195802056136921,0.969672328487379,0.998056918096371,FALSE,"Not significant"
"Gene0286",23.3755329275139,0.00836787690414618,0.218002498559387,0.954509253846049,0.998056918096371,FALSE,"Not significant"
"Gene0302",217.650766568388,0.00368235893840124,0.212950266697553,0.97879928374261,0.998056918096371,FALSE,"Not significant"
"Gene0318",32.3207728930859,-0.00682092828991072,0.198811565648557,0.963271121215929,0.998056918096371,FALSE,"Not significant"
"Gene0339",173.90500236159,0.00611368866379278,0.202952459783614,0.973775073113764,0.998056918096371,FALSE,"Not significant"
"Gene0344",44.8054570128129,-0.00226897449834527,0.20226675892958,0.982155619713281,0.998056918096371,FALSE,"Not significant"
"Gene0361",185.148548086811,0.00875009008709216,0.210853856462138,0.950821297522626,0.998056918096371,FALSE,"Not significant"
"Gene0363",134.369854217777,0.00839172593519767,0.238168521354561,0.949997385434021,0.998056918096371,FALSE,"Not significant"
"Gene0393",67.7615520412218,0.00687386508649131,0.193008461423009,0.962714959820823,0.998056918096371,FALSE,"Not significant"
"Gene0407",19.9562414464533,0.00359200258247553,0.22866845498007,0.98015668729415,0.998056918096371,FALSE,"Not significant"
"Gene0478",69.7382082886116,-0.00523352435293702,0.234592520879525,0.968030946704056,0.998056918096371,FALSE,"Not significant"
"Gene0491",27.4708348152642,0.00366212240161163,0.223907520274821,0.980616162402634,0.998056918096371,FALSE,"Not significant"
"Gene0516",48.176264479012,-0.00428178349522189,0.19870234220178,0.975035710719402,0.998056918096371,FALSE,"Not significant"
"Gene0519",106.654264601765,-0.00464447850355558,0.180733233828481,0.972327521054853,0.998056918096371,FALSE,"Not significant"
"Gene0545",26.0361970408094,-0.00454406740021598,0.223053586739145,0.972334599853402,0.998056918096371,FALSE,"Not significant"
"Gene0612",32.1314666524487,-0.00409395840763654,0.264968699486246,0.958668515865833,0.998056918096371,FALSE,"Not significant"
"Gene0635",186.441924524799,0.0065641251261851,0.188447510657793,0.965008080264982,0.998056918096371,FALSE,"Not significant"
"Gene0666",272.9560586572,0.00364169635691185,0.185937722057159,0.980086807601699,0.998056918096371,FALSE,"Not significant"
"Gene0687",45.1995221013706,0.00582580173268018,0.208116162963769,0.96877556199309,0.998056918096371,FALSE,"Not significant"
"Gene0728",48.7237689753206,-0.00504361569761692,0.226569147937187,0.968025850326358,0.998056918096371,FALSE,"Not significant"
"Gene0784",71.6647126219531,-0.00869010721058421,0.205083464323025,0.949401783576235,0.998056918096371,FALSE,"Not significant"
"Gene0807",81.2933606338432,-0.00736548858791027,0.217406896073621,0.956798627302126,0.998056918096371,FALSE,"Not significant"
"Gene0868",82.5249472047575,0.00812290311597107,0.214158147276667,0.955078259623789,0.998056918096371,FALSE,"Not significant"
"Gene0883",200.152576701259,0.00787268459367704,0.213482303600646,0.952190693174855,0.998056918096371,FALSE,"Not significant"
"Gene0888",63.4850088400478,-0.00794204864809944,0.217009338149089,0.952696261649263,0.998056918096371,FALSE,"Not significant"
"Gene0932",149.186688935776,0.00307379812079061,0.222165340207668,0.983839123124976,0.998056918096371,FALSE,"Not significant"
"Gene0950",70.6945086238289,-0.00430081351322316,0.18990805844613,0.97420114108537,0.998056918096371,FALSE,"Not significant"
"Gene0983",33.087299038758,0.00384071822560424,0.202563833076771,0.980042476783583,0.998056918096371,FALSE,"Not significant"
"Gene0984",579.353689320997,0.00965032296559253,0.194589944102393,0.969989979546085,0.998056918096371,FALSE,"Not significant"
"Gene0993",432.372239159754,0.00727169791333226,0.182062317215362,0.959717387183263,0.998056918096371,FALSE,"Not significant"
"Gene0650",14.494493390403,0.00220343577995996,0.226674524180261,0.988325472495447,0.998529449246014,FALSE,"Not significant"
"Gene0834",57.8655800790953,-0.00216494973702922,0.19190840471102,0.986386801799277,0.998529449246014,FALSE,"Not significant"
"Gene0977",186.008576833972,-0.00192726539087649,0.1961767034808,0.987819747868559,0.998529449246014,FALSE,"Not significant"
"Gene0992",79.9673471073344,-0.00126973276420879,0.214438030222913,0.988433094855255,0.998529449246014,FALSE,"Not significant"
"Gene0207",28.6967196322152,-0.000473243167708154,0.218164697149939,0.994499018305142,0.999295210772655,FALSE,"Not significant"
"Gene0231",64.1892841410077,0.000605739885081992,0.209414442718222,0.998226954628067,0.999295210772655,FALSE,"Not significant"
"Gene0271",18.0229650209172,-0.000528187967752951,0.232389255051056,0.995445814189351,0.999295210772655,FALSE,"Not significant"
"Gene0282",9.4691153181728,2.89594100793872e-05,0.231827861549097,0.999104884096703,0.999295210772655,FALSE,"Not significant"
"Gene0420",230.990655599504,0.00140621095800517,0.205486179810485,0.994004255630024,0.999295210772655,FALSE,"Not significant"
"Gene0577",109.223921653915,-0.000773268601364852,0.206787290029234,0.992861980483002,0.999295210772655,FALSE,"Not significant"
"Gene0722",162.244975275612,0.00120301040775928,0.227496063692044,0.995224643094969,0.999295210772655,FALSE,"Not significant"
"Gene0790",107.085830101526,0.00102531818889931,0.193866485011455,0.995567476379612,0.999295210772655,FALSE,"Not significant"
"Gene0801",16.0158467400024,0.000315830720241095,0.218462030249096,0.999295210772655,0.999295210772655,FALSE,"Not significant"
"Gene0997",105.619169803097,0.000803312558811718,0.188591182964557,0.996783804396914,0.999295210772655,FALSE,"Not significant"
