"feature","DHMR001","DHMR002","DHMR003","DHMR004","DHMR009","DHMR010","DHMR011","DHMR012"
"0610005C13Rik",1,4,11,6,13,6,14,8
"0610007P14Rik",668,1487,1491,1352,1490,1371,1364,1434
"0610009B22Rik",493,908,1023,1002,977,1025,1029,1048
"0610009L18Rik",12,29,37,34,33,57,46,33
"0610009O20Rik",820,1380,1526,1462,1407,1327,1410,1406
"0610010F05Rik",425,1150,686,879,1017,1058,885,1068
"0610010K14Rik",649,1065,1172,1183,1128,1066,1098,1144
"0610011F06Rik",223,422,497,428,394,403,379,430
"0610012G03Rik",214,452,440,409,401,475,467,436
"0610030E20Rik",486,965,1113,1126,967,1043,1059,1123
"0610037L13Rik",611,1151,1350,1241,1160,1066,1064,1225
"0610038B21Rik",6,6,10,11,13,10,11,11
"0610039K10Rik",3,1,0,2,0,2,1,0
"0610040B10Rik",15,17,31,24,13,41,28,18
"0610040F04Rik",1,1,0,1,1,0,0,0
"0610040J01Rik",0,3,1,0,0,14,7,0
"0610043K17Rik",1,2,0,2,2,5,5,2
"1010001N08Rik",2,3,0,2,1,1,1,0
"1110001J03Rik",89,136,169,171,144,133,129,125
"1110002L01Rik",48,76,69,89,67,85,83,76
"1110004E09Rik",346,615,869,720,741,674,797,850
"1110004F10Rik",1761,2944,3672,3431,3117,2732,2946,3231
"1110006O24Rik",3,8,11,9,9,6,10,12
"1110007C09Rik",696,1535,1462,1293,1445,1684,1895,1679
"1110008F13Rik",773,1219,1392,1262,1206,1311,1534,1481
"1110008L16Rik",387,730,692,730,742,754,735,767
"1110008P14Rik",406,830,913,751,779,868,940,930
"1110012L19Rik",450,881,1156,918,897,941,1211,1042
"1110017D15Rik",1,4,2,4,7,4,2,8
"1110019D14Rik",78,112,88,127,140,157,111,97
"1110020A21Rik",4,18,20,7,21,19,16,10
"1110032A03Rik",165,305,368,316,304,310,333,335
"1110034G24Rik",82,168,163,150,164,198,206,206
"1110037F02Rik",1802,3832,3273,3838,4013,3810,3424,3551
"1110038B12Rik",960,1973,2108,1841,1993,2119,2651,2564
"1110038F14Rik",605,1063,1143,1118,1049,1084,1053,1161
"1110046J04Rik",130,218,213,203,177,212,233,228
"1110051M20Rik",889,1663,1737,1653,1678,1736,1568,1540
"1110059E24Rik",703,1177,1275,1390,1290,1102,1093,1263
"1110059G10Rik",277,674,552,688,689,727,586,729
"1110065P20Rik",227,315,379,356,335,287,318,335
"1190002F15Rik",69,95,111,119,93,68,51,64
"1190002N15Rik",2748,7115,5122,6898,6400,7231,5442,5237
"1190005I06Rik",9,3,2,7,2,5,5,6
"1190007I07Rik",51,71,72,76,65,88,90,81
"1200014J11Rik",1045,1881,1931,2130,2139,2027,1873,1903
"1300002E11Rik",111,222,248,242,272,358,334,283
"1300017J02Rik",0,3,2,2,4,2,1,3
"1500004A13Rik",32,86,78,94,77,87,90,86
"1500009C09Rik",0,1,1,0,1,2,1,0
"1500009L16Rik",12,27,27,20,24,14,12,14
"1500011B03Rik",118,245,340,265,247,309,388,378
"1500011K16Rik",229,451,601,484,453,458,515,567
"1500012F01Rik",924,1830,1946,1881,1706,1901,2404,2429
"1500012K07Rik",0,4,0,1,3,5,1,5
"1500015A07Rik",12,24,79,59,34,42,62,90
"1500015O10Rik",34,36,49,47,34,10,5,29
"1500017E21Rik",37,111,86,60,103,142,103,101
"1500026H17Rik",1,1,1,1,3,3,0,0
"1600002D24Rik",1,0,0,1,0,0,0,1
"1600002H07Rik",204,332,355,372,321,319,351,373
"1600002K03Rik",107,249,190,208,217,231,264,228
"1600012H06Rik",884,1732,1765,1894,1811,2005,1887,1941
"1600014C10Rik",383,841,782,675,771,853,977,778
"1600014C23Rik",1,1,0,1,3,1,2,3
"1600020E01Rik",114,174,234,213,171,199,243,254
"1600023N17Rik",0,4,5,2,1,1,4,2
"1600025M17Rik",0,1,1,0,0,2,0,0
"1600027J07Rik",10,4,16,22,5,3,1,3
"1700001C19Rik",2,0,2,2,2,0,2,2
"1700001G11Rik",0,6,9,3,6,8,8,4
"1700001G17Rik",4,4,7,6,11,5,8,3
"1700001K19Rik",8,5,9,12,0,7,11,6
"1700001K23Rik",1,1,1,2,3,4,1,2
"1700001L05Rik",17,49,35,37,83,71,74,68
"1700001L19Rik",4,4,11,6,3,4,5,5
"1700001O22Rik",6,9,10,9,9,20,13,14
"1700001P01Rik",0,0,4,2,3,2,2,2
"1700003E16Rik",62,135,99,108,115,144,137,112
"1700003F12Rik",26,98,63,50,85,122,125,76
"1700003G18Rik",0,1,1,1,1,1,1,0
"1700003M02Rik",1,3,5,8,4,2,5,4
"1700006H21Rik",0,0,2,1,0,0,1,1
"1700007G11Rik",3,5,4,3,5,6,9,4
"1700007J10Rik",11,20,36,33,18,14,37,30
"1700007K09Rik",0,0,4,1,1,0,1,1
"1700007K13Rik",6,14,10,12,18,15,16,8
"1700007L15Rik",22,47,46,42,39,32,39,42
"1700008J07Rik",9,17,20,19,23,17,14,12
"1700008O03Rik",0,1,3,0,2,0,2,1
"1700009N14Rik",3,10,3,3,12,7,3,5
"1700011A15Rik",0,0,0,0,1,1,2,0
"1700011E24Rik",0,3,1,0,0,1,1,0
"1700011I03Rik",2,6,10,3,2,7,4,10
"1700011L22Rik",0,2,1,0,1,0,0,0
"1700012B07Rik",0,3,4,0,9,0,1,3
"1700012B09Rik",33,70,120,87,71,87,142,138
"1700012D01Rik",9,23,22,26,36,19,27,27
"1700012D14Rik",1,7,10,3,7,9,4,13
"1700012H19Rik",1,2,2,1,0,3,2,0
"1700013F07Rik",1,6,2,2,1,4,4,6
"1700013G24Rik",5,10,12,8,6,3,3,6
"1700013H16Rik",1,0,0,2,3,1,2,1
"1700015E13Rik",0,0,1,1,2,1,0,0
"1700015F17Rik",1,0,1,2,0,0,2,1
"1700016C15Rik",0,1,0,0,1,0,0,1
"1700016D06Rik",0,0,3,0,1,5,5,2
"1700017B05Rik",1642,3085,2830,2962,2940,3158,3544,3313
"1700018A04Rik",5,5,11,14,12,14,11,14
"1700018B08Rik",2,1,0,2,0,0,0,0
"1700018C11Rik",0,0,0,1,0,2,1,1
"1700018L02Rik",1,2,7,2,1,5,3,0
"1700019A02Rik",1,0,0,0,0,1,0,1
"1700019B03Rik",1,0,0,1,1,2,2,0
"1700019D03Rik",0,1,0,0,2,2,0,1
"1700019G17Rik",6,25,21,13,22,23,30,15
"1700019G24Rik",1,0,0,1,1,1,1,0
"1700019L03Rik",77,138,137,130,117,182,294,231
"1700019N19Rik",0,1,1,1,1,0,0,0
"1700020A23Rik",0,1,3,0,0,2,1,4
"1700020D05Rik",0,3,4,0,8,3,6,5
"1700020I14Rik",566,1175,931,1039,1159,1037,904,949
"1700020L24Rik",107,228,236,180,190,268,311,248
"1700020N01Rik",2,0,1,2,1,1,1,0
"1700021F05Rik",626,972,1175,1103,1058,1062,961,1037
"1700021K19Rik",1573,2978,3064,2999,2879,2911,2980,2890
"1700022H01Rik",0,2,2,2,0,2,3,3
"1700022I11Rik",0,0,0,0,2,1,1,0
"1700023F06Rik",0,1,3,0,4,1,1,4
"1700024P16Rik",27,58,31,54,61,52,47,50
"1700025F24Rik",0,4,2,1,1,3,3,3
"1700025G04Rik",403,656,505,749,637,592,524,590
"1700026D08Rik",12,53,37,29,56,61,123,105
"1700026J14Rik",0,1,1,2,0,2,1,0
"1700026L06Rik",3,2,9,7,2,14,9,10
"1700027A15Rik",0,0,1,0,0,1,2,0
"1700028E10Rik",3,3,1,4,3,3,3,5
"1700028I16Rik",6,5,5,10,2,5,9,5
"1700028J19Rik",13,22,21,19,23,21,24,19
"1700028K03Rik",2,8,6,10,12,24,16,8
"1700029I15Rik",7,13,13,11,9,9,12,18
"1700029J03Rik",14,22,17,17,10,5,9,19
"1700029J07Rik",15,53,23,32,37,48,41,37
"1700030F04Rik",1,1,3,2,1,2,2,0
"1700030F18Rik",2,1,3,3,3,3,4,4
"1700030J22Rik",61,109,85,106,104,119,113,112
"1700030K09Rik",277,517,482,467,505,532,536,459
"1700030L20Rik",0,0,0,1,0,1,1,0
"1700031A10Rik",4,8,11,9,8,10,10,8
"1700034E13Rik",2,2,2,2,7,4,5,4
"1700034H15Rik",0,1,2,0,1,1,6,1
"1700034P13Rik",5,2,5,4,2,7,4,1
"1700037C18Rik",36,76,77,74,63,66,60,58
"1700037H04Rik",617,1352,1254,1219,1261,1393,1602,1359
"1700042O10Rik",3,2,6,7,2,3,1,8
"1700048M11Rik",9,9,16,14,10,15,12,14
"1700048O20Rik",0,1,2,0,2,1,0,1
"1700049G17Rik",114,271,233,278,274,303,257,300
"1700052K11Rik",155,248,276,288,245,286,262,257
"1700056E22Rik",13,30,19,17,35,33,31,15
"1700057G04Rik",0,2,0,1,0,0,0,1
"1700061G19Rik",4,18,12,12,11,18,10,8
"1700061I17Rik",0,1,2,1,0,1,3,1
"1700063D05Rik",1,1,0,2,0,3,0,0
"1700065J18Rik",10,12,14,16,12,9,9,18
"1700066B19Rik",2,1,3,3,0,1,0,4
"1700066M21Rik",364,762,559,749,771,758,574,654
"1700067K01Rik",3,10,23,11,12,9,19,16
"1700071M16Rik",0,1,1,2,2,1,0,1
"1700073E17Rik",1,3,0,1,0,0,0,1
"1700084E18Rik",1,0,3,5,2,3,5,6
"1700086L19Rik",0,1,1,3,2,2,2,0
"1700086O06Rik",7,8,18,20,16,13,14,21
"1700088E04Rik",26,35,33,29,45,40,34,41
"1700092C10Rik",0,1,3,1,1,3,1,0
"1700092M07Rik",3,3,7,3,1,3,3,0
"1700093K21Rik",36,84,46,61,69,88,79,51
"1700094D03Rik",50,94,103,111,105,149,147,145
"1700096K18Rik",14,27,38,32,39,57,65,51
"1700101E01Rik",1,6,0,1,6,2,4,1
"1700101I11Rik",5,9,11,10,10,9,9,8
"1700102H20Rik",1,4,5,4,2,5,1,2
"1700102P08Rik",13,18,22,22,15,11,11,15
"1700105P06Rik",0,1,3,2,0,1,2,2
"1700108F19Rik",5,5,6,13,9,13,5,12
"1700109G14Rik",0,2,0,0,1,1,0,0
"1700109H08Rik",7,21,10,16,11,20,12,20
"1700109K24Rik",33,104,84,102,101,61,93,71
"1700110C19Rik",0,0,2,2,0,1,1,4
"1700112E06Rik",40,68,99,87,57,83,104,90
"1700112H15Rik",5,5,3,6,5,8,1,4
"1700112J16Rik",0,2,3,1,1,5,4,1
"1700113A16Rik",388,599,713,664,579,720,646,676
"1700116B05Rik",1,0,1,1,1,1,1,1
"1700119H24Rik",1,1,1,1,0,3,2,1
"1700120C14Rik",3,2,10,4,7,6,4,3
"1700120K04Rik",9,28,23,17,16,23,11,14
"1700123K08Rik",1,0,1,1,0,0,0,0
"1700123M08Rik",21,60,40,39,46,49,43,38
"1700123O20Rik",694,1222,1416,1308,1159,1175,1314,1481
"1700124L16Rik",1,1,2,2,1,1,3,6
"1700125H03Rik",2,5,4,1,7,3,8,5
"1700125H20Rik",0,1,1,1,0,0,0,0
"1700128A07Rik",1,0,0,2,1,0,0,1
"1810008I18Rik",0,3,0,1,0,2,3,1
"1810009A15Rik",0,0,0,1,0,1,2,0
"1810010H24Rik",17,32,27,28,27,38,36,36
"1810011O10Rik",93,151,190,170,202,170,164,218
"1810012K16Rik",0,2,2,4,0,1,0,3
"1810013L24Rik",1215,2390,2698,2640,2477,2598,2508,2605
"1810014B01Rik",46,111,123,116,116,112,107,117
"1810019D21Rik",1,1,4,1,3,0,2,2
"1810020O05Rik",0,7,1,3,4,1,2,1
"1810021B22Rik",30,42,49,46,45,53,51,61
"1810022K09Rik",502,1058,967,1025,1124,1116,969,958
"1810024B03Rik",4,8,15,10,17,14,10,11
"1810026B05Rik",184,317,328,389,371,375,364,359
"1810026J23Rik",1628,3150,3769,3228,3094,3123,3211,3356
"1810030O07Rik",1050,2254,2108,2103,2258,2451,2424,2319
"1810032O08Rik",180,327,388,344,346,292,398,412
"1810034E14Rik",45,94,79,86,118,112,138,128
"1810037I17Rik",863,1587,1745,1684,1656,1622,1646,1726
"1810041H14Rik",0,0,2,0,0,0,1,1
"1810041L15Rik",115,151,112,165,117,71,39,121
"1810043G02Rik",425,794,779,735,767,825,856,771
"1810043H04Rik",132,259,309,277,257,300,291,281
"1810044D09Rik",15,15,19,21,15,12,23,15
"1810046K07Rik",1,1,2,0,1,0,1,2
"1810053B23Rik",2,2,3,2,0,2,2,2
"1810055G02Rik",1332,2186,2552,2576,2224,2104,2230,2318
"1810058I24Rik",1091,2636,2382,2224,2424,3077,3107,2613
"1810062G17Rik",7,26,24,26,19,18,21,19
"1810062O18Rik",1,5,7,5,6,7,6,5
"1810065E05Rik",0,0,0,0,0,2,3,1
"2010001A14Rik",34,102,116,77,101,112,123,127
"2010001E11Rik",0,0,1,0,0,1,1,0
"2010003K11Rik",1,1,3,2,2,1,0,2
"2010005H15Rik",2,0,2,3,1,4,5,7
"2010009K17Rik",0,2,0,1,1,2,0,1
"2010010A06Rik",0,1,3,0,1,0,0,0
"2010012O05Rik",342,624,601,648,688,685,677,675
"2010107E04Rik",1165,2234,2630,2403,2117,2055,1968,2181
"2010107G12Rik",2,3,5,2,9,7,8,6
"2010107G23Rik",74,174,120,124,159,188,197,190
"2010111I01Rik",2174,3718,5268,4191,4269,4347,4692,4600
"2010204K13Rik",47,49,69,72,63,60,53,61
"2010308F09Rik",0,0,1,1,0,0,1,1
"2010310C07Rik",1,0,1,4,0,2,2,2
"2010315B03Rik",72,215,167,189,147,252,245,242
"2010320M18Rik",57,92,104,110,118,117,148,132
"2200002D01Rik",175,297,451,317,340,270,283,314
"2210010C04Rik",9,19,18,13,18,34,33,25
"2210011C24Rik",57,64,85,75,85,89,64,68
"2210013O21Rik",679,1131,1457,1339,1136,1070,1055,1206
"2210015D19Rik",219,340,390,429,364,356,379,386
"2210016F16Rik",74,118,150,142,123,129,130,133
"2210016L21Rik",497,1064,1183,1042,1035,1085,1135,1058
"2210018M11Rik",335,904,509,718,804,787,718,695
"2210039B01Rik",0,1,0,0,0,1,1,0
"2210404O09Rik",16,61,37,42,70,71,68,64
"2210406O10Rik",7,6,5,7,5,6,6,5
"2210408F21Rik",25,65,73,58,61,97,100,100
"2210408I21Rik",85,186,159,166,184,157,142,192
"2210409D07Rik",6,8,9,7,12,8,3,3
"2210409E12Rik",0,0,1,0,1,0,0,1
"2210416O15Rik",8,10,31,15,15,13,14,15
"2300005B03Rik",0,1,0,0,1,0,1,0
"2300009A05Rik",57,123,101,110,126,98,133,152
"2310001H17Rik",29,63,59,52,62,64,57,59
"2310002F09Rik",3,12,13,4,14,26,20,14
"2310002L09Rik",12,24,49,25,43,26,14,40
"2310007B03Rik",2,3,4,4,2,1,1,4
"2310008N11Rik",1,3,2,2,2,1,0,0
"2310009A05Rik",102,189,224,205,224,266,221,218
"2310009B15Rik",235,387,412,411,349,383,407,406
"2310010G23Rik",19,35,52,46,33,37,31,38
"2310010J17Rik",15,34,23,23,35,29,27,26
"2310011J03Rik",767,1661,1702,1491,1485,1533,1620,1636
"2310015A10Rik",129,298,375,321,326,286,279,336
"2310020H05Rik",13,16,12,15,20,18,13,12
"2310022A10Rik",716,1286,1439,1368,1317,1214,1147,1140
"2310022B05Rik",4630,9043,10147,8943,8942,9707,8427,8334
"2310030G06Rik",94,168,140,175,188,164,147,164
"2310033P09Rik",212,336,380,375,309,289,265,293
"2310034G01Rik",1,11,12,8,8,12,12,13
"2310034O05Rik",0,1,0,0,2,1,1,4
"2310035C23Rik",832,1647,1491,1752,1833,1853,1721,1755
"2310036O22Rik",3362,5959,6706,6384,5886,5571,6579,6448
"2310039H08Rik",53,135,140,122,155,130,162,144
"2310039L15Rik",5,12,14,5,14,4,5,8
"2310040G24Rik",2,4,9,6,2,4,3,7
"2310043L19Rik",47,55,80,95,52,47,39,62
"2310045N01Rik",517,914,832,795,782,1036,1069,827
"2310047M10Rik",283,582,690,615,549,612,632,555
"2310057J18Rik",1,1,0,1,0,0,1,0
"2310057M21Rik",305,514,582,559,570,530,483,551
"2310061I04Rik",320,604,692,588,539,586,592,557
"2310065F04Rik",12,24,25,27,21,18,8,12
"2310067B10Rik",810,1657,1493,1415,1571,1659,1701,1490
"2310068J16Rik",0,2,7,1,5,0,3,5
"2310069B03Rik",1,3,3,3,6,5,5,3
"2410002F23Rik",920,1461,1587,1585,1534,1294,1396,1479
"2410004B18Rik",389,649,662,684,595,637,611,648
"2410004P03Rik",1,1,2,3,0,0,0,0
"2410006H16Rik",1031,2274,2143,2117,2048,2201,3050,3024
"2410012E07Rik",10,19,18,19,38,35,19,18
"2410015M20Rik",843,1674,2037,1673,1628,1503,1670,1663
"2410016O06Rik",316,628,630,584,584,537,546,625
"2410018L13Rik",2,4,2,4,3,3,5,3
"2410021H03Rik",1,8,3,5,2,1,2,2
"2410089E03Rik",868,2464,1548,2011,2329,2470,2421,2187
"2410127L17Rik",275,636,502,575,564,614,511,560
"2410131K14Rik",280,570,553,489,567,522,612,577
"2500002B13Rik",61,106,120,107,130,160,162,129
"2500004C02Rik",24,49,51,50,47,32,34,40
"2510002D24Rik",100,200,216,190,193,185,161,166
"2510003B16Rik",1,4,2,2,2,3,6,4
"2510009E07Rik",825,1975,1493,1954,2002,1970,1630,1643
"2510039O18Rik",1721,3474,3280,3180,3325,3791,3744,3536
"2610001J05Rik",889,1662,1999,1851,1685,1587,1777,1829
"2610002M06Rik",387,985,657,839,917,940,855,765
"2610005L07Rik",202,202,226,262,245,208,310,256
"2610008E11Rik",372,1037,627,789,730,771,631,775
"2610015P09Rik",88,304,152,222,255,330,273,277
"2610016A17Rik",0,3,5,0,1,3,1,4
"2610020C07Rik",11,14,11,14,12,20,19,19
"2610020H08Rik",91,130,116,158,135,119,125,147
"2610027K06Rik",0,0,1,0,2,0,0,2
"2610028E06Rik",0,2,0,1,1,3,6,1
"2610028H24Rik",0,2,2,4,5,2,3,3
"2610035D17Rik",15,32,21,34,17,19,22,29
"2610037D02Rik",0,3,3,0,1,4,3,1
"2610044O15Rik8",135,255,221,242,255,263,262,256
"2610203C22Rik",11,11,3,12,13,5,6,7
"2610206C17Rik",6,6,13,19,11,10,8,21
"2610301B20Rik",727,1311,1473,1480,1442,1424,1346,1494
"2610305D13Rik",0,0,1,1,0,0,0,1
"2610306M01Rik",48,95,88,80,81,88,93,82
"2610307P16Rik",60,78,115,116,97,84,137,135
"2610316D01Rik",17,29,13,18,35,45,30,21
"2610318N02Rik",27,38,59,51,49,45,38,32
"2610507B11Rik",4759,9565,9835,9618,9868,9613,10027,9566
"2610507I01Rik",3,2,17,16,6,4,19,9
"2610524H06Rik",91,194,228,191,192,206,240,229
"2610528A11Rik",178,237,87,233,289,54,49,219
"2700029M09Rik",803,1229,1207,1481,1300,1097,918,1178
"2700038G22Rik",16,35,57,62,29,17,28,36
"2700046G09Rik",9,11,20,18,14,13,17,22
"2700049A03Rik",278,715,432,599,657,535,465,475
"2700054A10Rik",18,48,31,41,45,38,38,34
"2700060E02Rik",3301,6403,7371,6567,6226,6394,6496,6591
"2700062C07Rik",264,476,520,532,484,485,554,596
"2700069I18Rik",11,18,14,21,8,11,15,11
"2700070H01Rik",15,32,22,22,31,33,37,19
"2700081O15Rik",1131,2105,1988,2120,2059,1861,1844,1966
"2700094K13Rik",357,546,668,686,555,335,354,488
"2700097O09Rik",124,211,200,208,232,270,222,201
"2700099C18Rik",132,172,139,230,142,83,61,133
"2810001G20Rik",41,75,105,89,59,77,87,68
"2810002D19Rik",57,113,118,121,108,126,126,125
"2810004N23Rik",639,1124,1315,1238,1283,1139,1130,1208
"2810006K23Rik",335,577,608,629,600,584,566,515
"2810013P06Rik",38,128,180,157,150,127,207,189
"2810021J22Rik",174,329,305,380,339,346,382,349
"2810025M15Rik",1028,1586,1802,1816,1600,1324,1200,1366
"2810029C07Rik",9,12,35,25,18,13,19,16
"2810047C21Rik1",12,15,13,11,14,17,16,14
"2810403A07Rik",1075,2222,2956,2762,2340,2443,2592,2721
"2810403D21Rik",22,72,66,39,56,89,81,71
"2810404M03Rik",3,1,3,3,2,0,1,0
"2810405F15Rik",1,4,1,4,4,1,4,4
"2810408A11Rik",89,177,146,147,175,135,138,117
"2810408I11Rik",33,52,36,60,39,59,44,43
"2810410L24Rik",40,50,122,103,51,46,90,82
"2810417H13Rik",1594,1770,1725,2489,1742,748,518,1313
"2810428I15Rik",711,1456,1531,1411,1413,1527,1713,1472
"2810433D01Rik",11,40,25,26,39,35,29,28
"2810442N19Rik",2,1,0,2,1,1,3,2
"2810454H06Rik",5,13,16,21,14,18,22,22
"2810468N07Rik",46,84,102,113,79,44,26,73
"2810474O19Rik",364,1133,898,804,982,1026,955,1258
"2900005J15Rik",0,1,4,2,1,6,7,2
"2900008C10Rik",6,14,11,9,16,12,18,12
"2900009J06Rik",1,1,0,0,2,0,0,0
"2900011O08Rik",3,4,4,7,4,5,3,1
"2900026A02Rik",1839,3073,3044,3221,3016,2749,2542,2591
"2900041M22Rik",27,38,51,51,52,49,40,35
"2900057B20Rik",15,13,22,20,14,10,10,13
"2900076A07Rik",42,89,109,107,85,84,118,119
"2900079G21Rik",3,7,5,5,4,8,3,2
"2900097C17Rik",4490,6143,6037,6893,6653,7312,6687,7073
"3000002C10Rik",35,59,105,64,67,81,98,83
"3010001F23Rik",11,23,19,14,25,25,19,23
"3010026O09Rik",134,226,280,252,239,226,229,211
"3110001I22Rik",87,145,114,156,160,146,138,154
"3110002H16Rik",551,1195,1189,1025,1243,1286,1440,1256
"3110009E18Rik",56,113,98,103,101,110,101,90
"3110015C05Rik",1,1,0,1,1,2,1,2
"3110021A11Rik",1,1,7,7,1,2,3,5
"3110021N24Rik",25,48,37,41,54,40,47,48
"3110035E14Rik",3,2,1,4,3,1,1,2
"3110039I08Rik",317,1138,714,1060,1019,1220,1257,1249
"3110040N11Rik",218,430,485,439,402,432,375,421
"3110043O21Rik",618,1184,1312,1229,1291,1227,1398,1548
"3110045C21Rik",1,3,6,3,9,13,9,5
"3110052M02Rik",5,20,12,16,13,19,14,24
"3110056K07Rik",21,49,85,73,59,49,69,73
"3110057O12Rik",53,169,120,135,168,160,144,191
"3110062M04Rik",104,151,158,169,182,150,168,175
"3110070M22Rik",2,4,3,4,4,0,4,3
"3110082I17Rik",294,544,677,646,555,485,618,626
"3110082J24Rik",1,5,1,0,0,0,1,0
"3200001D21Rik",13,21,19,17,18,22,36,24
"3300002I08Rik",11,32,40,36,32,36,39,47
"3300002P13Rik",10,20,41,19,19,27,19,24
"3300005D01Rik",552,1261,1035,983,1288,1467,1520,1346
"3425401B19Rik",27,49,43,42,92,89,78,55
"3632451O06Rik",19,23,46,32,31,18,9,41
"3830403N18Rik",451,1135,810,1007,1053,1212,930,993
"3830406C13Rik",278,571,446,534,586,681,531,567
"3830408C21Rik",14,21,21,17,25,18,16,21
"3830417A13Rik",9,8,22,16,9,10,8,16
"3830432H09Rik",1,1,3,3,2,2,1,0
"3930402G23Rik",1,2,2,1,1,0,0,1
"4430402I18Rik",0,1,5,5,8,4,5,6
"4631405J19Rik",6,14,7,9,11,9,3,11
"4632404H12Rik",27,63,86,70,53,72,118,99
"4632415L05Rik",231,596,678,746,603,712,838,782
"4632427E13Rik",2,8,15,5,11,11,15,8
"4632428C04Rik",5,10,8,10,10,19,17,16
"4632428N05Rik",1027,3255,2637,2308,3060,3942,4661,3436
"4732416N19Rik",0,0,0,2,0,1,1,2
"4732471J01Rik",9,6,16,12,10,19,18,12
"4732491K20Rik",44,51,71,70,79,94,96,78
"4831440E17Rik",4,11,28,18,10,14,11,24
"4833412C05Rik",0,0,1,0,1,0,1,0
"4833415N18Rik",54,186,88,111,176,265,173,86
"4833417C18Rik",7,11,8,10,12,12,22,15
"4833418N02Rik",45,71,76,83,82,91,86,70
"4833419F23Rik",7,24,24,21,36,37,50,33
"4833420G17Rik",185,403,391,414,405,388,443,423
"4833422C13Rik",26,38,25,31,28,20,18,33
"4833427F10Rik",0,1,2,0,2,1,0,4
"4833427G06Rik",66,113,98,117,110,117,99,122
"4833439L19Rik",4032,7385,8259,7500,7229,7367,7426,7234
"4921507L20Rik",12,26,21,26,30,23,21,39
"4921507P07Rik",1,2,0,1,0,1,0,0
"4921509O07Rik",0,1,1,1,0,0,0,2
"4921511C10Rik",2,3,1,2,1,3,1,1
"4921513I03Rik",2,1,1,4,2,1,1,2
"4921524J17Rik",772,1600,1708,1869,1713,1659,1484,1770
"4921525O09Rik",65,134,96,96,124,126,90,79
"4921531C22Rik",23,47,55,46,47,45,40,45
"4921536K21Rik",34,71,58,61,72,82,86,84
"4930402H24Rik",716,1468,1293,1447,1640,1477,1613,1453
"4930404H11Rik",1,7,2,2,2,3,5,0
"4930404I05Rik",9,12,10,21,18,18,25,16
"4930404N11Rik",296,416,487,441,443,471,463,471
"4930405A21Rik",9,7,12,19,11,4,6,5
"4930405O22Rik",1,1,2,3,2,1,0,1
"4930407I10Rik",1,0,1,2,0,0,0,0
"4930412B13Rik",0,1,0,0,4,2,0,3
"4930412C18Rik",2,1,2,2,4,3,1,1
"4930413G21Rik",64,140,135,125,148,129,145,155
"4930414N06Rik",1,0,1,0,1,1,0,2
"4930415O20Rik",13,16,12,16,16,16,24,15
"4930417O13Rik",0,3,0,1,1,0,0,2
"4930426L09Rik",14,20,45,25,25,12,15,15
"4930427A07Rik",474,597,523,683,610,333,273,488
"4930429B21Rik",25,19,51,44,26,29,25,30
"4930429F24Rik",39,73,61,67,69,87,58,71
"4930430F08Rik",170,464,340,393,394,448,411,447
"4930432K21Rik",31,46,44,44,45,59,49,56
"4930443O20Rik",1,8,3,6,4,7,8,8
"4930444M15Rik",0,0,0,0,1,1,1,1
"4930445N18Rik",0,0,1,2,7,1,2,2
"4930447C04Rik",0,1,7,3,3,2,7,3
"4930447F24Rik",114,192,128,167,161,161,108,160
"4930447K03Rik",0,1,0,0,1,2,2,1
"4930451G09Rik",20,19,13,27,23,28,19,21
"4930452A19Rik",2,0,0,2,1,1,0,1
"4930452B06Rik",15,8,6,18,19,15,10,13
"4930453N24Rik",585,1091,1058,1147,1097,1049,952,1154
"4930455C13Rik",4,2,5,6,1,1,4,3
"4930461G14Rik",1,1,2,1,0,2,0,1
"4930465K10Rik",4,1,1,5,3,1,2,6
"4930467D21Rik",3,2,1,3,3,1,1,0
"4930473A02Rik",5,5,12,10,9,12,12,12
"4930474M22Rik",1,0,2,5,0,0,1,0
"4930479D17Rik",3,3,2,0,6,2,1,1
"4930480K23Rik",15,25,28,32,28,22,26,27
"4930481A15Rik",0,1,2,0,1,0,1,2
"4930483J18Rik",0,4,1,1,0,2,0,2
"4930483K19Rik",0,0,1,1,0,2,4,1
"4930483O08Rik",1,0,3,0,0,0,0,2
"4930486L24Rik",14,24,39,28,41,31,26,36
"4930487H11Rik",2,8,1,4,10,11,10,12
"4930488L21Rik",0,0,1,0,1,1,1,0
"4930502E18Rik",0,1,1,0,0,0,2,0
"4930503B20Rik",0,0,2,1,1,1,1,1
"4930503E14Rik",0,0,1,0,0,0,1,2
"4930503L19Rik",174,487,316,362,419,404,366,431
"4930505A04Rik",2,3,3,2,6,2,1,3
"4930506C21Rik",6,14,11,12,14,21,17,11
"4930507D05Rik",3,3,6,6,2,2,4,1
"4930509E16Rik",1,0,1,2,1,0,0,0
"4930511M06Rik",3,2,4,5,1,3,0,3
"4930512B01Rik",2,0,3,2,1,2,1,2
"4930513N10Rik",15,33,21,31,28,23,30,25
"4930515B02Rik",1,0,1,1,0,0,0,1
"4930515G01Rik",12,27,51,28,39,45,34,33
"4930519G04Rik",1,0,2,1,0,0,0,0
"4930520O04Rik",9,12,27,24,15,8,19,20
"4930521E06Rik",0,1,1,0,1,2,1,0
"4930523C07Rik",118,219,225,214,230,187,179,179
"4930525G20Rik",1,1,1,1,0,0,1,1
"4930526H09Rik",0,2,0,0,1,0,0,1
"4930526I15Rik",119,192,237,177,211,213,231,183
"4930528A17Rik",6,14,6,10,15,6,7,9
"4930533B01Rik",0,0,0,1,1,1,0,0
"4930538K18Rik",7,14,13,12,13,13,9,13
"4930539E08Rik",0,0,0,1,2,0,0,2
"4930539J05Rik",22,48,72,58,66,85,55,71
"4930543E12Rik",1,1,1,1,0,2,1,1
"4930544D05Rik",1,1,0,1,0,1,0,1
"4930544M13Rik",0,1,3,1,1,1,1,3
"4930546K05Rik",0,2,0,1,3,0,0,1
"4930548H24Rik",0,1,0,0,0,0,1,3
"4930549G23Rik",7,6,6,9,11,8,13,7
"4930550C14Rik",1,6,0,1,1,4,2,2
"4930550L24Rik",36,101,126,71,94,75,81,84
"4930552P12Rik",1,1,1,1,2,0,0,2
"4930556M19Rik",28,99,65,61,94,108,120,104
"4930556N13Rik",0,1,0,0,0,2,2,0
"4930557K07Rik",9,20,21,9,18,14,16,13
"4930558C23Rik",0,3,1,2,2,2,0,0
"4930558J18Rik",23,33,20,38,16,7,8,21
"4930562C15Rik",1,1,1,2,2,1,4,2
"4930562F07Rik",2,3,2,3,1,0,2,1
"4930563E22Rik",14,29,47,44,35,37,50,49
"4930565N06Rik",1,13,4,4,5,8,7,2
"4930570G19Rik",1,2,5,5,1,4,2,2
"4930577N17Rik",15,26,19,24,21,22,21,24
"4930578M01Rik",4,11,10,6,8,6,6,4
"4930579G18Rik",93,175,177,174,162,153,174,163
"4930579G24Rik",350,423,478,560,478,309,284,421
"4930579K19Rik",3,6,8,14,3,7,8,8
"4930579P08Rik",0,3,2,1,1,2,0,3
"4930581F22Rik",16,41,52,33,54,35,46,55
"4930590J08Rik",1,3,2,3,3,5,4,4
"4930592A05Rik",1,3,1,0,0,4,3,2
"4930593A02Rik",0,5,1,2,2,4,5,0
"4930595D18Rik",0,3,1,1,0,0,2,1
"4930599N23Rik",0,2,2,2,0,3,4,2
"4931402G19Rik",1,2,2,0,4,1,2,1
"4931403E22Rik",0,1,3,2,0,2,2,4
"4931403G20Rik",2,9,2,7,4,3,1,5
"4931406C07Rik",1007,1919,2069,2128,2000,2225,2154,1967
"4931406H21Rik",0,0,0,0,1,2,3,0
"4931406P16Rik",1462,2824,2257,2943,3070,2891,2374,2752
"4931408D14Rik",3,3,2,7,7,7,5,3
"4931414P19Rik",238,447,506,453,445,397,386,419
"4931428F04Rik",225,349,308,361,351,333,273,296
"4931431C16Rik",8,11,8,9,9,4,2,5
"4931440F15Rik",0,3,1,1,1,2,1,0
"4931440J10Rik",1,1,0,2,0,0,0,0
"4931440P22Rik",8,8,11,12,12,13,11,9
"4932416H05Rik",57,111,135,120,127,120,144,166
"4932418E24Rik",0,3,2,0,1,0,0,0
"4932438A13Rik",605,2264,1146,1337,1701,2025,1919,1760
"4932438H23Rik",2,0,0,2,3,1,0,1
"4932441J04Rik",6,7,8,8,15,8,7,8
"4932443I19Rik",0,1,0,0,1,2,1,1
"4933400C23Rik",0,0,1,0,2,2,2,1
"4933402D24Rik",8,12,5,9,8,11,9,5
"4933402E13Rik",0,1,0,0,0,1,1,2
"4933402J07Rik",0,0,2,1,1,0,1,1
"4933402P03Rik",1,0,0,1,1,0,0,0
"4933403O08Rik",0,0,0,1,1,1,0,1
"4933404O12Rik",459,648,783,800,620,508,555,626
"4933405D12Rik",1,4,0,1,2,0,2,3
"4933405E24Rik",0,1,1,0,1,0,1,2
"4933405L10Rik",1,3,4,5,2,2,3,2
"4933406C10Rik",4,5,23,12,20,23,13,7
"4933406G16Rik",1,0,2,1,2,0,0,0
"4933406I18Rik",2,3,3,2,4,1,1,4
"4933407K13Rik",30,96,88,109,103,86,98,109
"4933408B17Rik",0,11,4,4,8,4,6,3
"4933408J17Rik",1,0,0,2,1,0,1,1
"4933409K07Rik",1,0,0,1,0,0,1,0
"4933411K16Rik",6,15,14,12,23,17,10,14
"4933412E12Rik",189,341,274,327,329,393,366,351
"4933413G19Rik",1,2,0,1,0,2,1,0
"4933413J09Rik",4,12,7,12,16,13,11,14
"4933417D19Rik",3,5,7,9,11,6,5,5
"4933417E11Rik",3,9,9,10,15,15,14,22
"4933421I07Rik",0,0,1,0,1,0,0,2
"4933421O10Rik",39,61,144,123,78,79,120,127
"4933422A05Rik",1,0,1,2,0,3,4,0
"4933424G06Rik",2,3,2,4,6,4,2,1
"4933425B07Rik",0,2,0,1,0,0,0,1
"4933427D06Rik",0,3,2,0,0,0,1,0
"4933427D14Rik",272,579,459,590,580,551,553,571
"4933427E11Rik",5,4,9,7,7,6,5,5
"4933427G17Rik",2,6,3,2,2,4,4,3
"4933428G20Rik",4,12,26,17,17,9,12,18
"4933430H16Rik",0,1,0,2,0,1,1,0
"4933430I17Rik",20,20,26,31,34,21,19,25
"4933431E20Rik",146,333,296,255,318,374,364,292
"4933431G14Rik",0,2,4,1,1,2,2,0
"4933432I09Rik",0,1,0,1,0,1,0,2
"4933433C11Rik",1,1,0,2,0,1,1,0
"4933433G15Rik",1,1,5,3,4,3,6,3
"4933433G19Rik",2,5,4,4,1,3,6,4
"4933433H22Rik",9,8,10,11,6,9,10,6
"4933434E20Rik",1137,2431,2519,2157,2528,2724,2836,2638
"4933438K21Rik",1,0,0,0,0,1,0,1
"4933439C10Rik",32,33,64,53,47,41,60,58
"4933440M02Rik",5,4,3,6,0,4,5,1
"5031410I06Rik",1,1,0,0,0,0,0,1
"5031414D18Rik",36,76,75,71,78,76,98,69
"5031425E22Rik",67,171,216,172,169,197,257,217
"5031425F14Rik",3,0,2,5,3,3,0,0
"5031426D15Rik",1,2,2,4,4,2,2,1
"5031434C07Rik",1,1,1,1,2,0,1,0
"5031434O11Rik",1,4,3,10,7,9,9,5
"5031439G07Rik",2415,5207,4486,4410,5039,5048,5354,4513
"5033403F01Rik",6,8,11,10,8,10,4,8
"5033406O09Rik",0,4,6,2,5,1,2,3
"5330411J11Rik",2,5,8,2,5,3,2,2
"5330417C22Rik",1,1,0,1,1,1,0,0
"5330426P16Rik",168,310,285,340,290,336,357,334
"5330434G04Rik",0,0,1,1,1,0,0,0
"5430402O13Rik",1,2,3,5,2,4,4,8
"5430403N17Rik",0,1,0,2,2,0,1,1
"5430405H02Rik",20,26,39,30,22,30,45,45
"5430416N02Rik",88,154,156,178,156,156,228,297
"5430416O09Rik",2,5,2,4,6,2,1,1
"5430419D17Rik",4,12,8,12,6,10,11,10
"5430425K12Rik",1,0,1,3,2,0,1,2
"5430427O19Rik",0,4,3,4,2,3,2,5
"5430431A17Rik",18,35,54,60,46,35,29,35
"5430440P10Rik",3,0,1,4,0,1,0,1
"5530601H04Rik",231,407,423,450,435,444,437,493
"5730403I07Rik",0,0,1,0,1,1,1,0
"5730405O15Rik",4,8,6,7,14,9,16,10
"5730408K05Rik",5,6,20,12,4,5,4,8
"5730409E04Rik",193,393,396,360,386,402,451,415
"5730420D15Rik",0,6,6,1,4,7,3,11
"5730422E09Rik",1,0,3,2,3,2,1,8
"5730435O14Rik",1,2,1,2,3,1,3,0
"5730455P16Rik",676,1650,1593,1610,1489,1569,1543,1696
"5730480H06Rik",17,17,19,27,23,30,23,19
"5730508B09Rik",160,285,348,316,284,331,255,278
"5730559C18Rik",423,566,722,724,574,410,373,591
"5830411N06Rik",12,35,27,22,27,11,16,17
"5830415F09Rik",76,143,130,135,106,153,153,153
"5830416P10Rik",3,9,4,4,7,13,14,7
"5830417I10Rik",624,1212,1104,1237,1279,1231,1199,1173
"5830418P13Rik",2,3,6,4,2,5,3,2
"5830428M24Rik",0,2,1,0,0,3,2,1
"5830432E09Rik",1,3,3,5,7,7,14,6
"5830454E08Rik",2,6,2,5,6,6,6,5
"5830473C10Rik",2,4,5,3,5,8,3,6
"5930430L01Rik",186,332,315,397,297,306,321,300
"5930438M14Rik",2,5,2,2,3,2,2,4
"6030407O03Rik",0,0,0,0,0,1,2,1
"6030408B16Rik",1,0,0,1,0,5,5,2
"6030419C18Rik",1583,2352,2580,2736,2319,1839,1559,2218
"6030443J06Rik",14,13,13,18,9,17,15,20
"6030458C11Rik",1039,2125,1919,2127,2398,2389,2193,2296
"6030468B19Rik",1,0,0,0,2,1,1,1
"6230400D17Rik",6,13,21,20,12,14,23,35
"6330403A02Rik",14,15,11,18,12,2,1,27
"6330403K07Rik",2,3,2,2,2,1,3,5
"6330408A02Rik",178,306,326,351,313,324,338,304
"6330415G19Rik",6,7,16,7,7,11,12,10
"6330416G13Rik",479,935,904,899,1002,1038,1515,1319
"6330418K02Rik",4,7,5,6,4,9,11,5
"6330549D23Rik",2,12,10,9,9,15,9,8
"6430531B16Rik",4,8,15,10,14,13,16,7
"6430548M08Rik",641,1467,1277,1140,1499,1662,1566,1235
"6430550D23Rik",3,10,12,8,12,20,13,21
"6430562O15Rik",4,5,4,6,3,8,5,3
"6430571L13Rik",10,16,13,16,21,12,12,18
"6430573F11Rik",1,0,1,1,0,0,0,1
"6430584L05Rik",0,1,1,0,2,0,0,1
"6530402F18Rik",126,275,199,201,284,251,304,269
"6530411M01Rik",1,0,0,1,1,0,0,0
"6720483E21Rik",4,3,3,3,4,5,4,3
"6720489N17Rik",8,30,23,26,28,19,8,23
"6820431F20Rik",126,256,184,271,250,239,220,236
"7420700N18Rik",1,0,0,1,0,0,0,2
"8030423F21Rik",1,0,3,1,3,4,0,5
"8030423J24Rik",2,2,2,1,0,0,0,1
"8030462N17Rik",398,772,652,780,890,747,703,837
"8430408G22Rik",222,490,322,333,551,701,448,407
"8430419L09Rik",375,650,573,607,663,672,764,713
"8430423G03Rik",6,18,18,10,20,18,17,32
"8430426J06Rik",1,3,7,3,2,0,3,3
"8430429K09Rik",27,65,76,61,73,55,65,96
"8430430B14Rik",1,1,1,1,0,0,0,0
"8430436N08Rik",0,1,1,0,0,0,1,0
"9030025P20Rik",55,83,117,103,103,108,97,101
"9030404E10Rik",0,1,2,1,3,0,1,1
"9030612E09Rik",2,7,7,3,4,10,7,11
"9030617O03Rik",1012,1733,1496,1744,1608,1352,1294,1469
"9030619P08Rik",0,0,0,0,0,1,1,1
"9030624G23Rik",3,3,2,2,9,1,2,3
"9030624J02Rik",1859,4140,3724,3379,3899,4343,4451,3866
"9130008F23Rik",41,61,92,86,70,50,71,63
"9130011E15Rik",506,1029,1025,986,1057,994,1042,1089
"9130019O22Rik",55,119,136,130,109,109,143,129
"9130019P16Rik",31,42,33,51,33,27,22,18
"9130023H24Rik",177,317,316,311,314,377,363,324
"9130024F11Rik",11,37,31,26,31,36,41,39
"9130204L05Rik",0,0,2,0,1,1,0,1
"9130221H12Rik",109,141,158,159,155,167,170,140
"9130230L23Rik",1,2,3,2,2,5,2,3
"9130401M01Rik",775,1368,1519,1480,1364,1350,1650,1590
"9230009I02Rik",0,0,0,0,1,0,2,3
"9230110C19Rik",41,108,77,79,120,151,120,115
"9230112J17Rik",1,3,7,4,8,7,6,4
"9230114K14Rik",41,74,74,74,64,57,53,79
"9230116L04Rik",0,1,0,0,2,3,1,2
"9230116N13Rik",8,13,14,22,13,17,25,24
"9330020H09Rik",19,34,67,48,38,38,71,68
"9330102E08Rik",67,143,169,138,163,200,168,158
"9330133O14Rik",28,55,105,85,60,60,103,92
"9330136K24Rik",17,27,37,43,22,30,36,29
"9330151L19Rik",41,66,83,94,73,94,97,111
"9330159F19Rik",158,421,298,321,473,555,390,291
"9330159M07Rik",30,36,77,64,48,48,64,65
"9330162012Rik",1,7,8,1,0,3,4,2
"9330175E14Rik",1,2,1,1,2,2,5,4
"9330175M20Rik",2,5,1,4,3,4,3,3
"9330179D12Rik",1,3,0,3,2,2,1,2
"9330182L06Rik",0,2,0,1,1,2,2,1
"9330188P03Rik",2,1,1,2,0,0,0,1
"9430015G10Rik",453,756,703,821,780,591,594,709
"9430016H08Rik",441,770,983,811,852,796,775,824
"9430018G01Rik",7,41,18,17,33,24,28,18
"9430020K01Rik",2725,5170,4700,5534,5595,5709,5391,5114
"9430037G07Rik",17,22,23,45,20,20,25,36
"9430038I01Rik",54,83,100,95,116,118,102,114
"9430060I03Rik",1,2,1,2,1,2,0,4
"9430065F17Rik",0,1,0,1,0,1,4,3
"9430069I07Rik",1,2,2,1,2,1,0,4
"9430076C15Rik",2,5,7,6,3,6,6,6
"9430078K24Rik",6,8,7,10,9,7,4,0
"9430083A17Rik",2,6,13,9,3,10,8,8
"9430091E24Rik",67,104,96,98,101,103,111,106
"9530020I12Rik",0,0,1,0,1,0,0,3
"9530026P05Rik",0,1,2,1,0,1,0,0
"9530027J09Rik",6,14,6,8,13,11,14,11
"9530052E02Rik",0,0,1,0,0,2,2,2
"9530053A07Rik",21,41,45,41,46,51,41,43
"9530062K07Rik",0,0,1,0,0,1,1,0
"9530068E07Rik",9782,17767,19593,19151,18060,18261,18665,18481
"9530077C05Rik",58,124,107,102,114,104,95,104
"9530082P21Rik",462,807,935,868,829,786,855,868
"9530091C08Rik",1,1,0,1,0,1,1,0
"9630013K17Rik",4,7,6,8,3,7,2,3
"9630028B13Rik",1,0,1,1,2,0,1,1
"9630028H03Rik",1,3,1,1,1,2,1,3
"9630028I04Rik",13,10,21,16,21,3,0,26
"9830132P13Rik",0,11,4,0,9,8,1,3
"9830147E19Rik",16,21,29,33,33,34,35,64
"9930012K11Rik",273,444,567,549,363,377,328,397
"9930021J03Rik",254,878,447,561,690,906,881,776
"9930104L06Rik",267,528,729,658,539,544,644,694
"9930111J21Rik1",5,13,7,9,13,13,6,11
"9930111J21Rik2",1,6,3,4,13,6,2,2
"A130010J15Rik",359,675,693,671,657,647,693,643
"A1cf",0,0,1,0,0,1,1,0
"A230028O05Rik",5,14,9,11,11,9,9,9
"A230046K03Rik",934,3311,1894,2174,2399,2973,2819,2644
"A230050P20Rik",241,422,463,484,463,450,527,529
"A230056J06Rik",0,1,1,3,2,3,4,3
"A230056P14Rik",20,52,39,53,58,55,58,59
"A230065H16Rik",1,2,1,1,1,0,0,2
"A230070E04Rik",0,2,1,1,4,2,2,1
"A230072C01Rik",40,71,104,93,78,104,99,87
"A230072E10Rik",1,2,0,1,1,1,0,0
"A230103J11Rik",9,10,21,23,13,16,13,19
"A230108P19Rik",1,0,1,1,2,0,0,1
"A330009N23Rik",5,11,18,12,15,11,15,18
"A330015K06Rik",0,1,0,0,0,2,2,2
"A330023F24Rik",8,12,25,15,22,25,31,31
"A330035P11Rik",22,38,49,52,54,45,46,60
"A330040F15Rik",0,3,3,2,0,2,4,6
"A330041J22Rik",1,2,0,2,1,1,0,0
"A330069E16Rik",8,23,27,20,24,29,24,33
"A330074K22Rik",185,401,263,314,399,348,332,264
"A330102I10Rik",2,11,9,4,15,15,17,11
"A3galt2",3,6,8,6,3,2,6,7
"A430005L14Rik",368,733,758,751,680,712,705,751
"A430033K04Rik",123,279,176,251,231,235,199,210
"A430035B10Rik",8,14,6,15,14,17,15,13
"A430046D13Rik",46,101,126,84,105,137,117,125
"A430078I02Rik",13,41,31,41,21,22,17,17
"A430090L17Rik",1,0,1,1,0,1,1,0
"A430093F15Rik",1,1,1,2,3,2,4,6
"A430105I19Rik",1436,2942,2532,2536,3095,2994,3183,2984
"A4galt",1325,2892,2660,2510,2711,3214,3428,3026
"A4gnt",1,3,0,1,2,5,3,5
"A530013C23Rik",18,25,35,27,30,31,37,25
"A530016L24Rik",1,2,2,1,1,1,1,1
"A530032D15Rik",3,17,13,23,38,23,21,33
"A530046M15Rik",1,1,4,5,5,6,8,10
"A530064D06Rik",0,0,0,0,0,3,2,1
"A530065N20Rik",1,2,0,1,0,0,0,0
"A530072M11Rik",11,29,26,17,26,39,35,44
"A630001G21Rik",2,0,3,4,3,4,3,1
"A630020A06",0,0,1,1,1,0,3,0
"A630023A22Rik",11,18,7,19,11,18,34,25
"A630033H20Rik",159,382,223,360,287,316,285,354
"A630066F11Rik",7,14,10,12,11,11,19,16
"A630072M18Rik",70,114,133,143,107,99,136,143
"A630076J17Rik",1,2,1,3,4,3,2,3
"A630089N07Rik",6,12,9,11,16,11,14,14
"A630095N17Rik",0,1,3,4,1,4,5,3
"A730004F24Rik",0,1,0,0,0,2,2,0
"A730017L22Rik",65,121,84,96,117,171,154,135
"A730020E08Rik",1,4,4,3,5,4,3,5
"A730020M07Rik",1,4,6,4,4,1,1,3
"A730036I17Rik",1,1,0,1,1,1,1,0
"A730043L09Rik",3,0,2,4,4,2,0,4
"A730056A06Rik",44,66,71,82,77,85,73,60
"A730085K08Rik",0,0,0,0,1,0,1,1
"A730090N16Rik",5,6,11,8,9,12,11,9
"A830009L08Rik",1,1,1,3,0,1,1,0
"A830010M20Rik",48,161,112,112,155,169,150,139
"A830052D11Rik",3,5,6,11,6,3,4,6
"A830080D01Rik",104,392,204,226,294,318,271,291
"A830082K12Rik",48,99,121,119,127,106,115,149
"A830082N09Rik",27,58,59,72,51,77,73,66
"A930001C03Rik",0,5,17,14,6,9,9,9
"A930003A15Rik",103,216,200,195,193,213,167,138
"A930004D18Rik",60,78,102,105,87,64,57,77
"A930005H10Rik",112,200,202,217,193,215,228,207
"A930006K02Rik",5,7,8,4,6,7,6,7
"A930007I19Rik",2,8,4,5,8,11,6,8
"A930012L18Rik",1,0,5,3,3,5,2,4
"A930013F10Rik",8,36,19,40,50,45,47,40
"A930015D03Rik",158,201,343,301,213,201,253,254
"A930016O22Rik",0,1,7,1,0,0,1,0
"A930017M01Rik",0,0,0,0,2,1,1,3
"A930018P22Rik",2,1,0,3,3,2,0,0
"A930019D19Rik",0,1,2,0,0,0,1,0
"A930024E05Rik",28,56,127,95,54,56,85,81
"A930041C12Rik",4,0,2,1,3,2,3,4
"AA413626",6,5,5,9,3,6,5,8
"AA414768",426,613,684,738,679,519,419,557
"AA415398",21,61,45,40,50,69,69,64
"AA465934",120,120,205,180,133,103,163,156
"AA467197",18,29,10,24,35,35,38,32
"AA474331",47,67,76,78,87,59,77,73
"AA543186",7,11,11,10,8,8,10,8
"AA986860",70,159,127,140,136,159,147,167
"Aaas",1249,1969,2157,2140,1969,1493,1510,1856
"Aacs",1484,3041,2739,2728,3073,2976,3670,3244
"Aadat",0,0,2,0,2,1,1,2
"Aaed1",600,1135,1033,1138,1265,1665,1651,1580
"Aagab",941,1850,2285,2016,1801,1626,1840,1895
"Aak1",1763,3641,3029,3588,3869,3684,3519,3567
"Aamdc",711,1176,1487,1323,1217,1109,911,1078
"Aamp",3994,7741,9105,7855,7449,7587,8926,8165
"Aanat",0,0,3,0,0,1,1,0
"Aar2",993,1930,2034,1914,1741,1852,2025,1895
"Aars",4651,10870,10622,9006,10867,11754,13744,12773
"Aars2",455,815,837,842,826,725,776,817
"Aarsd1",665,1117,1317,1268,1007,961,1033,1103
"Aasdh",249,521,502,500,522,462,516,562
"Aasdhppt",820,1407,1487,1694,1606,1533,1467,1677
"Aatf",889,1620,1844,1715,1747,1499,1642,1758
"Aatk",14,9,23,22,11,2,1,12
"AB124611",28,53,44,56,53,62,59,50
"Abat",16,24,25,28,23,8,6,32
"Abca1",45,133,82,67,145,146,130,112
"Abca12",0,2,1,0,5,1,5,2
"Abca13",2,13,10,8,10,16,10,12
"Abca17",1,4,3,2,0,1,1,3
"Abca2",1059,2726,1960,1849,2520,2878,2933,2362
"Abca3",506,981,881,903,972,911,931,906
"Abca4",35,95,67,63,90,129,149,98
"Abca5",588,1952,1121,1388,1570,1631,1365,1324
"Abca6",10,22,10,19,9,12,7,16
"Abca7",1313,3328,2693,2623,3092,3731,3856,2902
"Abca8a",20,76,23,32,83,97,68,41
"Abca8b",113,360,243,253,361,407,495,414
"Abca9",137,260,130,219,192,217,146,110
"Abcb10",713,1370,1281,1319,1282,1249,1288,1320
"Abcb11",1,0,2,1,1,0,0,0
"Abcb1a",12,17,18,17,27,32,56,64
"Abcb1b",445,720,764,822,663,644,821,959
"Abcb4",0,0,3,0,0,0,1,2
"Abcb6",961,2057,2061,1700,1928,2113,2109,2077
"Abcb7",384,1122,771,862,846,958,790,857
"Abcb8",581,1257,1139,1160,1163,1206,1206,1176
"Abcb9",23,50,48,49,47,75,69,54
"Abcc1",2606,5349,5948,5569,5198,5618,6883,6148
"Abcc10",128,294,273,267,321,349,330,333
"Abcc12",1,8,8,2,6,6,17,2
"Abcc2",1,0,1,1,0,0,0,0
"Abcc3",1,6,2,3,2,0,2,4
"Abcc4",282,703,682,583,676,782,1401,1410
"Abcc5",1439,3268,3033,3020,3281,3298,3564,3412
"Abcc6",2,3,0,2,3,3,1,1
"Abcc8",2,2,3,2,2,4,0,1
"Abcc9",5,12,36,24,24,14,11,19
"Abcd1",798,1369,1537,1510,1274,1251,1239,1226
"Abcd2",142,370,339,385,317,399,426,400
"Abcd3",1620,3091,2987,3393,3228,3467,3316,3268
"Abcd4",747,1640,1363,1393,1658,1665,1614,1565
"Abce1",4963,11491,9514,11911,10677,10306,9154,11263
"Abcf1",3343,6052,6502,6414,6672,6006,6049,6193
"Abcf2",3081,5882,7075,6065,5882,5607,6737,6523
"Abcf3",1208,2532,2997,2482,2470,2495,2854,2682
"Abcg1",178,253,286,287,279,163,131,250
"Abcg2",1839,3188,3328,3352,3307,3104,2616,2817
"Abcg3",0,0,0,0,0,1,2,1
"Abcg4",28,43,83,55,59,52,50,48
"Abcg8",7,4,8,10,5,3,3,8
"Abhd1",40,45,49,49,45,31,40,40
"Abhd10",275,511,495,540,523,469,439,531
"Abhd11",329,636,734,596,639,709,781,713
"Abhd11os",2,10,6,4,4,7,1,4
"Abhd12",1236,2904,2946,2546,2631,3029,3251,2820
"Abhd13",971,2091,1682,1992,1952,2071,1866,1897
"Abhd14a",304,530,584,531,520,521,578,536
"Abhd14b",84,188,154,167,193,224,225,197
"Abhd15",38,47,63,71,52,43,35,52
"Abhd16a",858,1646,1829,1721,1677,1673,1760,1734
"Abhd16b",1,4,2,1,3,3,3,6
"Abhd17a",1380,2471,2565,2461,2369,2381,2481,2343
"Abhd17b",535,1160,937,1169,1169,1185,1065,1099
"Abhd17c",1129,1800,2018,1965,2050,1935,2039,2102
"Abhd2",780,1536,1395,1402,1654,1292,1446,1427
"Abhd3",13,26,18,20,24,22,14,19
"Abhd4",3561,7481,8889,7558,6935,7692,8171,7427
"Abhd5",925,1909,1987,1888,2062,2226,2588,2532
"Abhd6",445,815,735,786,780,981,933,821
"Abhd8",1401,2490,2558,2586,2354,2476,2346,2205
"Abi1",1632,3335,2664,3302,3306,3532,3303,3318
"Abi2",588,1394,955,1248,1311,1516,1240,1284
"Abi3",4,19,11,8,16,23,30,29
"Abi3bp",6,16,7,10,11,10,4,4
"Abl1",3424,6394,6193,6597,6504,5719,6732,6567
"Abl2",1445,2923,2720,2689,3266,2992,3264,3030
"Ablim1",6698,11802,10934,11997,12812,12304,10194,10752
"Ablim2",92,157,270,154,221,153,136,174
"Ablim3",490,562,815,740,736,372,198,681
"Abr",4422,9169,9087,8542,9321,9954,10703,9525
"Abra",223,370,507,347,443,265,177,414
"Abracl",1633,2767,2939,3366,3105,2753,2190,2692
"Abt1",521,922,1023,959,895,817,910,942
"Abtb1",252,622,598,553,570,596,720,686
"Abtb2",551,1203,1014,984,1245,1316,1133,1033
"Acaa1a",1063,1895,2004,1787,1837,1901,1989,1934
"Acaa1b",47,87,80,76,67,70,85,73
"Acaa2",2569,5071,5561,5007,4403,4436,4320,4273
"Acaca",1715,3265,2723,2804,3549,3286,3775,3143
"Acacb",59,89,81,99,81,103,78,81
"Acad10",114,303,265,236,286,341,352,242
"Acad11",570,1089,1046,1056,1189,1426,1325,1218
"Acad12",60,196,176,132,171,232,217,178
"Acad8",609,1050,1257,1165,1070,1039,1196,1132
"Acad9",1109,2016,2379,2171,1979,1950,2144,2126
"Acadl",4233,7199,9227,8211,7891,7195,6503,7290
"Acadm",1852,3684,4481,4079,3898,4272,4506,4396
"Acads",1324,2679,3164,2617,2601,2673,2781,2633
"Acadsb",1116,3323,2177,2754,2946,3433,2769,2574
"Acadvl",3164,5755,7070,6257,5505,5172,5144,5373
"Acap1",9,21,13,11,30,31,24,22
"Acap2",1008,3015,1918,2504,2852,2930,2625,2503
"Acap3",975,1693,1915,1781,1704,1528,1475,1640
"Acat1",1905,2795,3478,3554,2954,2345,2110,2755
"Acat2",1351,2597,2292,2515,2717,2499,2929,2758
"Acat3",27,134,59,58,118,189,436,394
"Acbd3",1890,4053,3486,4089,4500,4337,3870,3832
"Acbd4",681,1290,1311,1250,1207,1209,1137,1186
"Acbd5",488,1571,887,1152,1260,1416,1249,1278
"Acbd6",849,1627,1743,1607,1669,1713,1765,1711
"Acbd7",1,3,1,1,2,1,1,2
"Accs",197,390,413,360,405,440,426,425
"Accsl",1,0,1,1,2,3,1,0
"Acd",486,931,910,873,850,978,1010,930
"Ace",40,114,79,108,81,120,150,85
"Acer1",4,6,5,3,2,2,4,1
"Acer2",2,7,12,7,11,9,9,14
"Acer3",287,572,435,545,554,565,617,584
"Ache",32,65,116,89,75,60,65,94
"Acin1",3457,5811,5988,6335,6341,5847,5664,5788
"Ackr2",0,3,5,0,5,4,3,2
"Ackr3",1297,3321,2044,2331,3609,4339,4661,3344
"Ackr4",39,125,75,83,95,141,108,90
"Acly",3988,8364,7550,7566,8661,8044,9207,8227
"Acmsd",0,0,1,1,0,0,0,2
"Aco1",1757,3147,3547,3364,3083,2839,3119,2964
"Aco2",10284,18629,21527,19007,18008,17677,16676,17016
"Acot1",229,518,390,448,388,485,578,521
"Acot10",4,10,5,5,6,6,4,3
"Acot11",164,322,228,257,290,340,277,244
"Acot12",3,7,9,9,7,7,3,7
"Acot13",470,1117,1127,928,1137,1426,1401,1173
"Acot2",228,538,389,401,490,718,1014,906
"Acot3",3,2,4,2,3,2,1,1
"Acot4",15,41,34,36,40,41,71,70
"Acot6",88,146,150,156,162,135,142,130
"Acot7",1768,2807,3184,3126,2757,2509,2489,2634
"Acot8",208,318,430,359,309,360,359,335
"Acot9",2766,4999,5490,5049,4882,4641,4773,4929
"Acox1",2706,5663,5747,5176,5689,6247,6210,5436
"Acox2",10,23,22,23,22,38,31,37
"Acox3",707,1716,1678,1524,1573,2082,2339,1855
"Acoxl",0,8,3,2,3,8,11,3
"Acp1",858,1214,1369,1410,1328,1159,1091,1162
"Acp2",1287,2641,2657,2548,2738,3078,3359,3058
"Acp5",6,11,23,11,15,9,10,8
"Acp6",417,809,882,766,802,904,912,868
"Acpp",1327,3015,3229,3427,3625,3744,3922,3664
"Acrbp",16,35,49,46,44,73,67,67
"Acsbg1",163,228,237,264,299,166,337,380
"Acsbg2",0,3,2,0,2,3,1,0
"Acsf2",391,765,837,761,677,644,674,684
"Acsf3",231,469,426,432,371,408,429,371
"Acsl1",416,929,1077,900,1016,1194,1272,1098
"Acsl3",3143,7756,6726,7220,7852,8501,7020,7053
"Acsl4",1451,4789,2820,3522,4060,4879,4137,3487
"Acsl5",1537,2703,2635,2749,2927,2605,3031,2846
"Acsl6",418,744,987,788,907,813,596,779
"Acsm3",2,7,5,7,6,2,3,4
"Acss1",0,2,0,1,2,0,0,1
"Acss2",352,716,544,540,738,759,723,646
"Acss2os",0,0,2,0,0,0,1,3
"Acss3",4,4,2,5,5,2,2,3
"Acta1",54390,89925,131619,100558,92301,90635,64011,80501
"Acta2",80195,111381,168296,159224,107468,83247,56397,83974
"Actb",61995,94654,114180,112792,91105,78159,74166,82402
"Actc1",15880,21387,31701,27421,22974,15084,10326,21073
"Actg1",58476,63650,69133,71853,61105,55746,52849,54840
"Actg2",3913,5138,6949,7199,4391,2612,1918,3994
"Actl10",4,5,2,5,1,2,2,1
"Actl6a",1606,2910,3071,3090,2862,2498,2575,2837
"Actl7a",1,0,0,1,0,0,0,1
"Actl9",0,1,0,0,1,1,1,1
"Actn1",10717,17818,19998,21648,18717,16611,15632,17127
"Actn2",881,936,2806,1639,1186,306,213,1251
"Actn3",7704,14865,15608,13258,14470,14588,11423,11780
"Actn4",9894,16244,18716,19514,16835,14191,13537,14568
"Actr10",2954,5317,6316,5719,5548,5017,5243,5493
"Actr1a",4833,8647,10055,9215,8373,8038,8893,8716
"Actr1b",3259,6121,6767,6146,5978,5444,6374,6240
"Actr2",4729,9412,8246,10332,9591,9118,8130,9010
"Actr3",9267,15483,17731,17633,16439,15101,15716,17049
"Actr3b",78,128,142,136,129,77,80,104
"Actr5",181,350,326,323,328,309,320,322
"Actr6",294,678,538,634,708,736,570,634
"Actr8",1084,2092,2173,2040,2083,2224,2135,2178
"Acvr1",2142,4135,4086,4150,4011,4187,4542,4219
"Acvr1b",318,647,679,628,738,786,930,815
"Acvr2a",268,782,520,564,727,805,748,739
"Acvr2b",15,20,23,23,26,19,19,18
"Acvrl1",39,69,98,101,64,75,97,100
"Acy1",237,420,440,425,372,363,339,372
"Acy3",104,230,144,179,175,180,165,162
"Acyp1",155,308,275,296,306,378,326,323
"Acyp2",67,129,144,138,162,180,169,148
"Ada",118,188,175,187,168,118,120,164
"Adal",255,515,472,509,475,488,489,492
"Adam10",1959,5030,3320,4602,5022,5387,4912,4455
"Adam11",22,54,45,45,55,49,47,47
"Adam12",1557,1888,1925,2377,1992,857,678,1801
"Adam15",1657,3736,3350,3257,3601,3880,4405,3851
"Adam17",2311,5039,4012,4526,5296,6466,6219,5307
"Adam19",3254,6035,6788,6378,6413,5652,5341,6066
"Adam1a",36,67,68,81,84,74,69,80
"Adam1b",0,1,1,0,1,0,0,0
"Adam21",6,6,9,8,10,8,5,15
"Adam22",3,11,18,12,15,16,16,16
"Adam23",480,868,1103,1014,783,753,781,885
"Adam32",2,7,2,7,3,9,5,7
"Adam33",0,0,0,0,1,2,1,1
"Adam4",3,12,7,9,9,6,2,7
"Adam5",56,96,96,109,82,51,35,65
"Adam8",197,484,363,368,418,391,318,296
"Adam9",3551,8966,6694,8070,9392,11033,10360,9286
"Adamts1",907,2041,1400,1724,2194,2470,2209,1970
"Adamts10",480,799,744,853,700,562,510,675
"Adamts12",487,862,711,873,1024,482,394,852
"Adamts14",1664,3018,3041,3017,3237,3108,2676,2785
"Adamts15",42,150,64,67,134,154,119,65
"Adamts16",772,931,1238,1288,1044,213,173,1141
"Adamts17",8,15,23,25,11,11,3,11
"Adamts2",3034,5556,5169,5615,5698,5075,5526,6026
"Adamts20",1,0,0,2,0,2,0,0
"Adamts3",87,164,203,195,183,165,152,178
"Adamts4",2274,4525,4788,4345,4642,4837,4879,4781
"Adamts5",1353,4284,2154,2620,3879,5000,4411,3769
"Adamts6",503,1347,788,1061,1276,1091,1026,1229
"Adamts7",3098,8162,5813,5551,7664,9292,10178,7689
"Adamts8",1,6,4,6,6,9,5,6
"Adamts9",31,57,23,49,79,49,36,41
"Adamtsl1",178,377,343,337,375,321,360,334
"Adamtsl2",306,342,587,489,442,183,104,349
"Adamtsl3",1384,2432,1718,2663,2461,1924,1570,2079
"Adamtsl4",716,1185,1123,1266,1131,1044,966,1047
"Adamtsl5",987,2346,2324,1822,2445,2937,2990,2559
"Adap1",2,3,0,2,8,4,4,7
"Adap2",3,7,7,5,6,2,4,4
"Adar",988,1930,2033,1973,2050,1984,2374,2150
"Adarb1",1527,2777,3082,3174,2916,2345,2509,2978
"Adat1",115,234,283,237,245,206,247,265
"Adat2",145,299,317,265,331,335,333,325
"Adat3",114,161,164,156,152,149,141,147
"Adck1",1048,2079,2347,2185,1934,2286,3093,2671
"Adck2",294,601,595,555,551,568,601,628
"Adck3",790,1282,2167,1523,1421,1147,919,1329
"Adck4",439,829,835,798,860,893,873,849
"Adck5",547,1143,1085,1096,1035,1148,1307,1182
"Adcy1",11,12,7,12,11,5,6,4
"Adcy10",0,3,0,3,2,1,1,0
"Adcy3",677,1073,874,1058,987,1132,1167,994
"Adcy4",10,7,8,16,11,13,21,15
"Adcy5",2,1,3,2,7,3,6,2
"Adcy6",2618,5293,5760,5567,5192,5359,5883,5556
"Adcy7",11375,18110,20281,20871,18823,13423,11711,16568
"Adcy8",2,10,9,10,6,2,1,2
"Adcy9",491,1097,1070,1019,1241,1336,1322,1117
"Adcyap1",0,1,0,1,0,0,0,1
"Adcyap1r1",5,4,6,8,4,7,8,1
"Add1",6684,12926,12602,12699,12574,12153,12655,11654
"Add2",60,120,55,92,106,91,84,71
"Add3",388,943,623,795,1125,1344,1186,909
"Adgb",3,4,1,3,7,1,2,6
"Adgra1",14,5,10,13,14,1,2,11
"Adgra2",2045,3441,3460,3825,3740,3274,3633,3788
"Adgra3",2156,4636,4227,4353,4229,4475,4823,4048
"Adgrb2",10,11,13,17,8,3,2,12
"Adgrd1",6,38,16,11,40,61,61,31
"Adgre5",6876,12187,11322,11136,12025,11819,9928,9677
"Adgrf2",0,0,3,0,4,0,0,2
"Adgrf3",14,10,21,26,13,11,15,3
"Adgrf4",24,32,41,39,21,21,11,22
"Adgrf5",52,67,30,72,51,50,39,31
"Adgrg1",717,972,1106,1171,914,831,601,741
"Adgrg2",107,285,189,223,347,303,387,339
"Adgrg3",295,566,937,808,503,425,685,684
"Adgrg5",2,8,11,4,13,0,1,11
"Adgrg6",1205,2625,1392,2091,2697,2426,1998,1998
"Adgrl1",3062,5213,4382,5243,5114,4325,4088,4602
"Adgrl2",1842,3935,3059,3836,3877,4239,4639,4286
"Adgrl3",393,827,513,681,909,709,494,591
"Adgrl4",32,83,71,104,61,69,59,83
"Adgrv1",6,4,2,6,2,4,3,3
"Adh1",59,203,123,106,190,242,174,151
"Adh4",0,0,0,0,1,0,1,1
"Adh5",2405,4619,5186,4616,4659,4736,5121,5050
"Adh7",333,888,638,748,854,1030,1035,971
"Adhfe1",6,21,12,13,21,28,28,29
"Adi1",591,1209,1124,940,1161,1299,1379,1249
"Adipoq",0,1,2,0,2,1,2,2
"Adipor1",4184,8599,8268,7939,8419,9311,9515,8720
"Adipor2",2132,4291,4157,4108,4220,4390,4943,4620
"Adk",1904,3125,3541,3588,3097,2914,2754,3116
"Adm",100,403,142,190,370,707,1026,912
"Adm2",27,91,38,45,79,211,296,267
"Adnp",26,69,44,53,57,42,58,66
"Adnp2",959,1835,1555,1717,1809,1882,1977,1778
"Ado",1717,2933,3125,3325,3048,3021,3080,3005
"Adora1",72,91,138,98,117,102,54,105
"Adora2a",35,48,53,82,42,47,46,36
"Adora2b",151,610,400,335,585,893,1071,815
"Adpgk",802,1556,2000,1740,1591,1581,2027,2060
"Adprh",2682,5126,6050,5212,4913,5060,5271,5198
"Adprhl1",104,215,336,199,228,197,135,240
"Adprhl2",509,961,1038,935,930,883,947,997
"Adprm",377,712,851,745,774,721,841,823
"Adra1b",67,76,74,121,67,53,74,77
"Adra1d",213,285,200,319,217,179,150,225
"Adra2a",5,2,2,5,8,0,0,1
"Adrb1",12,23,16,18,18,17,10,16
"Adrb2",408,710,933,822,618,529,423,549
"Adrbk1",2056,3674,4186,4021,3843,3666,4098,3960
"Adrm1",2532,4230,5033,4283,4038,4006,4343,4317
"Adsl",1690,3116,3581,3277,2924,2881,2979,3140
"Adss",1773,3115,3163,3946,3373,3104,3152,3350
"Adssl1",1872,3568,4609,3539,3574,3433,3062,3594
"Adtrp",0,0,2,0,1,1,1,3
"Aebp1",22448,51518,51341,45375,49309,57161,64799,59013
"Aebp2",1873,4221,3407,4280,4400,4386,4035,4013
"Aen",1085,1807,2438,1903,1720,1500,1873,2113
"Aes",7010,14326,13968,12879,13494,14063,13598,12450
"AF357399",10,24,11,12,24,18,18,21
"AF529169",1,1,1,1,5,1,1,0
"Afap1",2230,4043,4024,4421,4496,4482,4636,4442
"Afap1l1",695,893,1543,1184,1008,546,397,1099
"Afap1l2",1208,2108,2332,2427,2036,2062,2052,2044
"Aff1",1684,3350,3045,3304,3570,3451,3717,3647
"Aff2",0,1,0,0,1,1,1,3
"Aff3",99,143,159,177,163,66,37,138
"Aff4",2657,7786,4778,6363,7760,8230,7054,7116
"Afg3l1",1564,3071,3066,2966,3042,2969,3196,3130
"Afg3l2",1910,3973,4446,3801,3941,4273,5639,5324
"Afmid",182,350,301,328,325,306,261,308
"Afp",0,3,1,1,1,0,0,0
"Aftph",591,1640,1202,1401,1627,1676,1630,1639
"Aga",1220,2590,2449,2410,2490,3007,3148,2905
"Agap1",1762,4069,2460,3140,4485,5036,4272,3157
"Agap2",54,103,103,106,88,80,72,92
"Agap3",1862,3698,3821,3565,3536,3685,4035,3811
"Agbl2",3,4,0,3,2,0,0,1
"Agbl3",106,145,145,185,174,170,146,166
"Agbl5",182,255,232,320,265,285,272,248
"Ager",8,10,19,17,22,19,17,12
"Agfg1",1141,2424,2029,2274,2716,2789,2624,2461
"Agfg2",434,733,766,776,703,639,755,717
"Aggf1",1374,2415,2455,2678,2572,2511,2225,2515
"Agk",488,837,911,890,861,770,854,904
"Agl",2484,4725,4864,4972,4982,5097,4525,4740
"Agmat",30,75,81,62,74,75,55,39
"Agmo",2,0,1,5,2,1,0,2
"Ago1",1359,2852,2807,2783,2927,2899,3085,2955
"Ago2",1626,3557,3140,3228,3722,3134,3438,3033
"Ago3",107,319,184,240,285,248,240,235
"Ago4",130,233,235,240,242,183,197,226
"Agpat1",1639,3380,3071,3057,3212,3587,3617,3189
"Agpat2",557,1154,1108,1002,1050,1217,1274,1149
"Agpat3",3295,6875,6731,6256,6787,7518,7229,6307
"Agpat4",922,1791,1841,1723,1664,1831,1792,1575
"Agpat5",947,1865,1888,1912,1833,2030,1987,1892
"Agpat6",2635,5526,5848,5238,5281,5588,6147,5713
"Agpat9",128,248,204,214,257,319,389,328
"Agps",1298,3808,2385,3043,3199,3229,2834,2848
"Agrn",1946,3848,2928,3372,3960,3530,3558,3328
"Agrp",3,11,6,4,8,10,8,13
"Agt",1,0,2,1,4,1,1,2
"Agtpbp1",718,1596,1195,1527,1492,1517,1311,1376
"Agtr1a",1,1,0,1,1,1,1,0
"Agtrap",617,1357,1161,1150,1331,1530,1602,1391
"Agxt2",1,1,0,2,5,1,1,0
"Ahctf1",1232,3300,2331,2845,3201,2932,2752,2829
"Ahcy",1347,2402,2582,2590,2335,2018,2101,2203
"Ahcyl1",5819,10153,10803,11667,10699,9911,9368,9937
"Ahcyl2",739,1464,1189,1416,1511,1640,1552,1469
"Ahdc1",1825,3154,2652,3096,3263,2900,2591,2649
"Ahi1",523,945,840,1028,959,800,795,955
"Ahnak",15822,33902,26397,32505,37054,35715,31732,29976
"Ahr",709,1788,1382,1706,1644,1869,1811,1895
"Ahrr",173,342,389,387,298,384,439,413
"Ahsa1",3811,7093,7766,7318,6953,6678,7804,7865
"Ahsa2",1223,2110,1928,2191,2305,2239,1837,1961
"Ahsg",1,3,7,4,2,8,5,3
"AI115009",0,1,0,2,1,0,1,0
"AI118078",1,0,4,1,0,2,2,2
"AI182371",3,4,1,6,3,4,5,5
"AI197445",1,8,6,4,9,5,4,5
"AI314180",2218,4863,4016,4731,5003,5044,4851,4675
"AI317395",8,5,7,12,6,16,14,6
"AI413582",148,471,302,278,424,553,728,609
"AI414108",8,9,4,15,13,13,7,8
"AI429214",122,240,235,239,282,305,297,305
"AI450353",18,23,38,39,17,16,43,30
"AI464131",1368,2472,3053,2579,2376,2291,1891,2095
"AI467606",1085,2166,1912,1922,2128,2156,2095,1946
"AI504432",5,12,2,9,12,15,15,15
"AI506816",631,630,633,597,570,447,475,540
"AI597479",1239,2340,2547,2539,2580,2449,2327,2464
"AI607873",8,39,12,14,60,66,78,51
"AI661453",15,19,23,32,20,6,8,29
"AI662270",19,28,32,30,37,50,42,33
"AI837181",1546,2770,2871,2904,2707,2789,2830,2780
"AI839979",52,106,102,99,121,119,111,105
"AI846148",636,1112,1402,1215,1203,1066,1122,1167
"AI847159",1,2,2,1,1,0,0,2
"AI854703",0,1,4,0,4,3,4,2
"AI987944",76,297,191,182,230,273,229,300
"Aicda",4,6,8,6,10,13,21,9
"Aida",2359,4101,3974,4651,4437,4455,3856,3861
"Aif1",4,5,2,6,6,7,6,3
"Aif1l",5717,10081,11643,10046,10193,9651,8421,9299
"Aifm1",1405,2562,3132,2957,2651,2351,2480,2693
"Aifm2",566,1251,1248,1037,1163,1319,1490,1383
"Aifm3",0,3,3,0,0,1,0,0
"Aig1",149,443,252,215,484,666,781,508
"Aim1",1105,1722,1966,2419,1548,1282,1348,1509
"Aim1l",33,68,100,63,86,87,76,84
"Aim2",48,93,61,81,88,85,60,77
"Aimp1",1453,2775,3038,2781,2854,2890,2797,2953
"Aimp2",1027,1835,2133,1919,1862,1851,1638,1829
"Aip",2234,4116,4341,4202,3810,3964,4201,4155
"Aipl1",7,12,8,17,6,10,12,8
"Aire",4,17,3,8,17,7,13,12
"Airn",18,58,32,39,44,58,50,54
"Ajuba",2372,3599,4826,4458,3620,2941,2654,3477
"AK010878",82,141,118,120,148,149,132,147
"Ak1",4206,8011,9981,8247,7557,7179,7518,7965
"Ak2",1677,2986,3406,3244,2896,2598,3006,3111
"Ak3",2611,4287,4822,4524,4366,4227,3946,4301
"Ak4",654,1421,520,920,1297,2085,2283,1769
"Ak5",51,104,91,91,92,99,104,103
"Ak6",464,675,727,798,696,666,627,716
"Ak7",0,1,0,0,0,1,1,0
"Ak8",0,5,6,2,5,8,6,2
"Akap1",1432,2871,3468,2919,2753,2772,3433,3373
"Akap10",487,1059,873,967,1236,1087,1138,1110
"Akap11",1109,3386,1673,2365,2807,2875,2461,2553
"Akap12",852,1621,1139,1570,1745,1524,1275,1059
"Akap13",2594,5593,5222,5530,6093,6174,5488,5014
"Akap17b",95,268,160,222,206,246,230,204
"Akap2",1,0,0,1,1,1,1,3
"Akap5",5,4,2,7,10,8,6,4
"Akap6",975,2715,1926,2098,2636,2848,2134,2067
"Akap7",320,704,590,707,864,984,1060,1028
"Akap8",1555,2936,2919,3142,3136,3007,3006,2994
"Akap8l",617,1277,1066,1094,1216,1357,1218,1184
"Akap9",231,801,445,527,754,928,850,790
"Akip1",90,156,187,182,149,169,146,141
"Akirin1",2967,5281,6365,5572,5625,5356,5172,5232
"Akirin2",1797,3072,3582,3347,3228,3253,3329,3572
"Akna",139,336,243,292,323,399,550,526
"Aknad1",18,43,15,33,55,68,51,41
"Akp3",0,0,0,0,1,1,1,0
"Akr1a1",12946,23839,27522,25111,23299,22844,23927,23984
"Akr1b10",454,862,984,899,938,974,812,821
"Akr1b7",6,13,8,12,11,11,17,17
"Akr1b8",3055,5733,6905,6078,5854,5637,5116,5301
"Akr1c12",23,43,67,51,55,32,45,73
"Akr1c13",170,273,397,332,305,279,333,353
"Akr1c14",132,421,277,336,423,554,322,313
"Akr1c21",1,0,0,1,1,1,0,0
"Akr1cl",2,4,5,3,2,2,1,0
"Akr1e1",233,444,437,443,539,523,434,415
"Akr7a5",593,1186,1170,1081,1146,1244,1290,1249
"Akt1",8198,15129,16834,15465,14633,14267,14752,14932
"Akt1s1",1458,2943,2850,2662,2732,2816,2917,2861
"Akt2",4898,8578,9261,8452,8602,7963,7637,7453
"Akt3",1010,2216,1949,2402,2316,2361,2156,2042
"Aktip",1531,3163,3453,3223,3144,3449,3298,3280
"Alad",984,1850,2082,1991,1816,1751,1959,2059
"Alas1",1362,2679,3179,2699,2333,2330,2462,2504
"Alas2",3,4,7,6,6,7,7,5
"Alb",17,31,47,49,46,44,42,29
"Alcam",281,583,701,804,533,326,654,941
"Aldh16a1",512,956,815,847,873,934,977,949
"Aldh18a1",2535,5482,4758,4700,5193,5738,5961,5752
"Aldh1a1",4,23,12,4,9,13,6,6
"Aldh1a2",4,13,50,23,16,8,5,17
"Aldh1a3",97,148,136,169,157,104,83,106
"Aldh1b1",1,0,5,2,2,0,1,1
"Aldh1l1",30,56,48,49,45,62,117,112
"Aldh1l2",729,2657,1226,1365,3051,4681,5728,4941
"Aldh2",6315,14092,14627,12766,13095,14801,14434,12510
"Aldh3a1",541,1715,1693,1400,1511,2009,2281,1720
"Aldh3a2",1473,2918,2944,2929,3325,3190,3426,3322
"Aldh3b1",1323,3019,2827,2271,2663,3480,2762,2495
"Aldh3b2",3,8,13,5,6,2,0,4
"Aldh3b3",35,46,87,60,51,29,18,49
"Aldh4a1",510,826,896,854,803,792,690,721
"Aldh5a1",164,237,258,305,218,231,223,206
"Aldh6a1",403,971,852,946,996,1218,984,964
"Aldh7a1",788,1464,1490,1504,1419,1350,1276,1342
"Aldh8a1",0,1,1,0,2,1,1,3
"Aldh9a1",1224,2296,2088,2302,2196,2490,2665,2483
"Aldoa",35211,75469,61076,60311,69384,83410,76833,68081
"Aldoart1",0,10,8,4,10,11,13,7
"Aldoart2",0,0,1,1,0,2,0,1
"Aldob",1,3,0,0,2,4,2,1
"Aldoc",169,530,476,417,490,690,955,731
"Alg1",458,1000,930,840,967,1125,1308,1184
"Alg10b",900,2781,1568,2184,2299,2048,1852,1997
"Alg11",492,1064,927,985,1080,1231,1234,1172
"Alg12",364,793,722,709,721,838,847,810
"Alg13",283,619,439,574,552,541,454,481
"Alg14",558,961,910,1017,940,898,809,906
"Alg2",1189,2917,2584,2472,2775,3675,3691,3019
"Alg3",402,719,868,773,645,737,764,782
"Alg5",861,1911,2032,1717,1845,2106,2463,2269
"Alg6",339,660,611,731,626,644,578,690
"Alg8",402,704,672,772,715,665,667,697
"Alg9",890,1663,1411,1593,1553,1617,1617,1559
"Alk",2,0,0,2,0,0,1,0
"Alkbh1",484,906,896,987,897,864,969,1047
"Alkbh2",62,118,131,123,145,147,135,139
"Alkbh3",799,1508,1727,1531,1514,1591,1547,1531
"Alkbh4",152,240,304,269,247,225,251,258
"Alkbh5",5060,10389,8184,9205,11045,12750,13835,12090
"Alkbh6",268,485,452,495,451,471,503,549
"Alkbh7",171,388,384,334,335,335,343,394
"Alkbh8",109,259,197,244,200,209,228,243
"Alms1",145,464,239,307,426,430,419,403
"Alox12",7,12,15,12,16,9,7,13
"Alox12b",0,4,0,0,3,1,1,1
"Alox5",3552,8666,7623,6617,8377,9951,8345,6590
"Alox5ap",262,575,475,530,575,552,560,433
"Alox8",6,6,4,8,2,6,6,1
"Aloxe3",1,4,3,2,6,5,6,3
"Alpi",3,2,6,4,2,0,2,4
"Alpk1",478,949,811,955,981,906,999,912
"Alpk2",161,279,292,271,295,310,249,259
"Alpk3",497,824,1082,877,926,821,580,848
"Alpl",4,6,5,8,5,4,8,8
"Als2",755,1399,1452,1405,1580,1472,1389,1303
"Als2cl",369,696,1113,777,708,680,732,839
"Als2cr11",1,1,0,0,0,1,1,0
"Als2cr12",4,5,12,6,5,6,4,6
"Alx3",1,1,0,2,1,0,0,0
"Alx4",0,1,2,0,0,3,1,1
"Alyref",1466,2132,2519,2676,2173,1718,1830,2103
"Alyref2",65,108,109,111,114,138,142,149
"Amacr",1245,2265,2308,2276,2270,2244,1853,2015
"Ambp",0,1,0,3,2,2,2,3
"Ambra1",1296,2487,2472,2365,2575,2524,2500,2356
"Amdhd1",5,12,15,12,11,17,11,9
"Amdhd2",330,728,796,636,681,806,921,736
"Amer1",702,1253,1352,1581,1236,997,980,1072
"Amfr",7795,15633,16566,15502,15070,16390,18522,17349
"Amh",3,9,11,4,5,7,7,5
"Amhr2",1,1,9,2,9,3,1,8
"Amigo1",372,786,834,746,730,801,999,918
"Amigo2",95,194,147,176,208,220,245,220
"Amigo3",113,133,145,174,153,124,110,147
"Ammecr1",414,1294,752,884,1047,882,717,849
"Ammecr1l",1753,3698,3365,3629,3896,3938,3780,3663
"Amn",5,3,1,7,4,3,2,7
"Amn1",335,739,656,656,761,871,824,769
"Amot",1078,2056,2045,2219,2095,1985,1573,1763
"Amotl1",2768,5928,5664,5575,6626,6439,6816,6431
"Amotl2",6207,10332,9841,11107,10939,10459,8942,10510
"Ampd1",11,28,29,26,32,46,29,27
"Ampd2",1368,2390,2732,2648,2328,2082,2255,2439
"Ampd3",862,2461,1929,1789,2464,3452,5019,4221
"Amt",51,125,162,145,123,140,148,162
"Amy1",36,44,68,54,66,35,23,37
"Amz1",11,49,30,21,46,53,80,76
"Amz2",1161,2080,2187,2078,2034,2006,1938,1954
"Anapc1",5134,9174,9965,10053,9339,8469,9396,9379
"Anapc10",836,1483,1573,1632,1515,1542,1270,1508
"Anapc11",1081,1909,1789,1930,1857,1789,1637,1755
"Anapc13",460,778,792,852,793,709,673,639
"Anapc15",242,329,424,429,360,306,290,312
"Anapc16",1314,2485,2610,2460,2312,2402,2454,2525
"Anapc2",3676,7290,7060,7035,6731,6834,7103,6797
"Anapc4",2324,4244,4599,4678,4381,4092,4047,4392
"Anapc5",6251,11059,11115,11775,10811,9975,10294,10823
"Anapc7",1654,3100,3498,3173,2800,2931,3075,2926
"Ang",31,43,43,51,49,51,73,50
"Ang2",5,8,9,11,9,20,28,17
"Ang4",0,1,2,0,1,0,0,1
"Angel1",157,362,364,297,366,359,354,358
"Angel2",1127,2217,1993,2223,2453,2370,2337,2223
"Angpt1",2185,5103,3674,4630,3322,3367,2924,3901
"Angpt2",32,63,51,50,54,67,64,70
"Angpt4",776,1137,1040,1118,1243,825,608,1044
"Angptl1",0,1,1,2,1,0,0,0
"Angptl2",7681,15989,15381,15104,15743,16643,19106,16622
"Angptl3",0,2,0,1,1,0,0,0
"Angptl4",4665,10649,9294,10084,9184,11958,15816,14218
"Angptl6",38,76,69,62,53,106,127,125
"Angptl7",14,138,101,62,125,215,437,400
"Ank",8093,14939,18172,17568,15420,15587,16106,15107
"Ank1",1416,2156,2776,2467,2395,2298,1626,1845
"Ank2",147,442,271,312,522,771,709,522
"Ank3",891,2030,1416,1861,2079,2043,1808,1671
"Ankdd1b",45,100,92,87,91,103,69,97
"Ankef1",1,1,0,1,1,1,1,1
"Ankfy1",2489,4935,4445,4848,5098,4963,4946,4632
"Ankhd1",967,2577,1618,2032,2481,2608,2528,2306
"Ankib1",1050,2521,1904,2404,2404,2574,2440,2455
"Ankk1",0,2,2,0,1,1,1,0
"Ankle1",74,109,87,128,103,36,32,83
"Ankle2",1120,2407,2121,2418,2617,2678,2482,2461
"Ankmy1",36,55,65,61,67,38,22,58
"Ankmy2",505,981,944,970,913,883,894,930
"Ankra2",442,959,932,965,1001,1063,1136,1157
"Ankrd1",9823,19899,17172,18085,24321,26164,19302,19231
"Ankrd10",2197,4307,4831,4669,4290,4022,4163,4728
"Ankrd11",1833,4182,3519,3921,4638,4296,4572,4232
"Ankrd12",100,294,226,248,338,450,476,391
"Ankrd13a",2034,3635,3993,3881,3477,3265,3321,3514
"Ankrd13b",935,2008,2116,1786,1970,1970,2315,2353
"Ankrd13c",770,1668,1363,1597,1609,1593,1526,1481
"Ankrd13d",100,230,215,212,213,241,271,224
"Ankrd16",229,398,443,498,448,471,482,474
"Ankrd17",2648,6202,4603,5980,6475,6448,5822,5766
"Ankrd2",502,904,1100,851,822,808,653,938
"Ankrd23",968,1394,1863,1510,1568,1081,731,1340
"Ankrd24",88,237,219,197,223,257,276,272
"Ankrd26",73,209,149,174,168,174,197,208
"Ankrd27",692,1389,1423,1443,1397,1330,1460,1380
"Ankrd28",1036,2685,2229,2797,2479,2475,2537,2510
"Ankrd29",79,126,95,139,135,121,71,114
"Ankrd32",275,653,415,535,510,493,416,549
"Ankrd33b",511,1058,1129,995,1236,1267,1457,1140
"Ankrd34a",51,117,193,140,104,113,113,124
"Ankrd35",23,38,52,39,49,34,19,38
"Ankrd37",146,349,194,229,336,470,734,664
"Ankrd39",160,248,346,326,284,246,262,308
"Ankrd40",2849,5440,5809,5549,5793,5932,5869,5650
"Ankrd42",57,129,108,116,164,189,171,169
"Ankrd44",443,773,725,850,820,695,549,696
"Ankrd45",3,1,2,5,4,5,6,4
"Ankrd46",2735,5211,5824,5577,5099,5006,4966,4970
"Ankrd49",182,443,440,426,441,425,394,432
"Ankrd50",1209,2063,1939,2081,2064,2022,1851,1996
"Ankrd52",1762,3572,3541,3388,3763,2954,3202,3092
"Ankrd53",5,7,5,10,7,14,10,9
"Ankrd54",555,1000,1163,1070,936,857,977,984
"Ankrd55",24,104,50,48,87,133,139,86
"Ankrd6",106,233,174,213,262,249,207,194
"Ankrd61",6,7,12,13,12,19,18,11
"Ankrd63",3,0,1,3,1,1,0,1
"Ankrd66",3,8,4,4,7,7,5,6
"Ankrd9",153,258,316,285,227,217,217,237
"Anks1",512,1100,867,945,1011,1061,1098,992
"Anks1b",1,2,4,1,5,1,1,7
"Anks3",613,1061,1366,1218,1140,1220,1356,1236
"Anks6",157,275,224,259,226,258,281,299
"Ankzf1",369,743,774,727,783,876,981,985
"Anln",2419,4582,3107,4739,4479,2585,1829,2793
"Ano1",215,326,425,424,339,121,145,328
"Ano10",2064,4327,4262,4048,3980,4291,4778,4518
"Ano2",0,0,0,0,1,1,0,1
"Ano3",1,15,6,4,12,9,10,12
"Ano5",509,1436,1098,1011,1607,1460,1058,1043
"Ano6",4211,8290,8444,8313,8638,8476,9059,8165
"Ano7",0,1,0,0,1,2,3,1
"Ano8",1162,2312,1998,2026,2308,2248,2241,2134
"Anp32a",2385,4277,4388,5260,4577,3660,3525,4297
"Anp32b",5152,7428,8335,8917,8473,7310,7751,8512
"Anp32e",4652,7571,8021,9216,8390,6754,5887,6952
"Anpep",1537,5027,3332,3216,4828,7460,10131,7829
"Antxr1",2189,5162,4679,4562,5485,6527,7173,5903
"Antxr2",1791,4197,3377,3436,4696,5305,5100,4352
"Antxrl",0,2,0,1,1,2,7,8
"Anxa1",12360,21654,21562,23790,23852,22501,21551,22880
"Anxa11",1294,2623,3007,2579,2597,2474,2288,2417
"Anxa13",5,3,10,6,4,9,7,4
"Anxa2",23460,39972,44834,44665,37805,32338,31688,35257
"Anxa3",3695,8320,7026,6997,8839,9774,8941,7753
"Anxa4",5155,10238,10286,10198,10193,11028,11342,10101
"Anxa5",9449,17401,17956,18352,17138,16648,17884,17676
"Anxa6",18907,34229,38379,36162,32933,30489,26373,26060
"Anxa7",4114,8581,9801,8459,8890,9399,9748,9198
"Anxa8",3678,6899,8286,6448,6801,6737,12833,13017
"Anxa9",69,120,92,108,138,134,117,133
"Aoc1",0,0,0,1,1,1,0,0
"Aoc2",34,68,84,89,65,62,81,52
"Aoc3",636,805,819,1111,708,392,242,530
"Aox1",514,1208,1304,1226,1176,1218,1229,1134
"Aox2",2,3,4,4,2,7,7,5
"Aox3",7,25,45,46,18,31,57,41
"Aox4",1,0,0,1,0,1,1,2
"Ap1ar",898,1517,1646,1723,1785,1729,1682,1814
"Ap1b1",3118,6203,6287,5915,5923,6108,6559,5899
"Ap1g1",1885,3713,3311,3852,3856,3725,3370,3382
"Ap1g2",130,242,185,217,256,257,234,209
"Ap1m1",1592,3183,3242,2965,3139,3158,3300,3109
"Ap1s1",2293,4208,4532,4194,4109,3918,4176,4069
"Ap1s2",866,1752,1409,1758,1763,1894,1751,1861
"Ap1s3",33,87,53,57,85,57,52,63
"Ap2a1",2328,4247,4524,4194,3980,3707,4024,3970
"Ap2a2",3753,7049,6854,6834,6893,6659,6942,6757
"Ap2b1",5719,10549,9981,10437,10609,10135,10242,9802
"Ap2m1",7939,11970,13913,12854,11381,10482,11603,12087
"Ap2s1",1250,2351,2500,2251,2148,2239,2227,2227
"Ap3b1",1815,3451,3056,3414,3894,3957,3756,3676
"Ap3b2",1,0,1,1,0,0,1,0
"Ap3d1",3245,6650,5981,5961,6844,6883,7203,6238
"Ap3m1",1585,2903,2759,3102,3194,3250,2842,3129
"Ap3m2",451,882,883,886,905,911,853,762
"Ap3s1",2165,4842,3993,4161,5050,6513,7518,6813
"Ap3s2",1057,2163,2179,2035,2159,2170,2229,2099
"Ap4b1",508,892,1028,972,951,975,950,1071
"Ap4e1",432,1251,784,1049,1135,1245,1011,1124
"Ap4m1",290,544,505,516,491,495,521,552
"Ap4s1",195,371,476,403,391,377,391,399
"Ap5b1",108,303,212,207,259,284,301,274
"Ap5m1",243,501,377,428,487,476,420,458
"Ap5s1",367,723,869,737,746,766,857,736
"Ap5z1",256,644,503,482,616,771,816,693
"Apaf1",737,1449,1292,1487,1618,1538,1365,1334
"Apba1",43,136,90,89,99,121,130,124
"Apba2",0,0,1,0,0,1,1,0
"Apba3",1305,2479,2199,2133,2382,2788,2824,2474
"Apbb1",993,1933,2177,1943,1838,1919,1976,1751
"Apbb1ip",983,1871,2061,2199,1998,2183,2312,2136
"Apbb2",1707,3512,3034,3519,3675,3902,3460,3186
"Apbb3",231,476,539,429,484,570,652,551
"Apc",562,1981,1122,1276,1730,1795,1670,1729
"Apc2",76,186,107,126,163,195,156,142
"Apcdd1",144,328,166,218,290,306,339,386
"Apeh",1345,2724,2679,2478,2584,2563,2636,2559
"Apex1",475,571,764,677,577,494,640,656
"Apex2",240,346,506,441,346,287,297,354
"Aph1a",2148,2470,2471,2391,2472,2448,2641,2413
"Aph1b",488,831,778,925,907,860,805,863
"Aph1c",53,96,98,88,103,116,92,91
"Api5",4037,7046,7776,8256,7690,7285,7178,7700
"Apip",347,626,662,688,612,584,511,603
"Apitd1",156,226,223,245,221,167,143,185
"Aplf",316,574,614,617,589,581,625,628
"Apln",656,2011,601,1014,1685,3465,4460,3188
"Aplnr",42,63,109,74,110,36,23,137
"Aplp1",489,917,1033,970,899,882,1005,1042
"Aplp2",5246,11736,11061,11224,11901,14388,14538,12159
"Apmap",1132,2064,2355,2325,2003,1934,2026,2118
"Apoa1",0,2,4,5,1,2,5,0
"Apoa1bp",1129,2269,2476,2292,2074,2170,2183,2016
"Apoa2",0,2,1,1,2,1,0,1
"Apoa5",0,2,2,2,3,2,4,8
"Apob",2,7,3,2,2,4,3,3
"Apobec1",264,444,561,631,539,549,751,826
"Apobec2",951,1693,2403,1721,1848,1682,1184,1425
"Apobec3",669,1015,1079,1186,1019,989,1088,1038
"Apobr",73,158,138,146,176,185,275,281
"Apoc1",2,6,16,5,5,3,9,10
"Apod",56,108,149,109,126,121,67,66
"Apoe",509,1572,1212,898,1432,1823,1947,1662
"Apof",1,3,4,2,2,5,6,4
"Apoh",12,15,20,21,18,16,10,14
"Apol10b",522,610,806,863,672,316,276,637
"Apol11b",9,6,12,17,8,6,5,14
"Apol6",110,155,119,160,171,94,82,139
"Apol7a",13,40,28,23,43,41,31,31
"Apol7d",2,12,7,8,12,11,7,11
"Apol8",16,47,22,30,43,44,42,45
"Apol9a",352,539,273,409,673,476,380,360
"Apol9b",462,667,393,540,742,609,445,526
"Apold1",4,22,12,12,14,17,17,24
"Apom",6,5,0,5,7,6,11,5
"Apon",4,3,4,7,1,1,6,5
"Apoo",173,105,115,126,125,104,94,108
"Apool",653,1262,1399,1280,1382,1234,1081,1279
"Apopt1",667,1087,1271,1096,1092,1148,1163,1164
"App",16702,30380,29281,31267,32060,33187,30779,29975
"Appbp2",641,1318,1163,1262,1317,1193,1116,1185
"Appbp2os",0,6,8,1,5,5,6,9
"Appl1",792,2364,1270,1824,1893,1983,1605,1692
"Appl2",728,1896,1595,1548,2038,2483,2512,1997
"Aprt",1386,2703,2919,2701,2603,2780,2888,2826
"Aptx",640,1136,1260,1207,1214,1174,1196,1285
"Aqp1",1676,4376,3083,3302,4247,4363,4576,3317
"Aqp11",11,10,21,19,12,15,5,9
"Aqp2",1,9,16,5,8,6,9,7
"Aqp3",0,0,1,1,1,1,3,1
"Aqp5",3819,7833,8409,7156,7043,8106,8684,7794
"Aqp7",1,0,1,1,0,1,0,0
"Aqp9",0,0,2,1,1,8,10,8
"Aqr",1649,3063,3158,3331,3284,3007,3034,3249
"Ar",69,163,65,116,154,168,126,100
"Araf",1785,3644,3703,3565,3833,4030,3809,3657
"Arap1",1202,2331,2195,2238,2275,2325,2223,2017
"Arap2",28,78,42,65,50,71,56,87
"Arap3",95,172,150,173,147,134,127,96
"Arc",70,73,100,111,102,49,37,79
"Arcn1",7481,13944,13205,15050,14360,14015,13031,13969
"Areg",86,109,100,124,138,91,110,127
"Arel1",1346,2709,2641,2620,3006,2887,2847,2882
"Arf1",12929,24093,26116,24322,23457,23325,24277,24018
"Arf2",2447,4432,4909,4711,4651,4366,4230,4234
"Arf3",5350,10274,10386,10309,10066,10308,11245,10363
"Arf4",10541,18179,19863,20259,18224,18278,17693,18873
"Arf5",1991,3414,3962,3663,3257,3105,2927,3181
"Arf6",2677,5498,4554,5498,5413,5243,4887,5174
"Arfgap1",2086,4160,4034,4005,4072,3744,3786,3748
"Arfgap2",2469,4540,4764,4649,4403,4259,4392,4447
"Arfgap3",3378,6687,6971,6569,6748,7300,7215,6598
"Arfgef1",896,2968,2023,2251,2519,2707,2546,2541
"Arfgef2",1148,2738,2481,2615,2966,3361,3860,3372
"Arfgef3",1,1,0,1,0,3,1,0
"Arfip1",2275,4740,4077,5124,5067,5147,4368,4685
"Arfip2",1073,1999,2187,2113,2038,2032,2100,2052
"Arfrp1",647,1303,1429,1265,1234,1224,1405,1379
"Arg1",0,5,10,6,5,7,27,20
"Arg2",2,5,2,1,4,4,3,7
"Arglu1",904,1720,1688,1936,1831,1659,1606,1762
"Arhgap1",3147,5413,6659,6244,5431,4824,5196,5560
"Arhgap10",1430,2777,2798,2918,3004,3126,3301,3099
"Arhgap11a",1242,2096,1588,2320,2129,1186,936,1498
"Arhgap12",408,1176,842,1012,1150,1356,1213,1165
"Arhgap17",687,1374,1324,1385,1462,1502,1596,1347
"Arhgap18",330,880,528,717,840,1015,872,731
"Arhgap19",338,572,520,597,598,385,335,406
"Arhgap20",0,3,2,2,3,2,3,5
"Arhgap21",1654,3679,2935,3578,3807,3704,3299,3106
"Arhgap22",1700,3118,2474,2739,3034,2778,2863,2704
"Arhgap23",2098,3847,3926,4005,3806,3749,3764,3603
"Arhgap24",812,1628,1533,1579,1710,1965,2077,1889
"Arhgap25",1,0,1,2,1,1,0,2
"Arhgap26",26,84,58,45,106,128,163,136
"Arhgap27",14,20,15,20,9,16,17,14
"Arhgap28",1527,2817,3438,3326,2942,2734,2387,2655
"Arhgap29",1566,4595,2359,3446,4600,5335,4391,3593
"Arhgap30",0,3,1,1,2,1,1,0
"Arhgap31",1425,2592,2299,2739,2840,2689,2577,2316
"Arhgap32",420,856,626,812,868,819,774,781
"Arhgap33",98,209,137,172,199,234,221,210
"Arhgap35",2667,5383,4690,5085,5942,5440,5786,5344
"Arhgap39",451,861,905,871,877,794,876,831
"Arhgap4",5,13,13,10,11,16,21,9
"Arhgap42",1343,3329,2778,3287,3206,3054,2452,2616
"Arhgap44",235,547,445,411,563,594,750,729
"Arhgap5",301,1011,673,649,1020,1225,1264,1172
"Arhgap6",9,33,11,14,28,42,19,17
"Arhgap8",0,1,2,0,1,0,0,3
"Arhgap9",5,18,11,9,12,7,3,10
"Arhgdia",16471,30857,31319,30243,30026,29903,30292,29116
"Arhgdib",2028,4568,5004,4331,4207,4998,5628,4911
"Arhgdig",100,154,146,171,150,131,83,144
"Arhgef1",1624,2918,2960,2945,3063,2861,3148,3015
"Arhgef10",1911,3849,3154,3513,4176,4514,4357,3766
"Arhgef10l",1343,3290,3063,2675,3241,3798,3907,3188
"Arhgef11",920,1919,1624,1643,1895,1825,2065,1912
"Arhgef12",2533,5454,3997,5037,5957,5869,5681,5351
"Arhgef15",10,25,12,21,27,29,27,31
"Arhgef16",0,0,2,1,1,0,0,1
"Arhgef17",3479,6926,6497,6697,6786,6582,6504,6038
"Arhgef18",920,1930,1919,1829,1810,1969,2121,1928
"Arhgef19",1815,3093,3156,3167,2947,2786,2532,2759
"Arhgef2",8844,18288,18213,17273,19070,19514,19507,18105
"Arhgef25",1810,3353,3144,3400,3342,3376,3165,3108
"Arhgef26",208,286,317,379,323,244,194,281
"Arhgef28",23,35,38,38,31,36,54,67
"Arhgef3",266,415,409,458,461,432,373,412
"Arhgef33",0,1,3,1,2,3,1,0
"Arhgef37",64,104,139,112,99,85,77,107
"Arhgef39",168,205,258,275,187,88,68,180
"Arhgef4",36,58,77,85,70,58,55,75
"Arhgef40",3493,6093,6208,6425,6055,5463,5812,5787
"Arhgef5",1775,3319,3503,3309,3556,3041,3291,3404
"Arhgef6",111,175,245,267,216,178,142,213
"Arhgef7",1396,2829,2710,2667,2882,2734,2770,2642
"Arhgef9",344,693,653,787,667,704,606,626
"Arid1a",2126,4080,3684,4069,4318,4044,4056,4033
"Arid1b",1031,2548,2149,2216,2583,2682,2677,2456
"Arid2",1140,3011,1925,2580,2982,3020,2642,2613
"Arid3a",166,469,386,393,514,634,617,487
"Arid3b",66,119,159,130,123,131,126,114
"Arid4a",187,670,484,513,539,551,569,542
"Arid4b",207,692,463,532,651,774,781,763
"Arid5a",901,1600,1417,1492,1759,1760,2060,1887
"Arid5b",818,2267,1747,1956,2557,2629,3105,2257
"Arih1",2453,5451,4488,5512,5543,5637,5015,5196
"Arih2",1963,3466,3850,3640,3341,3590,3848,3853
"Arl1",3958,7185,8131,7668,7780,7227,7373,7685
"Arl10",170,303,307,297,335,306,384,362
"Arl11",0,1,0,0,0,3,2,0
"Arl13a",0,1,1,0,0,2,1,1
"Arl13b",378,992,738,868,894,1017,953,896
"Arl14ep",833,2174,1518,1906,2183,2176,2214,2339
"Arl14epl",2,15,14,9,15,17,29,23
"Arl15",619,1314,1207,1202,1512,1835,1865,1636
"Arl16",266,544,654,563,581,523,569,585
"Arl2",1098,2126,2334,2008,2024,2148,2192,2104
"Arl2bp",4336,7649,9091,8424,7370,6981,7207,7650
"Arl3",809,1461,1532,1578,1479,1532,1507,1327
"Arl4a",153,303,396,328,340,294,293,390
"Arl4c",2072,3024,2806,3533,3143,2293,2177,2955
"Arl4d",118,193,318,278,185,159,146,151
"Arl5a",1046,2746,1974,2336,2337,2516,1958,2206
"Arl5b",150,484,343,412,433,443,396,415
"Arl5c",83,201,206,139,193,194,160,160
"Arl6",395,732,695,787,808,704,626,763
"Arl6ip1",3477,5216,5367,5891,5597,4447,4089,4471
"Arl6ip4",736,1394,1766,1459,1427,1377,1582,1452
"Arl6ip5",11344,23277,27767,22487,22362,24487,22203,21537
"Arl6ip6",527,986,808,1094,1073,929,880,1014
"Arl8a",1753,3661,3818,3363,3728,4229,4925,4321
"Arl8b",2610,5236,5227,5009,5410,5809,5914,5528
"Arl9",0,1,0,1,0,1,1,0
"Armc1",1267,2415,2414,2543,2543,2514,2323,2468
"Armc10",593,1200,1169,1149,1205,1258,1297,1271
"Armc2",32,54,49,66,54,53,36,37
"Armc5",443,869,662,760,818,770,764,750
"Armc6",685,1189,1373,1203,1098,1053,1084,1152
"Armc7",140,244,349,283,202,276,346,308
"Armc8",728,1395,1196,1482,1526,1388,1179,1471
"Armc9",389,720,747,709,693,729,790,749
"Armcx1",513,1065,1129,1194,1246,1465,1332,1394
"Armcx2",2834,5107,5574,5614,5187,4938,4468,4319
"Armcx3",1105,2005,1813,1943,2029,2194,1894,1791
"Armcx4",647,1541,1485,1541,1586,1319,1038,1462
"Armcx5",152,316,294,330,323,371,300,307
"Armcx6",172,393,444,347,358,364,336,331
"Armt1",783,1366,1493,1496,1548,1422,1326,1415
"Arnt",2277,4477,4420,4469,4304,4388,4497,4591
"Arnt2",424,787,805,777,718,769,896,785
"Arntl",816,1457,1276,1467,1564,1525,1725,1769
"Arntl2",109,213,143,207,195,191,159,201
"Arpc1a",1761,3179,3250,3299,3122,2971,3105,3211
"Arpc1b",5993,11625,11615,11559,11048,11566,13037,11656
"Arpc2",7195,12660,15063,14417,12995,12540,11949,12869
"Arpc3",2650,4870,5641,5040,4795,4580,4767,4738
"Arpc4",3085,5070,5857,5554,4805,4410,4600,4743
"Arpc5",4611,7446,9291,9446,7859,6598,6909,8051
"Arpc5l",1240,2270,2657,2483,2293,2054,2271,2541
"Arpin",837,1393,1403,1485,1411,1147,1146,1291
"Arpp19",1732,3660,3175,3673,3563,3893,3494,3421
"Arpp21",623,1020,1193,1137,1147,943,618,1003
"Arr3",0,0,1,0,2,0,0,1
"Arrb1",616,1075,1019,1139,1014,865,968,938
"Arrb2",396,752,711,727,778,771,825,770
"Arrdc1",158,252,203,288,305,299,325,309
"Arrdc2",148,280,355,313,263,351,362,387
"Arrdc3",431,1016,981,1182,1032,1293,1546,1559
"Arrdc4",25,69,81,84,73,74,136,107
"Arsa",1224,2845,2179,2316,2780,3327,3404,2763
"Arsb",1675,2763,3059,3178,3091,2754,2446,2554
"Arsg",47,155,166,125,158,190,197,128
"Arsi",45,44,48,65,57,20,23,45
"Arsj",412,711,820,1025,817,601,561,703
"Arsk",268,523,526,585,601,647,650,606
"Art1",173,267,543,319,324,258,224,330
"Art2a-ps",0,0,1,0,0,1,1,1
"Art3",35,43,59,63,40,48,28,31
"Art5",35,74,89,67,61,72,52,65
"Artn",81,151,88,114,151,156,153,158
"Arv1",93,164,167,159,148,144,190,175
"Arvcf",487,1061,1049,971,1016,1234,1312,1052
"Arx",76,70,133,106,99,46,33,96
"Arxes1",1,3,4,4,2,4,5,3
"Arxes2",108,172,153,192,150,148,134,171
"As3mt",302,620,561,516,637,677,565,566
"Asah1",4222,9418,8631,8640,10249,12483,12924,11619
"Asah2",224,521,367,476,522,591,483,445
"Asap1",4034,8361,6522,8249,9006,9112,7831,7787
"Asap2",305,512,554,540,536,524,598,569
"Asap3",496,1000,1060,1007,1023,1076,1186,970
"Asb1",556,1610,1303,1186,1593,1239,1572,1283
"Asb10",0,3,4,1,0,5,5,2
"Asb11",5,5,4,7,6,3,3,6
"Asb12",1,2,0,1,3,1,0,0
"Asb13",98,188,180,184,183,176,233,197
"Asb14",15,35,44,34,35,26,18,31
"Asb15",5,4,6,8,9,7,3,4
"Asb16",21,37,41,38,46,42,29,43
"Asb2",121,165,292,241,179,125,84,132
"Asb3",495,1058,1079,948,1007,1045,1009,1083
"Asb5",6476,14411,15045,13147,15427,17961,16767,16006
"Asb6",809,1562,1763,1601,1492,1697,1765,1637
"Asb7",482,970,819,933,1057,1142,986,1019
"Asb8",1279,2390,2811,2523,2351,2323,2244,2363
"Ascc1",486,1187,934,896,1079,1216,1251,1188
"Ascc2",911,1885,1914,1658,1996,1732,2002,1847
"Ascc3",528,1717,828,1203,1131,1363,1249,1285
"Ascl3",1,1,0,1,3,6,3,3
"Ascl5",0,3,0,1,1,3,2,2
"Asf1a",467,840,997,1069,940,932,853,961
"Asf1b",1430,1689,2095,2318,1499,592,537,1264
"Asgr1",3,4,8,7,3,10,10,2
"Asgr2",4,3,12,7,2,4,6,8
"Ash1l",941,3032,1550,2134,2486,2674,2403,2362
"Ash2l",2153,3899,4387,4229,3889,3475,3759,3941
"Asic1",90,203,189,175,215,222,246,245
"Asic3",3,6,5,8,6,11,12,16
"Asic4",0,0,3,0,0,3,2,2
"Asl",706,1585,1450,1329,1525,1633,1554,1492
"Asmt",1,3,0,3,0,0,0,4
"Asna1",2740,5537,5948,5168,5097,5340,5825,5546
"Asns",1267,3992,3166,2435,3931,5314,6680,5854
"Asnsd1",1390,2783,2470,2676,3020,3198,2737,2902
"Aspa",68,110,150,147,100,74,41,97
"Aspg",3,3,6,5,4,2,3,6
"Asph",2086,4319,3533,4380,4550,4619,4019,3829
"Asphd2",15,27,37,31,23,21,32,32
"Aspm",509,1023,551,846,708,424,283,561
"Aspn",111,248,161,263,202,255,110,97
"Asprv1",13,15,24,18,26,21,8,32
"Aspscr1",897,1755,1798,1679,1618,1691,1951,1918
"Asrgl1",180,293,407,371,308,215,331,369
"Ass1",0,2,0,0,0,0,1,1
"Aste1",149,269,301,285,298,255,260,295
"Astn1",2,2,4,4,5,12,7,3
"Asun",1110,1855,2015,2149,1922,1790,1928,2011
"Asxl1",2222,3947,3946,4027,4190,4124,4077,3840
"Asxl2",652,1927,1163,1493,1719,1865,1711,1759
"Atad1",1945,4285,3806,4351,4678,5225,4618,4741
"Atad2",662,1972,766,1317,1200,827,714,1184
"Atad2b",308,1062,598,764,876,880,771,783
"Atad3a",1101,1941,2379,2185,1871,1785,2014,2113
"Atad3aos",4,19,15,11,15,10,10,8
"Atad5",124,353,145,243,199,165,123,215
"Atat1",517,1157,1121,1040,1069,1219,1076,1079
"Atcay",1,8,10,4,3,7,2,11
"Atcayos",16,8,23,20,16,18,12,17
"Ate1",1028,2172,1935,2266,2492,2337,2014,2126
"Atf1",1349,2612,2389,2661,2981,3244,3030,2979
"Atf2",778,2208,1309,1900,1999,2388,1995,1816
"Atf3",71,281,115,119,287,430,588,463
"Atf4",6783,14490,13015,12336,15293,16521,22229,21121
"Atf5",1440,3653,3149,2629,3792,4662,5377,4986
"Atf6",2978,7260,5873,6422,7888,9387,8732,7425
"Atf6b",1184,2452,2433,2341,2495,2690,3143,2733
"Atf7",2363,4515,4318,4599,4710,4835,4864,4684
"Atf7ip",1159,2029,1883,2110,2237,1916,2012,2177
"Atg10",212,421,383,417,426,504,427,430
"Atg101",681,1337,1473,1290,1379,1317,1390,1293
"Atg12",1422,2735,2697,2762,2908,3243,3542,3608
"Atg13",1327,3083,2849,2626,2935,3586,3843,3137
"Atg14",351,719,695,680,812,918,1036,900
"Atg16l1",867,1769,1856,1685,1694,1745,1895,1877
"Atg16l2",260,546,429,462,506,448,446,447
"Atg2a",872,1977,1650,1571,1913,2136,2399,1984
"Atg2b",1555,2985,2941,3042,3044,3186,3483,3339
"Atg3",1317,2285,2547,2704,2572,2582,2461,2639
"Atg4a",7,6,5,7,3,3,3,2
"Atg4b",1273,2544,2928,2509,2570,2403,2625,2582
"Atg4c",420,893,910,949,937,1008,1022,1029
"Atg4d",424,798,744,689,695,759,854,791
"Atg5",1024,1928,1880,1931,2004,2065,1948,1944
"Atg7",1120,1876,2119,1926,1858,1914,2325,2135
"Atg9a",1400,2850,2871,2630,2748,2838,3131,2947
"Atg9b",65,128,88,106,128,159,122,116
"Athl1",698,1320,1239,1302,1275,1222,1142,1134
"Atic",3159,5276,6938,6292,5108,4477,5668,6132
"Atl1",85,178,110,147,185,208,169,146
"Atl2",1732,3005,3206,3501,3382,3054,2613,3126
"Atl3",3523,7362,6142,8206,7810,6877,6756,7302
"Atm",268,935,588,683,774,755,824,844
"Atmin",499,943,916,851,980,1033,957,1013
"Atn1",2341,4783,4190,4295,4707,4558,4838,4454
"Atoh8",872,1464,1508,1624,1258,1243,1237,1251
"Atox1",749,1504,1596,1430,1359,1389,1399,1384
"Atp10a",365,672,613,654,663,600,628,669
"Atp10b",15,20,10,13,24,13,15,18
"Atp10d",204,455,486,452,500,471,480,495
"Atp11a",2513,5483,4313,4730,6166,6523,6521,5586
"Atp11b",569,1896,1236,1522,1671,1890,1616,1595
"Atp11c",133,443,234,298,338,317,283,408
"Atp13a1",1328,2694,2670,2533,2629,2627,2887,2651
"Atp13a2",546,1149,1059,956,1063,1178,1258,1049
"Atp13a3",4530,13631,9350,11026,11927,12561,10594,11500
"Atp13a4",0,0,0,0,1,1,3,0
"Atp13a5",10,11,18,11,19,12,10,20
"Atp1a1",11965,22653,26160,23426,22222,21919,21717,21278
"Atp1a2",1104,2186,2813,2026,2489,2458,1888,2280
"Atp1a3",360,946,492,504,932,1138,1104,929
"Atp1a4",0,2,1,1,4,4,3,1
"Atp1b1",735,1006,1803,1549,1157,890,709,1160
"Atp1b2",25,23,36,42,24,23,21,33
"Atp1b3",4674,7999,10002,9101,8382,8304,9139,9732
"Atp1b4",1,1,1,1,0,1,1,0
"Atp2a1",7669,14342,20220,14347,14918,15641,11710,13313
"Atp2a2",11032,22267,26032,22309,24539,25142,24743,24737
"Atp2a3",44,120,126,85,127,151,138,99
"Atp2b1",1527,5506,2870,3363,4793,5655,5233,4418
"Atp2b3",0,0,3,0,1,2,5,5
"Atp2b4",6157,9918,10247,11813,10498,7153,5371,7705
"Atp2c1",1673,3560,2926,3457,3917,4419,4116,3766
"Atp2c2",2,3,0,2,1,6,4,2
"Atp5a1",18492,33495,40789,36021,31433,28844,29641,31301
"Atp5b",35231,62357,74103,65338,59545,55133,51449,54820
"Atp5c1",6044,11205,12482,11161,10362,10140,9590,10563
"Atp5d",5486,10057,11511,10279,9299,9288,8590,8907
"Atp5e",1562,2844,3436,3079,2802,2600,2721,2763
"Atp5f1",6108,10556,13045,11659,10662,9975,9097,10450
"Atp5g1",2161,3885,4429,4132,3518,3327,3186,3590
"Atp5g2",3939,6365,6974,6632,6101,5925,5914,5614
"Atp5g3",7573,13777,15765,14586,12916,12098,11128,12218
"Atp5h",3111,5969,6827,6142,5530,5369,5494,5874
"Atp5j",2521,4330,5151,4852,4384,4119,3889,4395
"Atp5j2",2265,4128,5000,4435,3955,3823,3533,3895
"Atp5k",540,1003,1277,1112,972,765,769,886
"Atp5l",3258,5338,6470,5844,5209,5138,5174,5526
"Atp5o",4476,7880,9312,8609,7310,7037,6656,7134
"Atp5s",129,268,202,258,266,307,258,226
"Atp5sl",238,493,483,435,469,486,530,502
"Atp6ap1",5276,12392,11445,10259,11710,13859,15161,13538
"Atp6ap2",3355,6657,6465,6822,6939,7978,7213,7050
"Atp6v0a1",1372,2780,3146,2760,2981,2950,2878,2954
"Atp6v0a2",2881,5674,6733,5970,5974,5999,6171,6111
"Atp6v0a4",0,0,3,1,1,1,0,2
"Atp6v0b",2507,6421,5792,4700,6010,7122,7550,6790
"Atp6v0c",0,1,0,0,0,0,1,1
"Atp6v0d1",2139,4415,4520,3972,4040,4622,4738,4303
"Atp6v0d2",0,33,1,0,25,45,35,20
"Atp6v0e",1800,3848,3656,3398,3648,3976,4240,4001
"Atp6v0e2",151,300,322,248,304,338,334,316
"Atp6v1a",3477,8417,7605,8027,8830,10203,9518,8452
"Atp6v1b2",2409,5798,5296,4652,5838,6653,7685,6526
"Atp6v1c1",1805,3791,3941,3618,4008,4490,4786,4450
"Atp6v1c2",87,91,318,179,108,18,11,116
"Atp6v1d",2052,4263,4850,3964,4448,4577,4488,4610
"Atp6v1e1",3020,6149,6932,5720,6182,6536,6582,6692
"Atp6v1e2",1,0,3,1,0,0,0,2
"Atp6v1f",905,2213,2283,1882,2178,2561,2770,2473
"Atp6v1g1",6470,12232,13890,11754,11929,12673,12970,12529
"Atp6v1g2",29,58,59,72,64,77,85,69
"Atp6v1h",1862,3680,4402,4002,3912,4217,4596,4830
"Atp7a",462,1636,975,1246,1484,1563,1512,1304
"Atp7b",4,7,0,3,6,6,3,5
"Atp8a1",5,2,1,6,2,2,1,5
"Atp8a2",1,0,2,1,3,1,1,1
"Atp8b1",53,146,109,113,116,129,127,132
"Atp8b2",3207,6456,6736,6523,6601,6481,7322,6538
"Atp8b3",3,5,4,6,4,2,5,2
"Atp8b4",14,29,15,23,23,44,48,58
"Atp8b5",6,16,8,7,4,20,20,11
"Atp9a",29,50,101,59,51,62,61,60
"Atp9b",1709,3328,3405,3404,3363,3447,3809,3524
"Atpaf1",397,608,609,618,567,566,570,580
"Atpaf2",672,1128,1252,1199,1152,1111,1179,1192
"Atpif1",1721,3131,3752,3283,3077,2870,2790,2967
"Atr",202,712,337,464,568,604,554,529
"Atraid",1550,2926,3453,2798,2669,3084,3067,3155
"Atrip",372,588,752,681,713,591,623,672
"Atrn",1359,2888,2507,2896,3238,3352,3318,3167
"Atrnl1",1181,2744,1805,2300,3107,3774,3773,3028
"Atrx",398,1298,856,931,1387,1505,1381,1370
"Atxn1",559,1515,854,1284,1433,1624,1170,1116
"Atxn10",5349,9417,10681,10436,9132,8790,8965,9198
"Atxn1l",1579,2818,2603,2913,2868,2701,2719,2730
"Atxn2",2028,3943,3611,4072,4040,4114,3690,3625
"Atxn2l",2798,5111,4165,4744,5309,5597,5532,5095
"Atxn3",356,1024,724,867,911,984,885,867
"Atxn7",215,659,359,455,623,657,600,616
"Atxn7l1",492,837,807,914,950,921,844,881
"Atxn7l1os2",3,7,0,3,3,1,4,3
"Atxn7l2",132,251,213,224,241,223,223,220
"Atxn7l3",2186,3920,3800,3796,3933,3836,3954,3969
"Atxn7l3b",2331,4297,4695,4946,4664,4500,4609,4738
"AU015791",1,4,8,3,2,4,4,1
"AU015836",1,1,0,3,1,1,0,4
"AU018091",220,386,278,347,427,468,319,331
"AU019823",411,897,744,833,935,913,814,925
"AU021092",15,20,18,21,29,12,30,29
"AU022252",401,785,805,740,767,751,818,760
"AU023762",2,0,1,3,3,0,0,0
"AU040320",1186,2733,2359,2213,2763,2847,2899,2562
"AU041133",20,57,41,37,49,57,53,59
"Auh",327,707,769,660,682,869,1028,951
"Aunip",211,221,239,319,238,101,73,161
"Aup1",1559,3299,3055,2774,3222,3696,3754,3254
"Aurka",1112,1351,1502,1801,1424,762,577,1038
"Aurkaip1",1386,2377,2879,2540,2253,2161,2114,2392
"Aurkb",1148,1363,1406,1824,1386,710,521,1022
"Aurkc",0,1,1,0,0,1,0,1
"Auts2",573,1197,986,1117,1266,1412,1519,1359
"AV039307",3,5,11,10,5,3,6,7
"AV051173",4,4,4,4,5,7,9,10
"AV320801",0,0,0,1,0,2,1,0
"Aven",262,464,471,453,474,456,505,502
"Avil",7,24,9,16,32,57,87,81
"Avl9",335,1020,559,734,990,1090,1079,933
"Avpi1",682,1194,1540,1266,1222,1166,1119,1183
"Avpr1a",26,132,139,136,113,229,448,413
"AW011738",12,30,32,29,33,31,32,26
"AW046200",6,17,19,13,35,27,35,27
"AW112010",0,5,3,1,3,0,0,1
"AW146154",34,80,55,66,74,98,83,86
"AW209491",416,749,950,773,813,847,968,950
"AW549542",2,6,2,6,5,4,15,13
"AW549877",1114,3547,2396,3097,3709,4541,4375,3919
"AW551984",0,0,3,0,3,2,0,2
"AW554918",244,490,381,475,485,464,407,459
"Awat2",23,37,32,35,34,27,19,27
"Axin1",1607,3146,3005,2965,2939,2829,3161,3134
"Axin2",128,277,300,258,274,287,218,250
"Axl",9971,19675,19072,19097,19507,18549,19733,18911
"AY074887",0,1,2,1,1,0,0,2
"AY512931",0,0,1,0,0,1,1,0
"Azgp1",0,0,0,1,1,1,1,1
"Azi2",833,1956,1455,1689,1854,2079,1936,1858
"Azin1",5139,10274,8902,10477,10872,10266,9421,10592
"Azin2",1048,2232,2158,2147,2144,2338,2794,2405
"B130024G19Rik",4,7,10,14,7,7,5,12
"B130034C11Rik",2,11,9,7,3,7,9,11
"B230118H07Rik",431,822,873,811,848,813,696,718
"B230119M05Rik",2,7,4,6,8,1,0,3
"B230206H07Rik",0,1,1,0,0,1,2,0
"B230208H11Rik",24,17,42,31,26,23,19,31
"B230209E15Rik",0,1,0,1,0,0,0,2
"B230216N24Rik",4,15,7,10,4,13,3,6
"B230217C12Rik",36,59,52,66,56,52,44,45
"B230217O12Rik",23,49,53,52,52,62,73,61
"B230219D22Rik",2282,5937,4379,5463,5647,5966,5302,5452
"B230307C23Rik",32,67,63,67,67,56,62,67
"B230312C02Rik",4,7,11,5,12,10,3,5
"B230319C09Rik",7,6,7,13,5,1,3,5
"B230354K17Rik",353,977,798,1001,882,1058,1016,1015
"B2m",7669,18091,15262,15844,20277,23628,22913,19510
"B330016D10Rik",15,38,49,39,39,46,52,43
"B3galnt1",865,1451,1599,1756,1445,1339,1255,1446
"B3galnt2",773,1387,1449,1531,1509,1641,1737,1624
"B3galt1",19,29,10,26,19,26,18,20
"B3galt2",12,19,29,24,20,23,16,14
"B3galt4",29,70,49,49,80,88,89,89
"B3galt5",33,47,138,94,51,45,42,63
"B3galt6",227,403,408,433,351,399,515,484
"B3gat2",13,27,19,29,23,35,25,24
"B3gat3",385,759,807,697,733,771,781,696
"B3glct",641,1248,1125,1354,1359,1252,1291,1331
"B3gnt2",1232,2235,2382,2297,2468,2418,2408,2478
"B3gnt3",0,1,1,0,0,1,0,0
"B3gnt4",4,1,2,4,2,3,4,3
"B3gnt5",45,95,92,88,79,80,67,87
"B3gnt6",3,2,2,4,4,5,3,1
"B3gnt7",1,1,0,1,0,1,0,1
"B3gnt8",104,139,164,184,140,107,98,125
"B3gnt9",551,1101,1073,1015,1059,1224,1131,930
"B3gntl1",132,236,241,239,271,249,236,220
"B430010I23Rik",0,2,1,1,0,0,1,0
"B430212C06Rik",21,15,18,34,14,21,14,24
"B430319G15Rik",34,41,63,70,48,49,57,61
"B4galnt1",1159,2209,2224,2116,2095,2270,2393,2259
"B4galnt2",8,12,16,11,13,4,12,17
"B4galnt3",16,29,31,26,29,35,18,27
"B4galnt4",20,52,61,46,50,31,44,50
"B4galt1",4971,9615,10566,9860,9940,9941,10742,10917
"B4galt2",1220,2108,2233,2260,2011,1923,1918,1966
"B4galt3",530,1093,1327,1172,1127,1050,1160,1132
"B4galt4",289,483,576,554,540,530,503,503
"B4galt5",2898,7544,5076,5027,7836,9011,9409,6824
"B4galt6",864,2103,1779,2020,2044,2091,1723,1834
"B4galt7",522,1099,1209,993,1049,1159,1383,1335
"B4gat1",1446,2939,3340,2881,2904,3155,2871,2861
"B630005N14Rik",310,1006,632,794,827,1067,888,840
"B630019K06Rik",80,134,128,155,154,136,139,147
"B830017H08Rik",0,0,1,0,0,1,0,1
"B930018H19Rik",1,1,0,1,1,1,0,1
"B930041F14Rik",181,385,549,463,391,422,564,530
"B930059L03Rik",0,4,18,5,3,4,15,15
"B9d1",214,435,353,392,403,353,392,398
"B9d2",192,319,327,308,328,306,305,300
"Baalc",272,430,424,420,438,411,294,327
"Baat",0,3,0,1,0,1,0,1
"Babam1",1480,2544,2860,2724,2557,2438,2545,2515
"Bace1",2985,4850,5536,5816,5039,4316,4187,4791
"Bace2",92,189,189,196,178,179,165,138
"Bach1",1166,2613,1775,2445,2775,2954,2480,2471
"Bach2",55,108,53,105,118,120,101,93
"Bach2os",0,3,2,0,0,2,2,1
"Bad",669,1248,1349,1211,1191,1230,1377,1351
"Bag1",3983,7835,8918,7561,8038,8095,7679,7407
"Bag2",1364,2071,2813,2532,2095,1846,1686,2117
"Bag3",2664,5105,5647,5228,4983,5132,4603,4608
"Bag4",535,951,993,1024,982,953,978,1055
"Bag5",1395,2341,2446,2547,2614,2543,2494,2538
"Bag6",6023,11331,11409,10997,10727,10972,11183,10496
"Bahcc1",753,1292,1200,1429,1439,1007,1031,1230
"Bahd1",806,1619,1718,1657,1575,1506,1571,1566
"Baiap2",1220,1976,2069,2253,1921,1683,1877,1893
"Baiap2l1",2150,3734,4226,3652,4148,4369,3377,3510
"Baiap2l2",3,5,14,5,8,9,6,9
"Bak1",1734,3125,3421,3138,3115,2617,2665,2788
"Bambi",22,51,34,42,33,28,34,24
"Bambi-ps1",2,5,5,4,2,3,3,6
"Banf1",2406,4204,4926,4460,4089,3691,3752,4115
"Bank1",0,2,1,1,1,6,3,1
"Banp",529,1093,1235,1129,1063,1138,1196,1122
"Bap1",1834,3446,3633,3408,3371,3206,3417,3396
"Bard1",282,420,313,491,429,254,182,333
"Barhl1",1,3,2,1,2,2,1,4
"Barx2",0,3,2,0,0,3,2,0
"Basp1",2733,5083,4594,5145,5855,5205,4421,4401
"Batf",5,12,8,6,15,7,7,19
"Batf2",0,2,7,2,5,3,2,4
"Batf3",3,2,3,4,0,0,0,2
"Bax",1482,2970,3202,2825,3030,3035,3609,3353
"Baz1a",663,1628,1235,1433,1592,1404,1327,1457
"Baz1b",3504,6584,6170,7430,7329,6304,6379,6997
"Baz2a",1668,3391,3905,3637,3717,3489,3760,3602
"Baz2b",461,1353,906,1096,1200,1237,1182,1142
"BB014433",1,2,2,2,2,5,5,4
"BB123696",1,1,1,2,2,0,3,0
"BB557941",4,9,1,4,2,8,9,8
"Bbc3",143,285,299,261,295,351,382,345
"Bbip1",387,844,644,792,892,935,720,819
"Bbox1",0,7,3,0,0,0,0,1
"Bbs1",408,777,685,717,732,774,728,725
"Bbs10",78,178,219,207,188,198,185,190
"Bbs12",99,220,187,232,209,270,281,250
"Bbs2",715,1440,1314,1450,1358,1528,1534,1443
"Bbs4",210,386,458,441,476,436,437,487
"Bbs5",256,495,517,544,582,631,573,612
"Bbs7",207,406,416,482,492,516,461,480
"Bbs9",346,671,623,634,641,625,663,652
"Bbx",835,2682,1483,2090,2057,2256,1994,1792
"BC002163",6,11,8,12,11,6,12,8
"BC003331",411,1463,817,942,1112,1434,1274,1205
"BC003965",451,873,1076,893,864,908,913,930
"BC004004",2638,5272,5375,4973,5057,5228,4911,4781
"BC005537",5018,8888,9884,10250,9613,9141,8737,9557
"BC005561",38,120,98,88,101,108,105,89
"BC005624",855,1702,1772,1645,1791,1794,1779,1823
"BC017158",351,594,555,581,586,661,678,617
"BC017643",1150,2040,2265,2118,1930,2042,2445,2349
"BC020402",27,84,97,83,71,75,96,96
"BC021614",2,1,0,1,1,3,2,1
"BC021767",0,3,5,3,6,3,2,2
"BC021785",2,2,4,3,1,6,3,7
"BC022687",370,1264,1355,881,1162,1566,3468,2976
"BC023829",1228,2576,2755,2478,2472,2603,3073,2893
"BC024139",0,4,3,3,4,7,8,6
"BC024978",83,178,185,162,183,153,174,186
"BC025920",17,34,36,39,34,25,34,43
"BC026585",0,0,0,1,0,1,1,0
"BC027231",479,996,939,951,996,1019,1016,1041
"BC028528",37,49,45,41,72,57,66,58
"BC029214",378,719,901,737,716,740,650,730
"BC029722",649,1324,1319,1191,1303,1378,1374,1244
"BC030336",474,1187,848,1077,1120,1296,1131,1080
"BC030499",2,2,6,7,4,7,4,2
"BC030500",0,0,0,0,1,1,2,1
"BC030867",220,244,216,297,242,142,124,179
"BC031181",1422,2884,2970,2829,2653,2830,2933,2957
"BC031361",19,41,46,49,49,49,62,47
"BC035044",0,0,1,0,2,0,6,5
"BC037032",3,12,7,14,11,18,18,19
"BC037034",221,439,460,467,498,432,457,492
"BC037704",8,23,39,25,18,23,33,31
"BC039771",38,51,87,71,76,37,53,68
"BC039966",27,49,53,43,39,43,38,41
"BC046251",0,0,1,1,0,1,0,1
"BC048403",176,377,297,316,406,447,506,452
"BC048502",0,1,1,0,0,2,0,4
"BC048609",0,1,2,0,1,1,1,3
"BC049715",0,1,0,1,0,0,0,2
"BC049762",0,0,0,0,1,1,2,2
"BC051019",231,298,510,383,341,249,190,286
"BC051226",11,17,30,24,27,25,40,42
"BC052040",208,413,348,399,429,457,398,388
"BC055324",254,417,368,414,410,289,247,330
"BC055402",0,0,0,0,2,1,0,1
"BC061237",1,1,1,2,0,2,2,0
"BC064078",6,7,12,17,19,11,7,14
"BC065397",11,23,7,20,29,27,16,27
"BC068281",213,388,407,366,413,428,447,410
"BC094916",1,1,0,0,1,1,0,0
"Bc1",0,0,0,0,3,1,0,2
"BC100451",17,25,37,34,33,23,25,32
"Bcam",827,1435,1911,1482,1568,1513,1166,1332
"Bcan",1,12,4,2,4,4,2,6
"Bcap29",344,892,690,842,846,954,757,887
"Bcap31",4182,9276,8372,7768,8975,10141,10157,9386
"Bcar1",2658,4369,4562,4761,4356,3977,3595,3700
"Bcar3",1265,2369,2290,2525,2499,2483,2204,2194
"Bcas1",1,2,1,5,5,0,1,1
"Bcas2",1271,2475,2687,2562,2539,2444,2497,2616
"Bcas3",669,1448,1366,1202,1345,1521,1568,1334
"Bcat1",1072,2102,2205,2075,2185,2133,2811,2984
"Bcat2",979,2057,2128,1798,1956,2170,2055,1903
"Bccip",689,1089,1459,1384,1307,1204,1352,1438
"Bcdin3d",122,224,222,249,233,209,216,217
"Bche",0,2,4,0,1,3,3,2
"Bckdha",845,1717,1897,1636,1635,1779,1994,1785
"Bckdhb",42,74,87,86,66,45,54,55
"Bckdk",1350,2360,2528,2490,2305,2128,2184,2218
"Bcl10",1769,2967,3087,3181,3242,2937,2894,3006
"Bcl11b",1,1,3,1,1,0,0,1
"Bcl2",181,473,231,323,511,495,353,349
"Bcl2l1",1123,2248,2473,2069,2281,2389,2926,2771
"Bcl2l11",652,1168,1276,1374,1259,1348,1495,1462
"Bcl2l12",177,231,252,252,232,172,194,210
"Bcl2l13",1601,3019,3509,3065,3130,2844,2972,3091
"Bcl2l14",3,2,3,8,3,2,4,4
"Bcl2l15",3,4,15,10,6,9,11,7
"Bcl2l2",1130,2321,2578,2303,2311,2388,2693,2693
"Bcl3",385,832,849,756,771,919,1193,1066
"Bcl6",1332,2680,2705,2751,2768,2975,2631,2698
"Bcl6b",101,123,179,200,107,90,123,139
"Bcl7a",582,1103,1127,1253,1147,1022,947,1100
"Bcl7b",602,1142,1177,1114,1127,1179,1291,1180
"Bcl7c",595,838,955,931,803,708,735,770
"Bcl9",574,1130,1106,1126,1215,1192,1104,1175
"Bcl9l",1575,3316,2986,3034,3351,3403,3632,3067
"Bclaf1",1432,4081,2747,3280,3534,3513,3289,3560
"Bco1",0,1,0,1,2,0,0,1
"Bco2",5,20,6,7,7,10,4,5
"Bcor",1413,2588,2476,2657,2847,2792,2603,2537
"Bcorl1",453,877,1050,975,915,977,1051,959
"Bcr",1677,3424,2583,2949,3319,3259,3274,2910
"Bcs1l",421,756,788,755,722,732,704,710
"Bdh1",13,18,19,18,14,11,10,11
"Bdh2",188,497,439,399,432,513,530,457
"Bdkrb1",186,396,365,318,396,404,468,404
"Bdkrb2",39,136,157,105,115,159,273,208
"Bdnf",354,909,559,744,762,748,689,827
"Bdp1",317,1069,593,759,885,916,838,874
"Bean1",144,283,331,308,235,231,265,306
"Becn1",1951,3568,3890,3468,3722,3794,4044,4037
"Begain",11,23,10,27,18,9,13,11
"Bend3",392,740,665,694,822,722,780,756
"Bend4",2,1,1,2,1,0,0,1
"Bend5",16,25,53,51,32,35,35,22
"Bend6",387,724,621,844,759,838,749,691
"Best1",220,370,363,338,400,347,225,304
"Best2",0,0,0,0,0,3,4,1
"Best3",38,46,88,65,56,48,46,42
"Bet1",877,1837,1626,1848,1985,2196,1999,2105
"Bet1l",668,1297,1513,1319,1238,1176,1254,1352
"Bex1",3,3,7,4,1,2,2,6
"Bex2",1,3,2,0,1,3,0,0
"Bfar",746,1401,1416,1544,1518,1587,1415,1577
"Bfsp1",1,2,2,1,5,6,9,6
"Bfsp2",11,17,18,13,7,4,6,9
"Bglap",1,3,5,3,2,0,1,5
"Bglap2",3,21,21,13,23,37,29,18
"Bglap3",9,17,16,24,13,31,37,20
"Bgn",108935,172792,208654,204103,168812,152275,130520,155448
"Bhlha15",1,1,3,2,1,6,6,8
"Bhlha9",0,1,1,0,0,0,1,0
"Bhlhb9",852,1613,1656,1985,1734,1738,1532,1690
"Bhlhe22",0,1,1,0,0,0,0,1
"Bhlhe40",4014,7608,5579,6269,7709,8629,8020,8122
"Bhlhe41",2189,3992,3655,3768,4145,4377,3454,3399
"Bhmt",0,2,1,2,1,2,1,0
"Bicc1",618,1126,948,1231,1167,1076,1050,1056
"Bicd1",35,118,66,64,97,98,90,75
"Bicd2",7136,12791,14496,14172,14172,13097,10494,11884
"Bid",896,1932,2040,1780,2031,2150,2275,2032
"Bik",33,73,96,75,63,34,33,53
"Bin1",13740,28180,35146,27487,27650,30550,27249,25818
"Bin3",1001,1949,1963,1844,1962,2011,2072,2001
"Birc2",816,1501,1525,1708,1581,1516,1377,1581
"Birc3",60,119,119,126,148,140,156,165
"Birc5",1478,1946,1925,2434,1945,985,736,1279
"Birc6",1941,5326,3176,4566,5273,5109,4347,4407
"Bivm",639,1234,1214,1368,1353,1389,1327,1395
"Blcap",646,1345,1434,1355,1339,1419,1767,1681
"Blk",6,4,19,9,4,5,6,6
"Blm",180,356,200,337,315,192,168,236
"Blmh",1712,3148,3495,3246,3061,2677,2822,3005
"Blnk",246,528,340,417,596,617,598,444
"Bloc1s1",860,1547,1675,1515,1535,1461,1343,1378
"Bloc1s2",627,1102,1242,1114,1151,1039,1074,1112
"Bloc1s3",246,541,545,484,501,583,654,633
"Bloc1s4",260,490,499,511,502,576,600,558
"Bloc1s5",519,1070,1074,1001,1024,1075,1052,1041
"Bloc1s6",1087,2071,1968,2054,2117,2260,2342,2308
"Blvra",507,850,905,925,800,726,717,739
"Blvrb",344,707,772,673,654,746,986,924
"Blzf1",648,1356,1263,1407,1461,1515,1323,1359
"Bmf",476,1443,1378,1218,1270,1624,1631,1345
"Bmi1",1356,3512,2311,3092,3042,3417,2918,3063
"Bmp1",6889,12451,12643,12676,12183,11147,10259,11499
"Bmp15",1,1,0,1,0,0,0,2
"Bmp2",10,19,7,14,17,19,11,13
"Bmp2k",449,950,724,879,914,1037,920,890
"Bmp3",1,1,0,1,1,0,1,1
"Bmp4",1399,2284,1944,2754,2355,2300,1526,1754
"Bmp5",1,1,1,1,1,0,0,0
"Bmp6",19,22,18,26,23,21,18,9
"Bmp7",0,1,1,1,3,2,1,2
"Bmp8a",16,28,27,27,32,24,8,29
"Bmp8b",0,1,1,1,1,3,3,1
"Bmper",3353,6423,7587,7587,6630,7448,8155,7211
"Bmpr1a",2730,6686,4942,6327,6207,6554,5723,5977
"Bmpr1b",149,323,163,280,323,266,244,305
"Bmpr2",1018,3321,1756,2243,2905,3339,2795,2837
"Bms1",1417,2898,2982,3203,3096,2868,2633,2888
"Bmyc",20,34,41,41,43,48,47,41
"Bnc1",27,33,7,29,45,12,9,27
"Bnc2",539,1277,924,1131,1306,1138,1192,1184
"Bnip1",439,812,844,836,747,765,757,806
"Bnip2",3909,7648,9124,8380,8128,7887,8519,8842
"Bnip3",4405,11328,3878,6034,11230,17656,15894,12116
"Bnip3l",3426,7040,4521,5972,7529,9241,7805,6973
"Bnipl",0,0,2,0,2,9,7,2
"Boc",599,1365,1071,1116,1262,1475,1667,1547
"Bod1",1542,2526,3151,2749,2465,2428,2393,2556
"Bod1l",350,1035,683,802,960,1110,1084,1142
"Bok",1448,1875,3285,2986,1892,1276,1288,1813
"Bola1",202,362,385,394,379,408,422,408
"Bola2",225,389,457,421,424,361,432,504
"Bola3",282,592,747,627,622,582,646,651
"Bop1",2796,4653,5858,5186,4654,4197,4416,4781
"Bora",247,414,348,481,396,264,220,321
"Borg",2,5,3,2,3,9,6,8
"Bpgm",681,1214,1495,1292,1212,1242,1150,1164
"Bphl",420,909,778,810,844,1011,906,802
"Bpi",2,1,1,2,0,0,0,0
"Bpifb1",2,0,7,3,1,7,3,1
"Bpifc",0,0,1,0,0,0,1,4
"Bpnt1",781,1423,1745,1572,1546,1413,1464,1572
"Bptf",1303,3515,2108,2765,3353,3236,2979,2927
"Braf",345,972,546,814,840,915,832,898
"Brap",2021,3827,3882,3798,3716,3604,3783,3678
"Brat1",611,1169,1322,1158,1238,1077,1158,1149
"Brca1",367,820,448,715,623,397,286,503
"Brca2",104,209,145,198,222,203,184,274
"Brcc3",382,729,662,726,719,737,730,725
"Brd1",1872,3542,3446,3682,4101,4026,4146,4095
"Brd2",5198,10299,9097,9551,10571,10586,11197,10804
"Brd3",1512,2957,2883,3249,3243,2973,2741,2982
"Brd4",2405,4496,4178,4404,4668,4290,4278,4261
"Brd7",2274,3876,4548,4765,4352,4112,3877,4275
"Brd8",1349,2657,2351,2599,2841,2608,2479,2470
"Brd9",834,1464,1681,1695,1615,1533,1544,1592
"Brdt",18,45,42,40,53,54,48,55
"Bre",1033,2152,2211,2024,2075,2297,2299,2150
"Brf1",1002,1937,1988,1930,1928,1838,1845,1832
"Brf2",322,587,700,586,601,615,632,672
"Bri3",679,1282,1289,1192,1293,1561,1706,1507
"Bri3bp",803,1696,1815,1679,1626,1815,2235,1994
"Brinp1",6,15,6,10,11,12,9,6
"Brinp3",3802,5638,8363,8468,6163,3748,4939,7139
"Brip1",244,420,268,407,349,159,124,250
"Brip1os",1943,2943,2719,3439,2822,2274,2019,2507
"Brix1",1663,3041,3232,3492,3295,3024,2683,3360
"Brk1",2248,4357,4891,4498,4310,4141,4422,4773
"Brms1",487,947,1025,898,935,941,987,967
"Brms1l",867,1675,1804,1785,1756,1558,1544,1764
"Brox",2686,4264,5067,5070,4843,4842,4867,4960
"Brpf1",855,1612,1737,1719,1638,1587,1740,1682
"Brpf3",397,865,693,706,811,886,921,917
"Brsk1",261,458,424,401,514,526,549,458
"Brsk2",0,4,0,0,1,0,1,1
"Brwd1",1144,2659,1952,2352,2469,2625,2230,2130
"Brwd3",91,336,181,229,268,216,202,251
"Bscl2",47,78,84,69,99,87,83,77
"Bsdc1",1054,2377,2187,2067,2311,2592,2776,2517
"Bsg",17749,38906,36274,34320,36269,41387,50048,49285
"Bsn",53,152,145,122,157,163,244,235
"Bspry",37,43,40,55,49,37,37,47
"Bst1",0,0,0,1,0,1,1,3
"Bst2",334,891,666,598,992,837,820,688
"Btaf1",525,1666,974,1336,1562,1574,1491,1472
"Btbd1",2071,3876,3864,4079,4165,4416,3857,3944
"Btbd10",629,1047,1070,1154,1195,1128,1069,1195
"Btbd11",347,922,650,622,964,1032,1274,1084
"Btbd17",128,185,207,217,170,158,117,189
"Btbd18",3,5,2,5,1,5,5,3
"Btbd19",373,654,550,621,663,657,659,732
"Btbd2",1305,2598,2397,2422,2404,2517,2376,2263
"Btbd3",352,793,512,655,796,791,771,720
"Btbd6",455,802,930,898,743,691,701,693
"Btbd7",660,1470,1139,1325,1567,1474,1423,1295
"Btbd8",9,16,5,16,14,8,8,12
"Btbd9",811,1573,1408,1474,1529,1517,1525,1385
"Btc",26,67,30,51,70,46,33,50
"Btd",980,1889,1712,1750,1802,2088,2158,1850
"Btf3",7027,12021,14425,12577,11494,11466,12117,12890
"Btf3l4",1164,1896,2058,1992,2054,2086,1972,2210
"Btg1",4832,8995,9601,9120,9115,9795,11388,11142
"Btg2",1218,2120,1922,2315,2425,2366,2093,2054
"Btg3",33,22,29,31,16,28,24,35
"Btg4",1,0,0,1,0,1,0,1
"Btk",0,0,0,1,0,1,1,0
"Btla",52,122,107,113,87,96,75,96
"Btn1a1",2,4,6,4,3,6,3,5
"Btn2a2",10,13,22,25,17,22,17,12
"Btrc",804,1585,1614,1610,1537,1479,1507,1428
"Bub1",542,1186,637,1136,1076,681,466,692
"Bub1b",1849,2358,2689,3080,2511,1246,924,1568
"Bub3",2521,4249,4706,4489,4189,3441,3650,4061
"Bud13",349,629,721,648,645,564,637,636
"Bud31",1444,2440,2921,2555,2485,2391,2309,2526
"Bves",2353,4719,4890,4618,4730,4850,3964,3772
"Bvht",57,134,229,183,132,126,107,127
"Bysl",1125,1871,2373,2093,1987,1683,1782,1952
"Bzrap1",24,48,27,44,37,36,33,26
"Bzw1",6106,10950,11425,12803,12216,10937,10059,11409
"Bzw2",1435,2458,3158,2919,2619,2261,2779,2881
"C030006K11Rik",358,626,758,687,646,716,789,720
"C030013C21Rik",0,1,0,0,1,2,0,1
"C030016D13Rik",0,0,12,3,1,1,10,4
"C030034I22Rik",17,30,44,55,33,31,46,51
"C030037D09Rik",28,69,61,47,66,66,71,61
"C030039L03Rik",81,198,148,163,179,210,175,175
"C130021I20Rik",0,2,1,0,2,1,0,0
"C130026I21Rik",4,1,5,3,2,2,3,2
"C130036L24Rik",1,9,11,9,7,14,12,9
"C130046K22Rik",2,1,0,2,1,1,2,2
"C130050O18Rik",2,4,4,4,12,11,7,6
"C130060C02Rik",2,5,5,5,4,6,6,4
"C130074G19Rik",0,0,1,0,2,2,3,2
"C130080G10Rik",70,133,148,138,129,81,52,110
"C130083M11Rik",23,68,49,62,57,54,35,70
"C1d",1151,1968,2139,2311,2113,2169,1998,2193
"C1galt1",199,668,350,418,548,617,763,644
"C1galt1c1",635,1401,1248,1311,1554,1866,1546,1580
"C1qbp",2591,4373,5611,4906,4406,4283,5051,5214
"C1ql1",30,28,41,48,41,32,21,23
"C1ql3",1,2,1,1,5,3,2,0
"C1ql4",2,4,4,6,4,4,5,4
"C1qtnf1",1341,3074,1993,2303,2853,3428,3185,2456
"C1qtnf2",2,6,4,3,5,3,2,2
"C1qtnf3",24127,30726,44542,43527,31864,16162,9181,26511
"C1qtnf4",5,6,3,9,5,6,1,6
"C1qtnf6",2434,4110,4328,4345,4106,3500,3137,3446
"C1qtnf7",0,1,2,0,2,0,0,0
"C1qtnf9",0,1,1,0,0,2,2,1
"C1ra",2797,7127,6081,5985,7030,8716,11854,10124
"C1rb",209,658,550,504,606,839,1102,901
"C1rl",522,1229,1061,1025,1098,1365,1241,1054
"C1s1",7998,20983,19855,18183,21525,26805,35868,31540
"C1s2",494,1451,1720,1339,1858,2078,3058,2596
"C2",1,1,3,2,3,4,3,3
"C230024C17Rik",1,0,0,2,0,2,0,0
"C230035I16Rik",10,15,24,27,23,21,22,28
"C230037L18Rik",1,4,1,5,4,6,4,3
"C230091D08Rik",142,450,254,293,319,432,348,426
"C2cd2",379,630,702,705,619,475,554,663
"C2cd2l",350,764,809,674,683,875,950,885
"C2cd3",639,1121,955,1106,1128,1051,1082,1044
"C2cd4a",3,3,3,4,3,3,2,3
"C2cd4c",11,13,11,16,18,10,17,16
"C2cd5",459,925,907,1003,989,992,937,868
"C3",12705,32755,23966,24714,30899,36430,41061,32702
"C330006A16Rik",1124,2105,2255,2183,1964,1928,1917,2025
"C330007P06Rik",733,1541,1350,1589,1662,1829,1552,1548
"C330013E15Rik",15,45,54,31,42,43,42,36
"C330013J21Rik",3,15,12,5,10,17,7,16
"C330018D20Rik",286,651,608,597,646,700,626,648
"C330021F23Rik",120,201,223,217,184,182,238,228
"C330024C12Rik",1,2,1,3,4,0,0,2
"C330027C09Rik",607,1214,726,1141,863,574,404,732
"C3ar1",15,19,15,22,15,30,20,7
"C430002N11Rik",8,13,9,15,12,21,21,11
"C430049B03Rik",120,209,236,249,217,258,199,195
"C4a",40,58,55,78,80,83,77,65
"C4b",2,12,7,5,3,8,17,12
"C530005A16Rik",2,8,18,19,9,21,10,24
"C530008M17Rik",192,395,213,337,442,342,297,327
"C630043F03Rik",18,19,39,40,29,25,24,38
"C77080",2101,4422,4325,4139,4184,4435,5146,4533
"C87436",386,763,864,754,738,820,964,836
"C8a",1,0,1,3,2,0,0,0
"C8g",35,87,55,61,61,66,59,69
"C9",0,3,2,0,3,4,0,1
"C920006O11Rik",4,11,5,8,8,8,6,10
"C920009B18Rik",98,185,206,201,224,203,212,197
"C920021L13Rik",7,15,13,11,9,9,21,17
"C920025E04Rik",131,273,268,273,290,267,378,329
"Caap1",202,472,359,446,493,553,457,508
"Cab39",1841,4144,3202,4089,4323,4282,3683,4093
"Cab39l",1010,1831,1672,1902,1827,1868,1691,1721
"Cabin1",1892,4014,3814,3705,4058,4031,4435,3901
"Cables1",98,205,133,156,167,272,220,170
"Cables2",450,787,839,848,837,825,824,850
"Cabp1",0,2,3,0,3,1,3,3
"Cabp2",1,0,0,0,1,2,3,0
"Cabp4",1,0,2,6,6,5,3,5
"Cabyr",16,20,20,24,30,40,27,22
"Cacfd1",787,1392,1369,1422,1571,1707,1501,1427
"Cachd1",388,711,593,682,725,577,711,708
"Cacna1a",62,85,84,102,90,85,62,88
"Cacna1b",52,86,84,97,84,76,76,79
"Cacna1d",0,1,0,0,2,1,2,4
"Cacna1g",272,359,442,525,301,123,86,309
"Cacna1h",0,3,3,1,4,0,0,3
"Cacna1i",2,3,1,1,2,0,0,2
"Cacna1s",1409,2164,3318,2481,2306,1861,1435,2234
"Cacna2d1",1156,3477,2481,2754,2812,3053,2716,2865
"Cacna2d2",13,29,25,20,20,2,3,24
"Cacna2d3",0,1,0,1,2,0,0,1
"Cacna2d4",0,1,1,0,0,0,1,1
"Cacnb1",1688,3187,3720,2973,3483,3428,2648,3003
"Cacnb2",26,70,84,75,69,95,90,99
"Cacnb3",2205,4712,4106,3901,4382,4928,4959,4498
"Cacnb4",6,14,18,18,12,13,13,18
"Cacng1",3110,6462,6874,5773,6373,7301,5814,5445
"Cacng4",2,6,1,4,9,4,2,3
"Cacng6",35,41,67,46,57,38,26,57
"Cacng7",5,4,12,9,8,13,10,13
"Cacng8",1,4,0,3,2,1,2,1
"Cactin",945,1766,1708,1681,1728,1713,1733,1750
"Cacul1",1294,2627,2177,2553,2873,2963,2739,2661
"Cacybp",1913,3892,4077,4401,3950,3850,3480,4201
"Cad",2240,3638,4079,4169,3709,2996,3815,4013
"Cadm1",244,760,594,643,591,724,888,781
"Cadm2",0,4,0,0,5,2,2,3
"Cadm3",15,14,14,23,21,16,19,16
"Cadm4",409,985,1023,833,1061,987,1043,806
"Cage1",43,91,75,90,82,108,95,90
"Cahm",7,13,20,18,10,7,9,13
"Calca",0,2,2,1,1,1,0,1
"Calcb",2,2,2,3,1,1,0,2
"Calcoco1",3859,8470,9482,7967,7856,8671,9088,8212
"Calcoco2",0,0,1,0,1,0,1,0
"Calcrl",157,610,198,291,555,758,709,581
"Cald1",11537,28015,21199,26782,25843,24099,22294,23537
"Calhm2",1,0,3,3,5,2,2,5
"Calm1",13883,25222,23784,26187,27247,27576,25273,24880
"Calm2",10105,17280,19986,19922,17844,16140,17073,19163
"Calm3",7134,13502,13082,13341,12912,11417,11162,11030
"Calml3",5,0,2,6,3,1,1,2
"Calml4",87,186,154,149,172,201,146,129
"Calr",39500,90174,73669,73606,84840,106698,111238,97154
"Calr3",32,31,48,60,49,34,59,53
"Calr4",26,38,31,43,44,37,29,40
"Calu",25773,46186,48243,50985,48593,45445,45943,48314
"Caly",1,0,0,1,0,2,3,1
"Camk1",996,1988,2045,1966,1904,1996,2094,1998
"Camk1d",112,246,165,212,255,247,246,196
"Camk1g",549,776,896,994,697,505,400,557
"Camk2a",1121,2083,2503,1933,2241,2092,1513,2066
"Camk2b",112,137,394,227,195,77,43,178
"Camk2d",1289,2571,2543,2721,2720,2775,2612,2877
"Camk2g",2676,5234,5816,5855,5652,5784,5515,5195
"Camk2n1",64,77,69,88,90,79,83,90
"Camk2n2",80,171,196,148,156,156,190,211
"Camk4",13,19,10,24,13,7,7,15
"Camkk1",284,543,637,574,516,494,506,490
"Camkk2",889,1683,1754,1784,1712,1740,2149,1974
"Camkmt",66,105,105,110,114,91,113,108
"Camkv",2,3,2,4,1,4,1,0
"Caml",814,1537,1679,1592,1561,1509,1511,1592
"Camp",23,86,35,49,90,111,209,166
"Camsap1",1469,2672,2679,2686,2836,2940,2814,2664
"Camsap2",1140,3051,2033,2609,2738,3015,2836,2784
"Camsap3",9,8,7,7,7,11,5,13
"Camta1",104,221,264,226,226,242,237,219
"Camta2",721,1399,1473,1447,1329,1369,1466,1457
"Cand1",5472,9984,10232,10542,10091,9371,8983,9065
"Cand2",1506,2640,3130,2674,2678,2779,2508,2434
"Cant1",1802,3463,3175,3177,3380,3506,3851,3500
"Canx",10484,24034,18771,21534,26636,31813,29510,27112
"Cap1",11064,18690,22115,20977,18804,16767,18059,19064
"Cap2",2008,3427,4411,3921,3523,3310,2271,2949
"Capg",5726,10217,10463,9964,9969,9605,11149,10654
"Capn1",1991,3350,4157,3584,3268,3125,3232,3358
"Capn10",320,628,659,580,586,619,652,664
"Capn11",10,14,23,16,22,31,21,18
"Capn12",2,1,1,3,2,0,0,2
"Capn13",1,0,1,1,0,0,0,0
"Capn15",349,644,592,635,709,613,693,686
"Capn2",11359,19116,19673,20634,20169,17774,16731,17252
"Capn3",436,874,858,727,863,840,743,830
"Capn5",521,1151,1082,1031,1021,1088,1147,961
"Capn6",1443,2114,3229,3139,1948,1259,1081,1564
"Capn7",1153,2699,2006,2563,2739,2917,2409,2550
"Capn9",0,2,2,1,1,0,0,1
"Capns1",6601,12773,12915,12310,11820,11946,12083,11422
"Capns2",2,1,0,2,1,3,2,3
"Caprin1",8869,17298,15392,18412,18671,17271,16209,17448
"Caprin2",123,263,233,287,280,278,204,225
"Caps2",8,30,19,21,33,39,28,30
"Capza1",2201,2784,2677,3263,3156,2767,2583,2698
"Capza2",5742,10763,11301,11995,11731,11212,9359,11143
"Capzb",7282,14340,16201,14707,14130,14820,15749,14932
"Car1",4,1,4,5,1,3,1,3
"Car11",132,309,315,247,288,381,345,295
"Car12",332,597,404,481,718,638,1179,1334
"Car13",1422,2932,2989,3394,3020,2749,2525,2582
"Car14",5,1,12,8,5,3,8,5
"Car15",16,29,13,21,25,23,13,34
"Car2",109,188,263,273,217,156,103,141
"Car3",324,750,695,813,675,819,539,413
"Car5b",1502,2582,2834,2876,2598,2454,2301,2359
"Car6",3,47,8,4,50,128,284,288
"Car7",2,10,7,7,14,11,12,12
"Car8",2,17,11,5,23,28,33,13
"Car9",1847,5039,4071,4353,4988,6674,11497,10975
"Card10",70,130,90,120,133,109,104,101
"Card11",0,1,1,0,3,1,1,7
"Card14",23,42,50,40,43,66,55,53
"Card6",476,887,851,904,898,925,977,923
"Card9",0,4,4,2,1,2,2,6
"Carf",76,232,146,193,206,262,238,245
"Carhsp1",4808,9574,8849,8711,9064,9653,10436,9510
"Carkd",1115,2375,2595,2217,2278,2438,2616,2475
"Carm1",1869,3312,3503,3522,3155,2907,3136,3218
"Carns1",330,694,698,646,672,696,601,576
"Cars",1544,3467,3482,2904,3680,4027,4840,4407
"Cars2",241,462,397,418,437,468,391,475
"Casc1",5,10,12,7,18,16,7,7
"Casc3",1629,2876,2823,2968,2857,2754,2796,2821
"Casc4",842,2083,1837,2229,2022,1977,1641,1938
"Casc5",81,164,127,152,175,139,98,203
"Casd1",585,1454,1032,1320,1552,1739,1532,1388
"Cask",822,1750,1405,1807,1906,2043,1866,1848
"Caskin1",27,31,20,44,28,36,31,28
"Caskin2",616,1153,1251,1186,1093,1020,1059,1110
"Casp1",59,110,97,114,103,94,85,114
"Casp12",874,1948,1468,1888,1934,1866,1589,1838
"Casp14",12,17,24,17,21,4,3,10
"Casp2",627,1148,1345,1343,1169,1012,1242,1252
"Casp3",1617,3017,2851,3309,3355,3115,2708,2780
"Casp4",153,368,373,361,457,530,684,675
"Casp6",644,1259,1169,1182,1250,1341,1427,1351
"Casp7",501,826,888,950,860,699,665,749
"Casp8",831,1210,1425,1535,1462,1121,1160,1404
"Casp8ap2",123,376,304,275,350,324,314,413
"Casp9",632,1120,1088,1004,1015,994,1067,1002
"Casq1",973,1713,3048,2081,1740,1377,959,1933
"Casq2",9592,17163,25382,18124,18202,17872,13946,17364
"Cass4",2,0,3,3,1,2,4,2
"Cast",2824,6951,5283,6341,6778,7585,8425,7730
"Casz1",170,290,359,301,332,239,171,264
"Cat",2064,4010,3838,3930,4412,4834,5527,5321
"Catip",2,10,3,5,5,9,6,6
"Catsper1",0,1,0,0,1,0,0,2
"Catsper2",45,114,91,81,146,143,118,116
"Catsper3",4,14,15,15,8,21,15,14
"Catsperd",3,5,2,6,4,8,11,10
"Catsperg1",1,4,3,2,3,5,5,3
"Catsperg2",0,0,1,1,0,1,2,0
"Cav1",10311,13379,16197,20211,13537,7861,5665,11054
"Cav2",491,1265,824,1168,998,931,809,1007
"Cav3",983,1375,2348,1660,1497,937,720,1389
"Cbfa2t2",1084,1881,1778,2049,1958,1898,1808,1840
"Cbfa2t3",193,378,496,382,391,400,292,366
"Cbfb",3564,6600,6418,7135,7280,7085,5933,6724
"Cbl",301,621,494,575,650,469,592,548
"Cblb",919,1835,1952,2042,1997,2005,1841,1962
"Cblc",1,0,6,1,3,6,8,5
"Cbll1",440,854,745,887,806,910,779,819
"Cbln1",26,30,20,38,20,21,21,21
"Cbln3",7,13,11,15,11,15,22,16
"Cbr1",463,1036,1124,944,960,1067,1209,1112
"Cbr2",2343,4393,3792,4068,3944,4207,4258,4015
"Cbr3",385,745,1014,843,759,776,1033,947
"Cbr4",260,550,579,519,503,589,506,542
"Cbs",6,18,19,16,13,11,8,16
"Cbwd1",460,836,940,913,979,1013,933,1025
"Cbx1",996,1625,1613,1835,1804,1529,1563,1775
"Cbx2",485,881,1064,990,796,774,899,850
"Cbx3",1679,3054,2367,3436,3097,2664,2376,2805
"Cbx4",719,1471,1782,1574,1461,1527,1846,1786
"Cbx5",7872,15374,13646,16711,16180,13732,10642,12850
"Cbx6",4458,7084,8723,9097,7363,7039,7147,7557
"Cbx7",350,747,782,631,708,912,1046,870
"Cbx8",235,472,516,456,401,472,551,553
"Cby1",705,1278,1490,1386,1284,1251,1280,1229
"Cc2d1a",2073,3924,4049,3795,3748,3785,4400,4229
"Cc2d1b",936,2014,1948,1852,2010,2171,2325,2051
"Cc2d2a",399,862,684,819,903,984,912,833
"Ccar1",872,2219,1672,1900,1869,1835,1708,1928
"Ccar2",1491,2727,2775,2726,2628,2505,2572,2512
"Ccbe1",639,1360,1412,1488,1567,1603,1288,1315
"Ccbl1",124,266,343,274,282,303,358,332
"Ccbl2",73,152,150,142,132,145,142,136
"Ccdc101",175,330,410,357,304,271,361,400
"Ccdc102a",1678,2488,3170,3272,2440,2063,2175,2373
"Ccdc103",30,63,75,59,76,65,81,60
"Ccdc105",1,0,0,1,1,0,0,0
"Ccdc106",13,17,26,25,13,16,29,21
"Ccdc107",401,856,826,759,774,868,946,804
"Ccdc109b",522,1022,874,889,961,959,1133,998
"Ccdc110",0,1,1,0,3,1,2,1
"Ccdc112",98,266,192,257,193,184,165,202
"Ccdc114",32,74,79,71,79,54,60,73
"Ccdc115",488,937,1013,997,933,1027,1113,1068
"Ccdc116",4,10,6,6,11,10,4,13
"Ccdc117",842,1702,2104,1821,1642,1656,1848,1873
"Ccdc12",555,921,1127,957,937,808,926,1086
"Ccdc120",126,201,204,223,204,226,239,216
"Ccdc122",141,373,294,320,345,462,376,359
"Ccdc124",1303,2262,2685,2340,2177,1974,2071,2132
"Ccdc125",5,6,6,11,4,11,11,12
"Ccdc126",235,507,424,502,537,587,597,611
"Ccdc127",1633,3267,3157,3399,3496,3727,3473,3573
"Ccdc13",0,1,0,1,0,0,0,1
"Ccdc130",471,904,892,903,892,965,1066,987
"Ccdc132",616,1566,1120,1403,1461,1710,1555,1528
"Ccdc134",815,1361,1716,1495,1324,1247,1076,1218
"Ccdc136",310,732,598,575,704,787,748,673
"Ccdc137",560,923,1045,1050,908,822,971,976
"Ccdc138",48,91,72,98,103,101,82,85
"Ccdc14",196,315,293,403,371,274,218,326
"Ccdc141",1329,3765,2839,3096,3858,4286,3066,2830
"Ccdc142",88,158,197,196,163,160,184,168
"Ccdc146",1,3,2,2,3,3,3,2
"Ccdc148",0,4,1,0,6,4,2,1
"Ccdc149",11,38,21,15,36,38,31,18
"Ccdc15",20,51,26,40,36,41,36,28
"Ccdc150",9,4,9,16,18,7,7,11
"Ccdc151",7,22,12,10,15,13,9,10
"Ccdc152",24,35,31,36,40,43,31,34
"Ccdc155",2,2,2,2,0,1,0,2
"Ccdc157",711,1486,1279,1318,1503,1452,1418,1381
"Ccdc159",52,110,86,96,95,107,92,82
"Ccdc162",58,134,148,119,174,155,122,131
"Ccdc163",153,288,264,278,297,316,302,301
"Ccdc166",68,125,180,136,127,123,144,141
"Ccdc167",81,156,124,157,183,181,185,169
"Ccdc169",6,8,9,9,15,14,17,10
"Ccdc17",15,35,44,40,38,66,52,49
"Ccdc170",2,6,4,3,1,7,5,1
"Ccdc171",31,102,58,61,84,102,95,85
"Ccdc173",11,42,25,26,39,37,31,39
"Ccdc174",217,666,491,562,621,616,535,594
"Ccdc175",1,0,1,1,1,2,2,1
"Ccdc176",8,31,17,16,23,34,30,28
"Ccdc18",13,26,23,32,29,18,17,27
"Ccdc180",2,6,7,3,5,3,1,8
"Ccdc181",223,480,389,426,532,495,426,466
"Ccdc183",5,7,6,7,1,6,10,5
"Ccdc184",2,5,1,4,1,0,0,3
"Ccdc186",221,727,382,476,540,491,525,488
"Ccdc22",475,961,936,823,919,898,928,866
"Ccdc23",1036,1812,2136,2052,1872,1659,1444,1595
"Ccdc24",86,88,90,124,111,79,67,75
"Ccdc25",568,1035,923,1187,1107,998,885,1022
"Ccdc27",0,1,0,1,0,0,0,1
"Ccdc28a",118,271,241,210,272,262,284,240
"Ccdc28b",129,204,300,245,205,196,207,193
"Ccdc3",65,97,96,110,78,78,66,91
"Ccdc30",6,39,15,16,20,33,34,26
"Ccdc32",482,871,1017,932,889,909,1033,1012
"Ccdc34",207,555,374,485,436,387,329,338
"Ccdc37",11,16,13,15,26,23,25,24
"Ccdc38",9,22,16,11,15,15,15,13
"Ccdc39",13,52,27,31,53,50,50,44
"Ccdc40",5,3,3,6,1,5,1,1
"Ccdc42",0,1,0,0,0,2,1,1
"Ccdc42b",0,0,2,0,1,1,0,1
"Ccdc43",1183,2046,2481,2305,2218,2200,1990,2241
"Ccdc47",1634,4126,3224,3881,4232,4592,4043,4196
"Ccdc50",1442,4303,2804,3610,3727,4051,3939,4019
"Ccdc51",224,403,409,422,420,406,448,456
"Ccdc53",908,1742,1832,1827,1765,1825,1733,1743
"Ccdc55",141,481,254,335,384,445,398,363
"Ccdc57",86,202,163,160,211,266,256,244
"Ccdc58",451,852,801,863,973,1026,927,960
"Ccdc59",672,1264,1270,1385,1399,1365,1235,1316
"Ccdc6",1630,2891,2953,3250,3317,3296,3011,3048
"Ccdc60",6,11,16,14,8,7,12,14
"Ccdc61",175,281,314,351,284,213,223,278
"Ccdc62",37,61,70,75,64,79,65,74
"Ccdc63",1,1,0,1,0,1,0,0
"Ccdc64",45,72,97,76,72,84,91,103
"Ccdc64b",2,1,1,1,5,2,0,0
"Ccdc65",67,165,117,115,132,151,110,109
"Ccdc66",178,519,337,413,413,433,418,454
"Ccdc68",0,0,2,0,1,1,0,4
"Ccdc69",3,7,7,6,10,0,3,10
"Ccdc71",1022,2056,1985,1979,1890,1816,1907,1917
"Ccdc71l",285,620,501,602,664,734,653,683
"Ccdc73",19,55,35,41,43,66,53,53
"Ccdc74a",34,48,56,59,42,34,39,29
"Ccdc77",171,360,301,351,351,243,204,302
"Ccdc78",3,5,10,8,7,4,5,13
"Ccdc8",999,2224,1914,1849,2101,2350,2050,1559
"Ccdc80",13016,21859,24258,25043,22844,19907,18207,20380
"Ccdc81",0,0,0,1,1,1,1,2
"Ccdc82",332,1065,541,801,777,741,692,807
"Ccdc83",2,8,3,4,0,3,1,7
"Ccdc84",176,319,338,307,321,325,353,283
"Ccdc85b",567,953,1179,1113,870,952,1091,1097
"Ccdc85c",117,208,134,168,179,150,150,169
"Ccdc86",706,1314,1639,1467,1315,1304,1261,1411
"Ccdc87",3,7,5,6,10,14,9,7
"Ccdc88a",130,293,278,296,403,455,507,482
"Ccdc88b",12,25,26,25,33,27,38,31
"Ccdc88c",617,1041,1175,1126,1050,810,626,823
"Ccdc89",10,17,17,21,22,33,28,28
"Ccdc9",487,965,972,939,1046,965,1082,1025
"Ccdc90b",405,1009,794,973,1191,1175,965,1007
"Ccdc91",1013,1872,1692,1798,1925,2048,1955,1885
"Ccdc92",97,159,159,154,158,168,191,164
"Ccdc93",1234,2742,2872,2889,3003,3047,3239,3165
"Ccdc94",205,314,306,351,372,315,367,324
"Ccdc96",22,40,37,37,41,31,32,44
"Ccdc97",1041,1904,1985,1932,1969,1999,2026,1909
"Cchcr1",426,804,645,739,805,628,660,752
"Ccin",2,12,5,6,8,6,3,10
"Cck",39,368,269,146,296,517,1740,1538
"Ccl11",33,62,57,68,72,117,177,175
"Ccl17",6,9,11,16,8,9,6,8
"Ccl2",431,1274,789,882,1407,1675,2702,2210
"Ccl25",33,60,63,52,72,71,63,66
"Ccl27a",1,2,0,1,1,0,4,1
"Ccl3",0,5,1,1,12,23,134,97
"Ccl4",0,0,0,0,1,0,16,9
"Ccl5",20,83,46,45,83,78,190,180
"Ccl7",538,1880,1396,1218,1813,2454,5005,4004
"Ccl8",41,425,116,95,445,767,1217,871
"Ccl9",90,182,158,166,139,79,80,127
"Ccm2",1185,2193,2285,2178,2032,1924,1932,2149
"Ccna1",1,0,1,2,1,1,0,0
"Ccna2",3050,3470,3132,4695,3594,1794,1319,2479
"Ccnb1",2772,3124,3372,4199,3444,1827,1322,2206
"Ccnb1ip1",8,13,6,18,15,14,13,16
"Ccnb2",1644,1883,2181,2644,1984,1004,712,1288
"Ccnb3",1,1,0,1,4,1,2,0
"Ccnc",501,1266,894,1077,1149,1201,1026,1166
"Ccnd1",3591,4730,5281,6329,5455,3298,3174,3987
"Ccnd2",345,927,584,704,1116,1437,1454,1037
"Ccnd3",6029,9344,12078,10298,9093,8406,7213,8337
"Ccndbp1",1078,2205,2230,2091,2081,2306,2223,2120
"Ccne1",530,697,827,914,729,426,356,610
"Ccne2",110,203,93,164,127,74,64,110
"Ccnf",892,1123,1300,1453,1110,678,622,882
"Ccng1",3906,9720,7969,9185,8988,9486,8296,9374
"Ccng2",1739,3719,3704,3601,3878,4647,5224,4768
"Ccnh",769,1436,1545,1629,1548,1583,1449,1542
"Ccni",7220,13337,12944,13378,13425,14791,14492,13909
"Ccnj",149,267,285,303,320,295,301,315
"Ccnk",869,1683,1636,1623,1726,1692,1675,1695
"Ccnl1",802,1954,1278,1747,1941,2155,1894,1909
"Ccnl2",1338,2668,2655,2862,2845,2819,2608,2932
"Ccno",8,15,20,15,5,27,25,16
"Ccnt1",211,573,423,485,509,473,523,492
"Ccnt2",425,1076,734,978,1132,999,918,1040
"Ccny",2708,4998,4854,5143,5403,5638,5414,5452
"Ccnyl1",832,1403,1223,1358,1463,1468,1333,1295
"Ccp110",216,686,385,572,643,562,502,574
"Ccpg1",1650,3792,3229,3737,4022,4759,4390,4114
"Ccpg1os",54,140,123,101,141,138,107,122
"Ccr1",2,5,1,4,7,10,20,23
"Ccr10",13,12,13,17,10,5,10,14
"Ccr7",6,11,17,14,16,18,18,19
"Ccr9",0,10,7,3,7,4,6,3
"Ccrl2",6,15,9,9,11,16,19,15
"Ccrn4l",414,653,647,746,770,698,646,705
"Ccs",468,978,1216,1027,1006,996,1095,1105
"Ccsap",149,204,196,239,232,186,148,134
"Ccser1",31,44,41,60,62,69,59,41
"Ccser2",1227,3654,2143,2822,3258,3642,3168,2938
"Cct2",10665,19201,22695,21254,20213,18838,18896,19512
"Cct3",7743,13569,16891,14993,13364,11646,12227,13541
"Cct4",7674,14103,15861,14395,14221,13713,13196,14035
"Cct5",10464,19233,21820,20180,18484,17298,17480,18095
"Cct6a",8193,13522,16664,15879,14127,12015,12244,13997
"Cct6b",4,13,26,16,26,21,18,18
"Cct7",6786,12343,14845,13221,11679,10797,11928,12419
"Cct8",8936,16046,19157,18054,15807,14492,14431,15901
"Ccz1",1210,2293,2426,2484,2628,2536,2510,2569
"Cd101",3,4,3,4,4,5,2,3
"Cd109",1279,2753,2242,2659,3020,3125,2908,2780
"Cd14",193,510,394,374,496,621,1429,1235
"Cd151",4002,7670,8056,7529,7730,7542,8149,7540
"Cd160",3,5,5,4,4,6,5,7
"Cd163",13,34,15,29,25,15,11,21
"Cd164",11499,23260,24912,24956,26969,28928,25513,25080
"Cd164l2",1,0,2,3,2,4,1,1
"Cd1d1",117,284,243,212,274,339,360,316
"Cd2",2,1,0,2,0,1,1,1
"Cd200",3240,5929,8182,7208,6923,6236,5479,6472
"Cd200r1",7,3,5,6,5,7,12,5
"Cd200r2",16,37,28,23,20,38,29,17
"Cd200r3",2,14,3,6,16,27,22,14
"Cd200r4",1,7,0,2,5,7,16,15
"Cd244",9,5,5,11,7,1,4,8
"Cd248",927,1605,1511,1692,1455,1463,1219,1246
"Cd24a",243,357,460,442,362,294,528,630
"Cd27",10,13,8,14,13,9,7,9
"Cd274",5,19,15,13,22,19,19,22
"Cd276",2293,3576,3848,4027,3334,3202,2898,3052
"Cd28",35,77,80,59,103,121,100,97
"Cd2ap",408,1092,825,972,1054,1132,1088,1267
"Cd2bp2",1763,3388,3625,3322,3275,3212,3573,3559
"Cd300a",28,56,73,61,69,70,50,62
"Cd300lb",5,33,20,17,26,41,58,28
"Cd302",761,1390,1699,1633,1402,1354,1408,1665
"Cd320",506,1060,1088,962,888,949,1035,990
"Cd33",4,24,15,7,19,27,53,41
"Cd34",3459,5277,4771,5803,5375,4230,4543,4774
"Cd36",277,432,572,451,470,315,169,475
"Cd37",6,7,1,7,7,10,6,8
"Cd38",1,2,1,3,4,5,4,1
"Cd3eap",465,709,785,773,746,651,655,780
"Cd3g",0,0,4,0,3,0,0,1
"Cd40",13,64,21,23,61,95,146,89
"Cd44",10684,20352,14866,18958,23065,22448,18581,15925
"Cd46",2,9,10,3,13,9,10,9
"Cd47",1796,4310,3504,3805,4320,4678,5309,4693
"Cd48",2,1,3,2,5,3,8,4
"Cd5",0,0,0,0,3,1,1,0
"Cd52",1,1,0,1,0,0,0,0
"Cd53",105,226,173,212,234,240,308,313
"Cd55",217,656,432,520,709,1024,906,708
"Cd55b",0,0,2,0,0,5,2,2
"Cd59a",247,499,583,519,533,504,446,468
"Cd59b",4,24,13,32,19,19,23,20
"Cd6",1,4,2,1,1,6,2,3
"Cd63",30219,62554,68589,60908,61443,64704,66066,62585
"Cd68",21,76,41,51,54,81,115,102
"Cd69",6,4,8,7,12,4,7,9
"Cd7",32,32,79,51,38,36,18,26
"Cd70",1,0,1,1,0,1,1,1
"Cd72",7,13,5,7,10,8,8,11
"Cd74",30,34,23,32,20,31,38,60
"Cd79a",5,2,2,3,3,2,1,5
"Cd79b",0,0,0,0,0,2,3,1
"Cd80",1512,2744,2971,3078,3077,2740,2490,2603
"Cd81",8330,14083,15088,13791,13442,14044,12666,13108
"Cd82",10240,15865,18468,18086,14901,12875,10752,12077
"Cd83",1,3,7,4,4,4,4,5
"Cd86",0,0,0,0,0,1,1,1
"Cd9",8293,16349,17048,16661,16524,17954,19565,17474
"Cd93",2,27,6,5,20,37,60,42
"Cd99l2",2725,5406,5593,5260,5212,5269,5363,5245
"Cda",170,375,318,330,334,389,499,426
"Cdadc1",687,1412,1271,1327,1510,1727,1572,1473
"Cdan1",542,962,1007,1055,971,878,975,984
"Cdc123",1601,2841,3110,3176,3079,2600,2676,3164
"Cdc14a",71,183,151,184,182,177,225,199
"Cdc14b",520,1299,853,1161,1319,1513,1300,1252
"Cdc16",3485,5703,6813,6796,5965,5388,5298,5979
"Cdc20",2081,2472,2993,3489,2689,1366,1008,1686
"Cdc23",1939,3386,3525,3601,3388,2958,3006,3165
"Cdc25a",587,1023,1199,1194,1062,911,928,1068
"Cdc25b",2105,3346,3574,3736,3291,2537,2334,2579
"Cdc25c",388,531,571,674,529,327,243,335
"Cdc26",709,1116,1312,1159,1060,918,1003,1140
"Cdc27",1319,3872,2303,3133,3162,3200,2580,3048
"Cdc34",1993,3609,4285,3557,3662,3564,3346,3360
"Cdc37",4519,8559,9183,8621,7947,7825,8246,8021
"Cdc37l1",1051,2359,2532,2425,2382,2264,2294,2433
"Cdc40",1292,2532,2393,2874,2790,2767,2601,2671
"Cdc42",13917,24272,27747,28219,26405,26334,23863,25838
"Cdc42bpa",1378,4176,2295,3166,3567,3831,3290,3347
"Cdc42bpb",2864,5982,5659,5580,6191,5833,6814,5968
"Cdc42bpg",568,1310,1030,1056,1168,1175,1212,1130
"Cdc42ep1",3398,5123,4688,5485,4959,3967,3628,4345
"Cdc42ep2",628,1223,1371,1204,1196,1359,1293,1156
"Cdc42ep3",2442,4984,4448,4995,5581,6600,5729,5683
"Cdc42ep4",741,1413,1477,1366,1316,1361,1568,1391
"Cdc42ep5",368,647,651,731,614,635,623,515
"Cdc42se1",2678,4676,5834,5213,4544,4248,4718,4744
"Cdc42se2",1523,2979,3329,2896,3058,2858,2990,3072
"Cdc45",590,824,781,927,807,488,433,588
"Cdc5l",1906,3780,3312,3862,4025,3963,3509,3646
"Cdc6",525,598,470,775,600,301,252,423
"Cdc7",291,407,258,472,442,251,236,328
"Cdc73",647,1480,1223,1405,1535,1482,1281,1445
"Cdca2",789,977,881,1280,1054,508,383,718
"Cdca3",1004,1105,1391,1615,1116,577,396,867
"Cdca4",1481,2410,2637,2699,2354,1908,2048,2307
"Cdca5",469,538,609,721,510,269,220,426
"Cdca7",477,624,740,832,597,361,460,616
"Cdca7l",500,687,714,866,712,456,490,601
"Cdca8",1106,1277,1395,1761,1341,746,592,980
"Cdcp1",1,2,1,0,1,5,3,2
"Cdh1",34,66,89,58,64,74,76,79
"Cdh10",8,27,14,18,28,10,7,12
"Cdh11",2888,5753,5726,6847,5795,5478,4115,5042
"Cdh13",3496,7677,8703,7375,7845,8972,8363,6822
"Cdh15",8189,16220,14723,14048,15846,16271,13372,11962
"Cdh16",0,1,4,0,1,0,0,0
"Cdh17",27,41,25,39,34,29,29,49
"Cdh18",414,865,632,713,914,911,729,611
"Cdh2",3147,6116,5607,5934,6163,5979,4365,4820
"Cdh23",190,493,367,388,526,574,586,494
"Cdh24",225,257,299,361,288,153,139,255
"Cdh3",7,6,2,8,11,7,7,4
"Cdh5",10,7,13,13,15,13,10,10
"Cdh6",2,4,17,9,9,4,3,7
"Cdhr1",1921,1936,1952,2903,2080,186,107,1789
"Cdhr3",1,0,0,2,0,1,0,4
"Cdhr5",2,4,5,2,2,2,2,3
"Cdip1",941,1942,2460,2047,1998,1987,2078,2144
"Cdipt",1655,3220,3874,3320,3209,3165,3441,3463
"Cdk1",3102,4141,4504,5241,4312,2771,2406,3365
"Cdk10",464,844,778,795,786,793,716,847
"Cdk11b",1762,3539,3523,3839,3748,3586,3466,3766
"Cdk12",696,1641,1143,1475,1722,1487,1343,1483
"Cdk13",1101,2411,1817,2239,2708,2453,2211,2284
"Cdk14",2515,5081,4455,5526,5153,5532,5193,5053
"Cdk15",7,31,12,9,31,42,21,21
"Cdk16",4028,7156,7381,7351,7263,7120,6819,6856
"Cdk17",1444,2726,2363,2582,2915,3171,2970,2601
"Cdk18",1327,2641,3075,2602,2591,2671,2743,2554
"Cdk19",1183,2325,1883,2379,2450,2452,2461,2369
"Cdk2",1686,2767,3305,3092,2708,2321,2131,2622
"Cdk20",171,400,388,333,429,492,530,445
"Cdk2ap1",2764,3030,4034,3591,3195,2369,2417,3059
"Cdk2ap2",2253,6069,5336,4473,5674,7339,10430,8495
"Cdk3-ps",6,9,9,10,10,13,10,6
"Cdk4",6096,11383,11714,11299,11093,10932,11363,11045
"Cdk5",949,1843,1925,1866,1783,1970,1997,1848
"Cdk5r1",366,573,819,755,579,458,315,470
"Cdk5r2",5,6,5,4,3,2,1,3
"Cdk5rap1",378,625,719,702,679,690,642,623
"Cdk5rap2",974,1884,1400,1873,1950,1673,1646,1629
"Cdk5rap3",1440,2981,2847,2692,2810,2959,2834,2640
"Cdk6",121,328,219,247,317,263,254,216
"Cdk7",1540,3226,3226,3478,3288,3139,3107,3399
"Cdk8",476,1058,940,1099,1040,1036,952,1073
"Cdk9",1815,3414,3377,3283,3174,3235,3475,3397
"Cdkal1",312,640,667,627,620,584,617,649
"Cdkl1",1,1,8,3,3,6,4,7
"Cdkl2",61,155,119,155,144,125,103,124
"Cdkl3",108,251,196,237,246,374,320,248
"Cdkl4",0,3,2,0,2,4,2,0
"Cdkl5",10,23,17,18,29,14,13,12
"Cdkn1a",24054,42807,60034,45260,45309,44416,38951,44498
"Cdkn1b",1533,3412,3140,3462,3475,3880,4016,3795
"Cdkn1c",353,471,1013,918,434,305,255,318
"Cdkn2aip",426,768,779,918,858,875,826,905
"Cdkn2aipnl",749,1246,1330,1414,1240,1118,1171,1253
"Cdkn2c",1077,1543,1618,1895,1592,1104,1212,1577
"Cdkn2d",842,1177,1463,1505,1129,896,968,1139
"Cdkn3",229,293,277,379,288,164,103,184
"Cdnf",66,165,165,174,157,208,208,174
"Cdo1",2,7,12,7,10,19,18,12
"Cdon",9845,18161,18614,19321,18738,16046,14135,16264
"Cdpf1",158,286,296,267,271,282,304,295
"Cdr2",924,1515,1517,1681,1543,1397,1382,1506
"Cdr2l",1066,2109,1632,1800,2119,2265,2509,2284
"Cds1",0,1,0,1,0,1,0,0
"Cds2",2668,6041,5739,5223,6092,6546,7327,6088
"Cdsn",78,253,183,162,217,407,369,271
"Cdt1",565,777,700,895,773,624,662,733
"Cdv3",6322,8737,8869,9465,9458,9114,7429,8218
"Cdx1",7,7,8,9,5,6,5,9
"Cdyl",579,1113,1090,1163,1275,1228,1274,1178
"Cdyl2",72,139,166,157,174,180,158,180
"Ceacam16",0,0,1,0,1,2,0,0
"Ceacam19",4,36,12,9,35,36,83,65
"Cebpa",774,1566,1473,1382,1381,1672,1819,1698
"Cebpb",1263,3528,2714,2425,3473,5022,6278,5419
"Cebpd",471,2136,899,962,1991,3521,6650,5237
"Cebpg",657,1686,1488,1697,1806,2016,2203,2229
"Cebpz",756,1848,1447,1684,1806,1598,1727,1826
"Cebpzos",106,127,147,152,138,122,134,126
"Cecr2",2,6,5,4,1,4,2,1
"Cecr5",225,362,410,412,451,379,439,449
"Cecr6",0,1,0,0,1,0,1,1
"Cela1",309,557,624,578,537,587,608,582
"Cela3b",1,0,1,1,0,1,1,1
"Celf1",2798,5548,6068,6323,5976,5655,5494,5870
"Celf2",1881,5140,3054,4039,4504,4622,3402,3436
"Celf3",1,2,0,2,4,4,2,2
"Celf4",49,94,61,97,87,102,112,75
"Celf5",53,88,81,90,78,100,88,80
"Celf6",3,3,3,4,1,0,2,1
"Celrr",0,1,0,1,0,0,0,1
"Celsr1",1,12,5,5,10,13,15,18
"Celsr2",1,2,1,1,1,2,4,1
"Celsr3",8,9,16,14,6,22,25,17
"Cemip",969,1646,1748,1673,1821,1448,1363,1755
"Cend1",1,0,3,2,1,2,2,1
"Cenpa",1407,1695,1969,2211,1725,934,663,1195
"Cenpb",5447,10227,10033,10112,9935,9305,10246,9857
"Cenpc1",468,1164,913,1120,989,893,833,908
"Cenpe",161,438,289,339,429,315,216,436
"Cenpf",219,471,384,429,428,333,231,527
"Cenph",249,305,243,396,340,174,124,204
"Cenpi",629,844,662,1013,810,490,396,620
"Cenpj",188,551,368,437,461,378,317,410
"Cenpk",75,153,118,158,129,64,59,104
"Cenpl",394,554,597,672,505,339,349,506
"Cenpm",225,224,269,356,245,133,98,183
"Cenpn",332,445,388,512,465,282,197,302
"Cenpo",290,452,379,469,444,381,384,431
"Cenpp",284,339,391,465,389,286,198,286
"Cenpq",283,502,353,553,473,324,245,437
"Cenpt",515,839,858,922,858,680,593,679
"Cenpu",89,95,66,128,94,57,43,90
"Cenpv",150,264,212,245,294,233,246,236
"Cenpw",100,156,150,204,189,127,95,131
"Cep104",872,1629,1627,1598,1655,1563,1692,1539
"Cep112",28,88,48,67,79,79,51,58
"Cep120",614,1167,1151,1273,1276,1283,1187,1336
"Cep126",6,19,16,11,8,25,16,13
"Cep128",253,449,315,515,495,343,291,396
"Cep131",328,735,653,671,726,740,791,653
"Cep135",124,357,157,233,299,296,246,256
"Cep152",193,341,279,385,394,339,331,360
"Cep162",151,472,281,362,343,349,377,424
"Cep164",774,1560,1295,1412,1495,1446,1584,1473
"Cep170",1456,4725,2890,3726,4057,4235,3984,3792
"Cep170b",2153,4569,4370,4187,4648,4373,5314,4894
"Cep19",284,588,517,523,604,685,588,560
"Cep192",500,1209,749,1075,1006,905,805,950
"Cep250",967,1942,1706,1881,2126,1809,1943,1941
"Cep290",21,57,60,43,129,124,129,117
"Cep295",214,532,349,465,430,438,424,456
"Cep350",465,1510,718,1022,1240,1307,1100,1197
"Cep41",547,1054,895,1077,1016,913,774,819
"Cep44",370,583,645,612,638,585,633,572
"Cep55",639,993,865,1153,935,529,344,693
"Cep57",356,754,600,773,692,693,665,775
"Cep57l1",282,508,460,551,530,467,438,487
"Cep63",461,894,846,886,906,928,851,858
"Cep68",853,1667,1698,1880,1674,1515,1544,1747
"Cep70",95,284,155,203,238,246,172,191
"Cep72",50,76,71,82,105,46,28,57
"Cep76",423,886,856,899,844,758,704,917
"Cep78",339,591,642,643,625,531,555,614
"Cep83",312,757,500,648,600,626,575,579
"Cep83os",288,516,624,596,598,558,595,661
"Cep85",744,1399,1357,1404,1455,1496,1477,1441
"Cep85l",14,79,39,42,57,77,65,43
"Cep89",412,667,686,739,753,659,582,625
"Cep95",205,391,334,430,473,430,398,394
"Cep97",343,778,688,817,775,898,877,842
"Cept1",1345,2584,2774,2736,2590,2799,3339,3215
"Cer1",1,2,1,1,0,1,0,0
"Cercam",1970,3654,3379,3622,3456,3737,3455,3672
"Cerk",1026,1975,1846,1812,1944,1931,2121,1998
"Cerkl",5,17,4,8,9,10,3,6
"Cers2",3962,8611,7805,7641,8724,9679,11427,10371
"Cers3",4,12,11,9,15,6,7,9
"Cers4",36,67,26,53,79,66,55,58
"Cers5",2605,4886,4847,4759,4732,4891,5286,5187
"Cers6",640,1574,1174,1407,1667,1628,1606,1422
"Ces1a",10,120,13,14,82,144,91,17
"Ces1c",1,2,0,1,0,3,0,1
"Ces1d",0,1,0,0,2,1,3,2
"Ces1f",1,1,0,1,0,0,3,0
"Ces1g",5,5,3,5,6,5,3,6
"Ces2b",8,13,24,24,16,13,12,17
"Ces2c",171,264,395,335,237,131,87,285
"Ces2d-ps",41,32,38,57,41,28,26,41
"Ces2e",10,8,14,15,11,0,1,4
"Ces2f",7,13,18,13,18,3,2,13
"Ces2g",3626,5822,8386,7716,5417,4479,3481,4899
"Ces3a",0,2,1,0,0,1,0,1
"Ces3b",1,0,0,1,0,0,1,3
"Ces4a",6,5,3,7,6,2,2,6
"Cetn2",846,1627,1792,1677,1678,1683,1536,1604
"Cetn3",648,1468,1256,1496,1480,1567,1272,1407
"Cetn4",60,169,122,144,150,154,157,146
"Cfap126",7,19,26,12,17,36,26,25
"Cfap20",1250,2046,2465,2424,2043,1952,1974,2181
"Cfap36",493,1305,1027,1205,1279,1352,1065,1142
"Cfap43",32,92,57,55,85,84,71,55
"Cfap44",0,4,2,1,7,8,6,4
"Cfap46",1,6,6,3,8,10,11,4
"Cfap52",5,8,14,8,16,9,4,16
"Cfap53",0,0,3,0,1,4,2,1
"Cfap57",0,0,1,0,0,0,1,1
"Cfap61",0,4,1,0,2,2,6,2
"Cfap69",67,204,136,148,201,231,233,217
"Cfap70",4,2,4,7,6,3,2,1
"Cfap74",20,26,33,29,31,18,31,31
"Cfap97",381,1101,683,817,799,960,813,886
"Cfb",314,754,641,559,873,851,1224,986
"Cfdp1",1497,2840,2902,2979,3016,2936,2773,2788
"Cfh",837,3337,1370,1885,2614,3841,3511,2985
"Cfhr1",0,1,0,0,1,1,0,0
"Cfl1",19752,33779,36147,36065,33406,31232,30924,31653
"Cfl2",7025,14145,16090,15006,14949,16794,14212,14483
"Cflar",1568,3679,2739,3699,3983,3742,3755,3815
"Cfp",42,122,95,93,91,130,109,120
"Cftr",1,0,0,2,1,2,0,0
"Cggbp1",2482,5016,4240,5208,5229,5064,4694,5034
"Cgn",21,15,35,31,16,11,5,17
"Cgnl1",1103,2662,2753,2500,2842,2968,3010,2590
"Cgref1",354,579,783,672,643,575,511,549
"Cgrrf1",653,1401,1420,1255,1283,1413,1396,1365
"Ch25h",54,111,87,106,146,184,248,184
"Chac1",312,1108,548,531,1117,1659,3391,3203
"Chac2",124,298,266,282,358,322,261,282
"Chad",0,1,6,6,1,3,6,0
"Chadl",46,93,83,84,82,109,122,112
"Chaf1a",1167,1506,1358,1820,1500,876,791,1157
"Chaf1b",404,544,507,663,546,268,280,447
"Champ1",1407,2269,2303,2602,2539,2475,2260,2308
"Chchd1",608,926,1038,973,933,838,835,854
"Chchd10",130,347,412,272,334,401,634,644
"Chchd2",3253,4086,4573,4080,3971,3832,3939,4093
"Chchd3",1735,3186,3391,3394,3242,3196,2900,3183
"Chchd4",511,958,1123,967,909,905,986,984
"Chchd5",385,662,744,712,681,732,809,716
"Chchd6",253,437,438,447,378,441,419,470
"Chchd7",194,441,436,428,479,404,428,420
"Chd1",700,1872,1125,1612,1621,1578,1511,1618
"Chd1l",365,594,564,659,617,510,485,623
"Chd2",963,2466,1564,2098,2580,2401,2327,2145
"Chd3",6878,12585,11863,12660,13808,11407,10871,11196
"Chd3os",68,160,159,154,165,174,173,188
"Chd4",10758,19125,22198,21953,20337,18386,19394,19510
"Chd5",11,32,12,19,30,38,68,47
"Chd6",862,2257,1668,2122,2258,2285,2080,2078
"Chd7",390,952,924,957,959,972,947,939
"Chd8",2217,4538,4008,4502,4984,4342,4449,4455
"Chd9",803,2253,1470,1811,1816,1823,1706,1829
"Chdh",7,25,14,15,24,33,30,16
"Chek1",217,321,260,381,321,207,159,282
"Chek2",302,550,438,506,575,527,467,448
"Cherp",1873,3286,3348,3358,3162,3256,3089,3141
"Chfr",1005,1833,2155,1954,1869,1819,1950,2166
"Chgb",2,4,3,2,1,7,6,3
"Chic1",52,185,131,127,145,163,152,184
"Chic2",880,1589,1503,1558,1655,1681,1813,1776
"Chid1",1015,2400,2259,2001,2126,2299,2277,2140
"Chil1",33,64,137,89,61,33,25,76
"Chit1",9,13,21,10,8,9,6,13
"Chka",508,1099,952,1001,1136,1210,1356,1248
"Chkb",0,1,1,1,0,1,3,2
"Chm",257,806,430,477,571,683,643,681
"Chml",159,509,358,300,390,496,549,478
"Chmp1a",2144,4178,4278,3931,4118,4225,4298,4095
"Chmp1b",635,1632,1452,1604,1817,2166,2140,1987
"Chmp2a",1416,2734,3248,2815,2635,2775,2784,2799
"Chmp2b",1293,2618,2779,2933,2801,3147,3123,3126
"Chmp3",2989,5550,6149,5771,5842,5919,6375,6291
"Chmp4b",3622,7414,8345,7249,7430,7669,9208,8374
"Chmp4c",32,74,46,62,77,68,67,65
"Chmp5",2763,5222,5521,5346,5920,5924,5456,5598
"Chmp6",976,1793,1957,1857,1759,1617,1776,1878
"Chmp7",1571,3263,3264,2939,3114,3230,3424,3193
"Chn1",693,1086,1071,1044,1202,1194,861,1021
"Chn1os3",7,19,12,15,22,21,17,13
"Chn2",175,335,371,344,326,360,328,340
"Chodl",0,1,3,0,0,2,1,0
"Chordc1",1279,2996,2236,2779,2951,2890,2397,2705
"Chp1",3176,5778,5956,5654,5866,6233,7178,6694
"Chpf",1908,3336,3316,3404,3253,3171,3203,3293
"Chpf2",2330,4763,5026,4449,4555,4565,5760,5296
"Chpt1",724,1536,1508,1478,1425,1632,1451,1488
"Chrac1",714,1366,1267,1359,1329,1320,1513,1409
"Chrd",447,795,860,771,747,787,749,867
"Chrdl1",3651,9310,8543,9641,8135,8026,5723,6906
"Chrm4",55,126,108,95,126,85,46,111
"Chrna1",19138,38186,42051,35370,39138,43125,32097,31174
"Chrna10",1,3,2,3,3,4,3,1
"Chrna2",1,1,1,1,1,0,1,1
"Chrna5",0,1,2,0,3,1,2,0
"Chrna9",1,0,1,1,0,0,0,0
"Chrnb1",2234,4226,4469,4123,4646,4756,3774,3653
"Chrnb2",9,51,31,17,48,60,54,58
"Chrnb4",1,3,2,2,3,2,3,4
"Chrnd",3043,6591,6053,5006,6637,7805,6215,5381
"Chrne",10,9,18,11,11,9,7,8
"Chrng",4138,8745,9211,7241,8742,10529,7932,7443
"Chst1",488,935,967,1092,884,896,1116,1007
"Chst10",48,61,53,86,81,70,58,61
"Chst11",1428,2481,2989,2760,2768,2428,2710,3038
"Chst12",1055,1955,2054,1975,1956,2173,2077,1798
"Chst13",46,69,98,72,86,43,24,70
"Chst14",1046,1957,2277,2083,1914,2096,2281,2315
"Chst15",1262,3212,2292,2441,3192,3905,3609,2518
"Chst2",970,1381,1039,1502,1460,974,902,1265
"Chst3",648,1012,1027,1163,1094,780,637,805
"Chst5",15,17,39,27,30,16,16,32
"Chst7",67,165,121,114,139,133,113,133
"Chst8",4,8,6,7,7,13,9,5
"Chsy1",2382,3846,3751,4276,4027,3461,3284,3714
"Chsy3",14,28,29,26,25,20,19,24
"Chtf18",373,480,419,575,448,286,223,340
"Chtf8",2806,5593,5616,5299,5243,5399,5653,5400
"Chtop",4714,8092,9322,9154,8292,7766,8207,8414
"Chuk",828,2030,1434,1847,2108,2247,1997,2018
"Churc1",394,633,752,720,712,612,574,698
"Ciao1",954,1867,2064,1807,1722,1766,1872,1904
"Ciapin1",2137,3784,4560,4101,3667,3339,3906,4236
"Ciart",55,143,83,86,132,251,220,147
"Cib1",512,1085,1330,1050,1150,1130,1221,1067
"Cib2",247,450,514,517,470,428,409,412
"Cic",2000,4165,3205,3535,4180,3940,4151,3631
"Cidea",0,0,1,1,1,0,1,0
"Cideb",10,9,4,14,16,8,9,9
"Ciita",3,2,3,4,2,3,2,4
"Cilp",17479,22108,33213,33518,24544,13071,7646,21544
"Cilp2",26,26,48,42,25,13,13,19
"Cinp",844,1388,1574,1462,1439,1260,1295,1441
"Cipc",982,1865,2251,1998,2220,2034,1958,2003
"Cir1",234,547,390,500,502,533,524,469
"Cirbp",1034,1912,2758,2322,1811,1812,2134,2145
"Cirh1a",1286,2189,2768,2505,2219,1978,2252,2462
"Cisd1",956,1767,1998,1878,1855,1634,1784,1929
"Cisd2",1144,2325,2000,2360,2451,2471,2455,2445
"Cisd3",339,625,652,607,602,619,551,610
"Cish",18,43,35,40,30,47,62,45
"Cit",469,712,540,755,816,407,360,515
"Cited1",3,4,3,3,3,2,4,4
"Cited2",3629,7771,5480,6713,8403,10980,9726,7350
"Cited4",0,0,0,2,2,1,1,0
"Ciz1",1208,2287,2164,2212,2319,2459,2481,2477
"Ckap2",1042,1879,1797,2200,1653,874,707,1286
"Ckap2l",1464,2402,1641,2590,2194,1356,953,1511
"Ckap4",8569,13423,15141,15821,13968,11882,11668,12968
"Ckap5",1829,5185,2898,4195,4102,3884,3268,3640
"Ckb",2568,3809,4744,4227,3535,3467,2308,2493
"Cklf",84,201,122,159,192,202,209,190
"Ckm",1896,2414,4084,3084,2448,1961,1481,1895
"Ckmt1",0,0,1,0,0,3,3,0
"Ckmt2",15,26,38,25,18,13,6,14
"Cks1b",1380,1969,2041,2316,2074,1439,1349,1591
"Cks2",1103,1376,1551,1792,1427,885,768,1078
"Clasp1",2714,5134,5668,5462,5807,5471,5351,5264
"Clasp2",854,1696,1677,1944,1878,1694,1548,1671
"Clasrp",442,753,720,798,833,796,762,799
"Clca1",2,8,6,5,11,9,6,7
"Clca2",57,77,91,113,103,70,59,71
"Clca3a1",9,17,10,15,16,17,6,14
"Clca3a2",0,1,2,4,0,1,2,1
"Clca3b",10,14,15,21,27,39,37,17
"Clca4a",2,2,5,2,1,5,0,5
"Clca4b",1,1,1,1,2,0,0,0
"Clcc1",772,1371,1502,1485,1610,1504,1556,1617
"Clcf1",378,639,757,763,659,583,780,871
"Clcn1",4,21,13,12,12,8,10,17
"Clcn2",154,299,314,321,303,287,379,348
"Clcn3",549,1313,954,1257,1384,1455,1330,1233
"Clcn4-2",1542,3295,2844,3060,3646,3944,3721,3577
"Clcn5",753,2291,1435,1592,2572,2251,2448,1746
"Clcn6",467,1134,1017,982,1139,1149,1304,1033
"Clcn7",1224,2912,2473,2292,2694,3298,3717,3284
"Clcnka",36,36,46,49,45,20,20,37
"Clcnkb",4,10,14,7,10,12,10,14
"Cldn1",14,38,18,30,40,64,31,17
"Cldn10",0,1,0,0,1,1,0,0
"Cldn12",947,1658,1857,1924,1709,1673,1940,2049
"Cldn13",0,0,1,2,1,2,3,0
"Cldn14",0,2,4,2,0,0,3,0
"Cldn15",18,19,38,31,30,22,22,17
"Cldn19",1,1,1,3,1,1,2,2
"Cldn2",15,27,27,30,43,34,37,29
"Cldn20",5,6,4,5,2,12,6,2
"Cldn22",6,8,9,7,12,5,4,11
"Cldn23",0,2,2,0,2,2,1,4
"Cldn3",3,18,2,5,11,15,9,2
"Cldn34c1",9,14,19,11,12,13,16,18
"Cldn4",3,2,2,4,4,3,3,3
"Cldn5",0,5,2,1,3,1,3,1
"Cldn7",1,0,0,1,0,2,2,2
"Cldn9",8,6,5,8,6,5,6,3
"Cldnd1",1801,3361,3760,3982,3778,4194,4384,4407
"Clec10a",1,1,1,2,0,2,2,2
"Clec11a",57,103,100,105,74,45,46,79
"Clec16a",1251,2580,2460,2410,2557,2608,2692,2485
"Clec1a",4,5,4,6,1,2,2,1
"Clec2d",751,1656,1776,1664,1622,1796,2130,2029
"Clec2e",1,1,0,1,2,0,0,1
"Clec2g",0,0,0,1,0,0,1,1
"Clec2i",1,0,1,1,0,0,1,0
"Clec2l",11,13,7,18,11,4,9,12
"Clec3b",39,162,164,139,169,243,249,167
"Clec4d",0,2,0,0,2,0,18,9
"Clec4e",1,2,0,1,4,3,69,62
"Clec5a",0,1,1,0,1,3,1,4
"Clhc1",0,5,3,2,1,1,1,2
"Clic1",8086,15172,14413,14451,14855,13914,15536,14846
"Clic3",70,122,140,92,100,109,89,116
"Clic4",12802,24097,25393,25179,25167,24270,24347,24307
"Clic5",104,284,364,224,377,402,349,416
"Clic6",0,1,2,0,0,1,0,0
"Clint1",2720,5177,5023,5553,5692,5801,5474,5611
"Clip1",1828,4763,3582,4428,4515,4568,4369,4349
"Clip2",1165,2104,2279,2279,2032,2019,2285,2214
"Clip3",1031,2024,2222,2056,1908,2114,2325,2055
"Clip4",352,783,675,824,819,966,953,807
"Clk1",1122,2840,2780,3423,2721,3048,3039,3412
"Clk2",159,256,240,273,234,230,232,229
"Clk3",1294,2236,2511,2376,2246,2109,2273,2326
"Clk4",676,1296,1220,1479,1507,1559,1448,1489
"Clmn",173,403,372,357,391,365,283,310
"Clmp",656,1854,1360,1524,1877,2410,3169,2424
"Cln3",94,236,242,211,234,286,309,268
"Cln5",1560,3509,2813,3018,3864,4933,5160,4464
"Cln6",604,1109,931,1063,975,1021,1052,1070
"Cln8",992,2238,2158,1993,2204,2622,3527,3099
"Clnk",0,0,0,1,1,1,1,0
"Clns1a",1223,2023,2481,2184,2148,1947,1961,2079
"Clock",657,2390,1127,1566,1760,1807,1560,1723
"Clp1",302,618,603,614,578,526,614,612
"Clpb",946,1857,1905,1761,1785,1788,1900,1781
"Clpp",600,1131,1385,1216,1093,1127,1365,1326
"Clptm1",3100,6916,6128,5782,6464,7391,7604,6639
"Clptm1l",3905,8327,8384,7569,7926,8656,9280,9015
"Clpx",1010,2025,1919,2125,2091,2093,1863,2054
"Clrn1",110,132,168,216,126,98,80,111
"Clspn",481,844,557,900,814,403,300,627
"Clstn1",4741,10201,8580,9085,9563,10624,11001,9382
"Clstn2",2,1,3,2,2,1,2,8
"Clstn3",64,108,101,124,117,70,51,80
"Clta",3261,6182,6442,6093,5940,6193,6557,6004
"Cltb",1354,2750,3004,2528,2614,2552,2716,2655
"Cltc",10575,21774,19229,21662,22950,22739,21911,21053
"Clu",157,409,422,326,374,448,534,514
"Cluap1",334,527,606,635,562,508,541,595
"Cluh",2562,4891,5808,5122,4943,4616,5112,5044
"Clvs1",19,27,20,32,34,33,22,19
"Clybl",497,1204,1012,938,1110,1269,1310,1142
"Cma1",2,3,4,4,2,9,7,1
"Cmah",274,728,415,519,804,829,677,502
"Cmas",1103,2192,2297,2085,2234,2163,2018,2156
"Cmbl",139,251,303,257,255,292,249,283
"Cmc1",220,439,406,420,381,450,470,438
"Cmc2",329,513,539,573,476,410,384,406
"Cmc4",27,43,33,50,47,58,52,45
"Cmip",884,1770,1738,1804,1808,1900,1914,1779
"Cmklr1",982,1397,1050,1460,1321,907,604,902
"Cml1",21,43,48,43,42,45,68,66
"Cml2",1,1,2,1,0,2,1,0
"Cml5",0,0,1,0,0,1,1,1
"Cmpk1",2235,3922,4125,4894,4569,4324,3823,4591
"Cmpk2",8,7,2,12,13,14,9,6
"Cmss1",123,169,260,250,186,161,238,211
"Cmtm3",1106,2387,2391,2195,2457,2942,3385,2780
"Cmtm4",1440,3171,3023,2982,3286,3428,3558,3109
"Cmtm5",0,1,1,0,1,0,0,1
"Cmtm6",1227,2289,2351,2353,2301,2241,2307,2353
"Cmtm7",544,816,881,973,817,721,760,890
"Cmtm8",1,1,2,1,0,0,0,0
"Cmtr1",161,203,188,196,212,135,203,200
"Cmtr2",268,520,513,502,581,580,576,547
"Cmya5",4,6,6,6,5,2,1,11
"Cnbd2",27,59,94,51,65,80,108,103
"Cnbp",9394,15955,18738,18452,16740,15043,15279,17047
"Cndp2",614,1615,1406,1196,1451,1735,2463,2164
"Cnep1r1",1671,3015,2890,3704,3290,3546,2962,3208
"Cnga2",3,0,0,3,2,1,1,0
"Cnga3",1,0,0,1,0,1,1,0
"Cnga4",1,1,1,3,0,0,0,2
"Cngb1",16,58,43,49,44,59,54,54
"Cnih1",3240,5504,5785,5781,5546,6121,6031,5811
"Cnih2",46,88,76,78,63,40,32,67
"Cnih3",6,9,8,9,4,4,3,8
"Cnih4",1440,2664,3022,2836,2591,2537,2887,2945
"Cnksr1",19,45,65,39,42,46,43,45
"Cnksr2",5,7,13,12,4,8,5,4
"Cnksr3",1337,2620,2168,2368,2687,2860,2598,2085
"Cnn1",303,275,344,466,267,68,41,231
"Cnn2",9000,13560,18173,17973,13538,12091,10781,12049
"Cnn3",27257,41042,52356,50214,43278,36860,30658,36613
"Cnnm2",315,873,638,586,855,1073,1237,977
"Cnnm3",708,1499,1353,1355,1460,1653,1774,1621
"Cnnm4",510,1013,826,854,1098,1020,971,936
"Cnot1",5958,11551,10522,12638,12004,11316,11006,11590
"Cnot10",1253,2212,2465,2431,2292,2111,2160,2233
"Cnot11",1231,2302,2537,2437,2312,2243,2311,2235
"Cnot2",1715,3721,3240,3820,4014,4107,3614,3740
"Cnot3",1147,1685,1918,1913,1800,1628,1640,1648
"Cnot4",555,1347,941,1112,1264,1461,1156,1137
"Cnot6",1873,4635,3072,4377,3967,3695,3184,3466
"Cnot6l",1394,4035,2615,3227,3399,3688,2926,3232
"Cnot7",1464,3202,2412,2958,3096,3471,2835,2958
"Cnot8",1550,2937,3403,3020,3011,2978,3333,3219
"Cnp",751,1312,1330,1303,1278,1279,1048,1051
"Cnppd1",1148,2594,2587,2246,2486,2945,3594,3291
"Cnpy2",1965,3948,4310,3933,3812,3962,4031,3955
"Cnpy3",1086,2418,2381,2106,2185,2656,2890,2635
"Cnpy4",1140,2033,2373,2310,2056,1789,1875,2127
"Cnr1",110,288,137,200,253,106,72,243
"Cnrip1",113,199,208,224,199,242,250,256
"Cnst",777,1271,1360,1440,1371,1373,1303,1319
"Cntd1",12,17,12,21,16,19,13,31
"Cntf",4,5,3,4,6,6,9,4
"Cntfr",27,65,66,62,57,87,57,27
"Cntln",199,459,324,408,407,447,436,484
"Cntn1",0,1,0,1,1,0,0,0
"Cntn3",9,18,22,12,26,34,29,19
"Cntn4",0,1,0,0,1,0,0,1
"Cntn5",1,1,2,1,2,0,0,0
"Cntn6",1,1,1,1,6,11,6,6
"Cntnap1",116,206,157,191,200,232,369,308
"Cntnap2",1,1,0,0,0,1,1,1
"Cntnap4",17,29,13,26,32,18,21,30
"Cntnap5a",1,1,3,2,1,1,2,1
"Cntrl",245,602,347,535,484,364,336,456
"Cntrob",736,1045,1137,1281,1160,916,896,1046
"Coa3",736,1572,1843,1448,1442,1444,1490,1537
"Coa4",87,168,194,182,179,164,179,193
"Coa5",2800,5052,5743,5416,5295,5229,5373,5268
"Coa6",198,356,437,379,352,349,364,405
"Coa7",224,387,397,403,395,379,437,409
"Coasy",653,1329,1477,1233,1288,1327,1500,1376
"Cobl",1431,2239,3135,2571,2455,2278,1709,2183
"Cobll1",537,1101,1303,1418,1193,1117,1232,1405
"Coch",5,3,3,6,6,1,0,1
"Cog1",867,1622,1400,1499,1619,1675,1586,1488
"Cog2",695,1452,1429,1311,1333,1377,1409,1328
"Cog3",1225,2388,2211,2599,2652,2727,2510,2550
"Cog4",1631,3125,3095,2965,3122,3047,2982,2969
"Cog5",378,860,699,804,834,804,712,805
"Cog6",1572,2865,3058,2943,2964,2787,2748,2939
"Cog7",675,1313,1304,1305,1366,1329,1368,1300
"Cog8",677,1306,1279,1239,1334,1342,1287,1266
"Coil",325,550,577,583,551,523,557,558
"Col10a1",8,16,20,21,39,39,23,25
"Col11a1",172,360,158,258,358,199,115,278
"Col11a2",17,48,35,36,55,52,45,44
"Col12a1",46005,96364,78440,94572,97286,97486,97888,95913
"Col13a1",22,38,47,33,42,19,17,37
"Col14a1",150,324,214,285,325,340,462,371
"Col15a1",4,1,5,5,5,1,2,5
"Col16a1",1474,3083,2842,3097,2987,3233,3409,3105
"Col17a1",64,116,78,126,117,100,117,101
"Col18a1",6382,9770,10447,10915,9888,6378,5363,7756
"Col19a1",20,37,43,41,29,56,41,39
"Col1a1",40490,52129,40263,58518,52150,28996,18339,43090
"Col1a2",88509,140822,146225,160823,143556,113940,93387,124114
"Col20a1",32,38,46,38,49,46,37,58
"Col22a1",2,2,5,2,4,5,3,2
"Col23a1",134,182,312,229,197,102,82,200
"Col24a1",68,180,178,197,182,136,95,151
"Col25a1",37,83,87,93,103,54,44,126
"Col26a1",37,51,104,76,73,36,33,48
"Col27a1",194,373,296,444,409,380,308,364
"Col28a1",10,27,11,13,26,41,45,38
"Col2a1",1,0,2,2,0,2,2,2
"Col3a1",161778,298466,305934,319469,313610,283641,306189,332218
"Col4a1",14338,28583,27794,27888,28285,26922,23719,22681
"Col4a2",11404,23028,22279,21615,22556,21664,19436,18615
"Col4a3",3,3,1,5,1,3,1,5
"Col4a3bp",1020,2881,2099,2327,2693,2892,2848,2723
"Col4a4",2,2,4,6,4,2,1,10
"Col4a5",849,1713,1193,1483,1708,1587,1130,1217
"Col4a6",46,99,45,64,67,69,38,48
"Col5a1",42623,66366,67527,73863,69780,45392,39493,64114
"Col5a2",40085,74799,75920,80179,80164,71691,71205,82941
"Col5a3",5104,8226,7992,8650,8826,5246,4897,8000
"Col6a1",50884,77991,102208,102546,72265,54314,45152,65683
"Col6a2",30081,43174,54818,57971,40591,27831,20569,34922
"Col6a3",16314,25159,27254,31807,23584,15488,14849,19635
"Col6a4",8,24,17,18,13,23,15,15
"Col6a5",3,5,2,4,2,1,2,1
"Col7a1",31,71,53,59,83,62,48,59
"Col8a1",6636,13568,10801,13935,12830,8829,6055,11834
"Col8a2",5751,6933,8605,9963,6337,3734,2180,5581
"Col9a2",0,2,5,1,0,1,1,0
"Col9a3",6,12,4,8,4,6,7,6
"Colec10",57,243,81,138,260,392,257,86
"Colec12",6054,15062,11556,13843,16027,19915,17161,14578
"Colgalt1",5214,9711,10141,9879,9136,8947,9476,9601
"Colq",125,204,344,238,203,170,138,205
"Commd1",1135,2046,2366,2174,2124,1950,1873,2096
"Commd10",912,1735,1734,1776,1675,1631,1655,1706
"Commd2",722,1380,1542,1342,1419,1169,1227,1415
"Commd3",1979,3654,4079,3925,3756,3710,3742,4123
"Commd4",441,951,938,847,859,948,1017,926
"Commd5",635,1064,1241,1139,946,985,945,1011
"Commd6",446,961,928,899,970,1075,1051,1029
"Commd7",916,1755,1877,1815,1767,1794,2129,1911
"Commd8",795,1708,1487,1681,1763,2028,1779,1780
"Commd9",591,1009,1119,1031,1013,1025,1070,1024
"Comp",17,22,19,24,13,13,10,7
"Comt",1824,3225,3583,3297,3038,3490,3939,3582
"Comtd1",179,339,372,348,316,423,463,435
"Copa",13360,25128,25272,25384,24874,24165,24663,23956
"Copb1",5118,9335,9525,10424,10282,10005,9368,10047
"Copb2",7582,13095,15298,15118,14071,13034,13386,14001
"Cope",2405,4673,4736,4407,4548,4810,4858,4652
"Copg1",6477,11560,11744,12208,10881,10541,10775,10978
"Copg2",1928,3353,3440,3621,3376,3452,3222,3243
"Coprs",188,469,473,377,433,447,510,455
"Cops2",2049,5213,3806,4658,4471,5476,4880,5102
"Cops3",2151,3498,4141,3889,3612,3217,3108,3456
"Cops4",2422,4300,4695,4567,4247,3992,3766,4092
"Cops5",2425,3961,5364,4729,4182,3765,3639,4183
"Cops6",2360,4315,5377,4649,4292,3894,4193,4307
"Cops7a",1922,3609,3983,3653,3526,3386,3721,3932
"Cops7b",618,1078,1289,1154,1106,971,1093,1136
"Cops8",2110,3825,4264,4043,3765,3714,3796,3814
"Copz1",3399,6476,6376,6437,5933,5900,5909,5864
"Copz2",2017,3571,4061,3947,3350,3341,2975,3372
"Coq10a",467,1039,1077,887,991,1187,1187,1145
"Coq10b",1329,2196,2290,2421,2361,2172,1863,2309
"Coq2",756,1304,1343,1328,1395,1357,1406,1482
"Coq3",454,785,909,877,860,864,778,871
"Coq4",214,466,464,394,424,468,503,488
"Coq5",870,1618,1974,1748,1617,1614,1544,1684
"Coq6",445,822,916,870,763,721,725,769
"Coq7",282,418,509,504,453,425,440,426
"Coq9",1909,3310,3764,3356,3079,3206,3131,3293
"Corin",3,2,2,4,4,2,2,6
"Coro1a",8,32,38,19,26,26,33,25
"Coro1b",4148,8594,7803,7505,8083,8564,9659,8481
"Coro1c",3926,7134,7112,7300,6906,6299,6999,6814
"Coro2a",136,191,149,219,205,146,154,212
"Coro2b",1181,2105,2158,2187,1955,1822,1864,1786
"Coro6",631,1280,1367,1069,1337,1551,1193,1205
"Coro7",365,671,744,705,646,686,714,653
"Cort",5,5,9,4,5,4,3,3
"Cotl1",1694,2186,2492,2786,2033,1211,1009,1826
"Cox10",320,539,592,555,589,498,641,637
"Cox11",302,571,537,533,550,525,489,516
"Cox14",950,1890,2048,1798,1836,1943,1778,1763
"Cox15",1100,1779,2138,2107,1968,1796,1764,1963
"Cox16",224,227,255,211,195,227,191,240
"Cox17",535,1134,1265,1103,1213,1072,996,1021
"Cox18",384,594,767,751,664,662,670,717
"Cox19",807,1524,1631,1486,1383,1393,1321,1364
"Cox20",347,586,695,770,627,590,568,638
"Cox4i1",6204,11880,13347,11782,11156,11898,12139,11886
"Cox4i2",1,1,1,2,2,1,1,1
"Cox5a",2276,3995,5060,4236,3783,3970,3773,3969
"Cox5b",2159,3919,4617,4026,3744,3557,3266,3531
"Cox6a1",2685,4850,5559,5166,4516,4538,4565,4360
"Cox6a2",153,362,469,321,335,336,296,384
"Cox6b1",2897,5639,6295,5593,5152,4908,4632,4963
"Cox6b2",5,14,13,7,6,1,4,6
"Cox6c",3664,7098,7108,7521,6960,6474,6301,6644
"Cox7a1",35,57,63,63,70,56,47,55
"Cox7a2",2023,3750,4462,3975,3749,3392,3455,3678
"Cox7a2l",3302,5935,6133,5659,5602,6184,6291,6128
"Cox7b",2251,4383,5176,4861,4434,4297,3851,4446
"Cox7b2",1,5,3,4,5,1,2,3
"Cox7c",2641,4472,5371,4789,4584,4356,4448,4606
"Cox8a",2815,5255,6219,5669,5273,5417,5584,5465
"Cox8b",43,116,147,85,126,108,79,77
"Cp",5147,17929,11370,13414,18313,26551,26661,19931
"Cpa1",3,6,8,8,7,2,2,1
"Cpa2",0,6,4,3,6,2,1,0
"Cpa4",47,102,104,88,86,65,53,70
"Cpa5",1,7,6,7,7,0,0,2
"Cpa6",0,7,20,7,7,6,8,11
"Cpb2",0,0,0,1,0,1,0,1
"Cpd",3365,7824,6929,7749,8759,9688,9159,8240
"Cpe",2672,6244,4045,4498,6147,7729,6516,5206
"Cpeb1",119,291,321,236,327,399,508,457
"Cpeb2",146,461,290,332,476,629,480,425
"Cpeb3",174,418,443,466,439,445,390,376
"Cpeb4",392,1327,744,880,1161,1361,1170,1103
"Cped1",137,478,266,337,420,578,506,336
"Cplx1",1,1,0,1,1,1,1,2
"Cplx2",489,964,966,1072,1074,940,800,850
"Cplx3",15,24,33,26,23,20,13,30
"Cpm",7,9,24,25,10,13,18,16
"Cpn1",1,11,4,3,1,4,6,1
"Cpn2",0,1,2,1,0,2,0,0
"Cpne1",2068,3190,3553,3463,3241,2909,3174,3258
"Cpne2",1150,2011,2371,2148,2103,2051,2524,2598
"Cpne3",1254,3751,2095,3001,3187,3232,2970,3034
"Cpne5",6,21,9,8,13,7,6,14
"Cpne7",1,5,7,3,6,11,12,7
"Cpne8",1037,1913,1787,2183,1906,1895,2066,2251
"Cpne9",1,1,1,1,2,4,2,1
"Cpox",731,1567,1525,1642,1667,1954,2202,2135
"Cpped1",1536,2851,3107,3081,3082,3218,3192,3078
"Cpq",4099,8200,9134,8339,7942,8699,9100,8390
"Cps1",0,2,3,3,2,1,0,1
"Cpsf1",2192,4299,4224,4115,4122,3876,4017,4006
"Cpsf2",1470,2950,2898,3203,3263,2904,2856,3098
"Cpsf3",1686,3069,3468,3285,3109,2982,3213,3246
"Cpsf3l",1217,2243,2528,2371,2111,2018,2487,2467
"Cpsf4",470,757,853,894,852,703,807,787
"Cpsf4l",3,3,3,3,3,1,2,2
"Cpsf6",1377,3386,2870,3045,2930,2767,2625,2905
"Cpsf7",1921,3499,3651,3726,3562,3443,3412,3640
"Cpt1a",4688,8596,10761,10450,8450,8616,11667,11383
"Cpt1b",1,0,4,0,2,1,2,1
"Cpt1c",432,751,759,781,723,699,691,659
"Cpt2",840,1468,1685,1552,1424,1433,1461,1446
"Cptp",443,762,942,845,773,794,943,887
"Cpvl",1,3,5,4,2,0,0,2
"Cpxm1",14,27,28,31,40,37,37,34
"Cpz",181,271,274,313,269,235,227,259
"Cr1l",1119,2077,2498,2324,2300,2159,2554,2697
"Crabp1",79,31,33,90,53,20,12,31
"Crabp2",1248,2436,1961,1883,2618,2397,2182,2293
"Cracr2a",1,1,1,0,1,2,1,1
"Cracr2b",55,86,100,92,97,83,76,101
"Cradd",154,299,291,267,283,290,316,278
"Cramp1l",519,997,956,1079,1143,1030,1029,1097
"Crat",1495,3140,3094,2846,2926,3038,3000,2885
"Crb1",1,0,0,1,0,1,1,1
"Crb2",2,0,0,2,2,0,0,1
"Crbn",644,1485,1208,1348,1412,1629,1437,1437
"Crcp",536,1026,1223,1061,1036,1118,1212,1221
"Crct1",0,4,2,1,2,3,7,7
"Creb1",588,1901,1099,1474,1407,1515,1362,1449
"Creb3",1606,3040,3309,3072,3048,3188,3349,3303
"Creb3l1",5701,8576,11002,10852,8210,7332,6969,8527
"Creb3l2",960,2003,1771,1872,2000,1837,1868,1712
"Creb3l3",20,24,38,35,26,28,27,24
"Creb3l4",9,8,14,17,22,23,19,27
"Creb5",44,131,62,83,136,142,147,84
"Crebbp",506,1138,781,995,1202,1049,1048,955
"Crebl2",216,533,538,476,572,643,789,647
"Crebrf",194,887,405,475,771,1114,1264,997
"Crebzf",484,997,1111,1229,1058,1048,1101,1138
"Creg1",1144,2615,2538,2288,2583,3393,3960,3516
"Creg2",9,19,19,25,21,22,18,22
"Creld1",1309,2930,2770,2497,2890,3409,3135,3016
"Creld2",1324,3210,2461,2358,2919,4044,3694,2866
"Crem",169,324,318,354,387,449,446,438
"Crh",3,4,9,4,11,14,11,6
"Crhbp",4,8,3,6,3,8,10,5
"Crhr2",1,0,0,1,0,1,1,0
"Crim1",599,1582,1263,1553,1566,1931,2005,1820
"Crip1",3987,6641,7464,7246,6378,5285,4678,5415
"Crip2",13545,22755,27552,25048,22035,20314,17934,19537
"Crip3",2,0,0,2,1,0,0,1
"Cript",1261,2405,2386,2345,2473,2463,2392,2406
"Crisp2",1,6,5,1,3,4,2,4
"Crispld1",3,3,1,4,7,8,11,11
"Crispld2",11,9,10,14,11,3,3,10
"Crk",3875,8561,7435,8858,9031,8876,7927,8504
"Crkl",1817,3429,3682,3525,3655,3674,3720,3670
"Crlf1",6300,8347,11919,11504,8026,5857,4649,7338
"Crlf2",125,260,205,200,269,280,302,286
"Crlf3",864,1411,1742,1694,1671,1343,1267,1474
"Crls1",862,1765,1683,1680,1935,2090,1930,1936
"Crmp1",5,10,4,5,8,4,2,4
"Crnde",144,218,311,313,193,163,141,169
"Crnkl1",1011,2256,1946,2294,2305,2507,2130,2305
"Crocc",288,532,364,475,494,478,420,399
"Crot",1017,1957,1890,2141,2001,1984,2033,2242
"Crtam",0,0,0,0,0,1,2,1
"Crtap",3103,5698,6542,6415,5329,5530,5670,6009
"Crtc1",897,1480,1604,1680,1412,1329,1332,1402
"Crtc2",753,1482,1485,1418,1499,1513,1609,1609
"Crtc3",632,1248,1152,1195,1191,1166,1190,1139
"Cry1",403,840,658,657,929,1012,875,848
"Cry2",334,683,582,586,623,810,822,723
"Cryab",5254,10129,12568,9647,9660,10650,8871,8840
"Cryba4",21,33,54,35,28,16,20,26
"Crybb1",7,1,5,7,3,2,2,5
"Crybb3",7,14,8,10,13,16,12,12
"Crybg3",214,489,369,430,452,440,446,472
"Crygs",1,1,0,1,1,1,4,0
"Cryl1",162,237,314,323,245,199,190,175
"Crym",24,34,75,38,37,17,13,47
"Cryz",1188,2351,2315,2303,2168,2361,2316,2123
"Cryzl1",612,928,947,1014,1023,1019,1017,1014
"Cs",9233,15897,18607,17376,16330,15385,14665,14771
"Csad",563,1123,1178,1202,1064,1131,1165,1142
"Csdc2",492,774,1283,984,792,642,516,733
"Csde1",6324,14957,11701,14152,14490,15516,13004,14115
"Cse1l",3143,5641,5337,6133,6089,5506,4781,5374
"Csf1",10500,16347,20155,21261,16405,13322,14621,17663
"Csf1r",27,39,46,49,33,41,36,45
"Csf2",1,4,0,1,3,5,11,6
"Csf2ra",4,15,13,12,16,9,10,13
"Csf2rb",50,373,234,154,328,557,1651,1303
"Csf2rb2",6,5,4,11,7,19,15,14
"Csf3",0,3,0,0,0,0,3,2
"Csgalnact1",1288,3144,2500,2701,3386,4254,5153,4527
"Csgalnact2",878,2340,1527,2026,2232,2443,2170,2279
"Csk",1787,3305,3378,3288,3286,3237,3071,3229
"Csl",0,2,2,4,2,2,1,2
"Csmd1",14,11,23,18,22,17,44,30
"Csmd2",1,1,0,1,0,1,1,1
"Csmd3",0,2,2,2,2,2,1,0
"Csn3",0,3,3,1,4,2,1,0
"Csnk1a1",8226,14072,15201,16587,14647,13799,12216,14011
"Csnk1d",4798,9210,9436,9322,9431,9333,9979,9642
"Csnk1e",2073,4187,4279,4130,4399,4641,4554,4327
"Csnk1g1",816,1638,1766,1860,1681,1714,1662,1632
"Csnk1g2",3990,7820,7281,7272,7573,7720,7491,6932
"Csnk1g3",1011,2274,1722,2165,2134,2339,2002,2140
"Csnk2a1",3561,6008,6240,6861,6874,6358,5705,6347
"Csnk2a2",1411,2565,3134,2856,2607,2651,2750,3009
"Csnk2b",1985,3601,3906,3789,3450,3356,3366,3399
"Cspg4",1129,2223,2439,2285,2207,2243,2758,2569
"Cspg5",3,0,6,10,7,8,8,7
"Cspp1",129,423,259,345,373,412,404,427
"Csrnp1",324,624,539,525,642,621,570,492
"Csrnp2",532,984,1098,1014,1051,1018,1024,1108
"Csrnp3",0,1,7,1,1,2,2,3
"Csrp1",9374,12889,15257,15756,12668,10364,9638,10927
"Csrp2",2653,3362,4095,4488,3344,1859,1445,2773
"Csrp2bp",860,1653,1671,1651,1578,1467,1685,1819
"Csrp3",464,734,1258,904,790,564,458,775
"Cst3",10574,25116,26435,23398,23063,27716,26762,23619
"Cst6",277,756,579,461,738,888,782,702
"Cst7",0,0,3,0,0,1,1,1
"Cstad",5,11,8,13,6,10,11,7
"Cstb",1863,4206,4445,3684,4074,4426,5661,5098
"Cstf1",925,1513,1736,1654,1402,1387,1476,1540
"Cstf2",784,1767,1390,1713,1785,1524,1416,1517
"Cstf2t",1704,3112,3318,3441,3339,3272,3095,3297
"Cstf3",770,1518,1463,1653,1653,1475,1200,1427
"Cstl1",1,1,1,3,4,7,7,1
"Ctage5",693,1962,1460,1678,1870,2126,2181,2183
"Ctbp1",6078,10286,11856,11361,10178,9560,9935,10124
"Ctbp2",657,1207,1136,1289,1270,1258,1244,1185
"Ctbs",203,434,363,380,435,417,375,343
"Ctc1",1264,2316,2320,2371,2312,2161,2040,2071
"Ctcf",1811,3431,3022,3650,3647,3303,3196,3389
"Ctdnep1",2407,4752,4565,4359,4346,4789,4754,4624
"Ctdp1",1004,1878,2052,1982,1935,1700,2003,2038
"Ctdsp1",2773,5172,5077,4797,4919,4985,5120,4927
"Ctdsp2",7490,13939,12372,12606,13240,14971,15586,13388
"Ctdspl",737,1227,1170,1495,1318,1335,1242,1290
"Ctdspl2",544,1507,962,1268,1230,1293,1176,1200
"Ctf1",120,215,196,188,232,211,189,194
"Ctf2",1,3,3,5,2,4,4,3
"Ctgf",4180,8117,2617,5383,9162,9805,6475,5097
"Cth",43,153,85,76,130,205,460,436
"Cthrc1",456,485,623,805,473,215,134,401
"Ctif",1453,2469,2722,2632,2598,2498,2386,2429
"Ctla2a",336,608,816,621,746,686,459,641
"Ctla2b",51,120,105,80,109,92,68,97
"Ctnna1",16612,28596,32969,32587,29328,28160,25914,25887
"Ctnna3",0,1,4,1,2,4,4,2
"Ctnnal1",415,705,635,806,773,719,684,778
"Ctnnb1",17319,35573,35109,33866,34295,35507,37615,34876
"Ctnnbip1",1008,1675,1746,1801,1546,1418,1490,1460
"Ctnnbl1",883,1706,1826,1657,1565,1506,1594,1533
"Ctnnd1",10131,18775,18925,19813,19316,17879,16714,16032
"Ctnnd2",0,1,2,1,0,0,0,0
"Ctns",682,1530,1699,1330,1503,1780,2058,1804
"Ctps",2790,5011,5714,5597,4997,4666,5757,6202
"Ctps2",1480,3153,3279,3095,3114,3271,3868,3680
"Ctr9",1508,3077,2910,3039,3186,3033,3086,3065
"Ctrb1",327,583,1130,713,564,562,339,381
"Ctrl",3,4,8,6,1,4,12,5
"Ctsa",4241,12961,9640,8463,12127,16994,20656,16208
"Ctsb",20089,57852,47629,41113,54129,72697,95841,78016
"Ctsc",98,150,237,178,163,112,75,147
"Ctsd",21833,57365,50845,42236,54770,67754,72641,60774
"Ctsf",540,1509,1457,1103,1356,1814,2004,1739
"Ctsg",0,0,2,0,2,2,0,1
"Ctsh",368,771,984,748,714,745,855,838
"Ctsk",7,7,16,15,11,24,28,16
"Ctsl",19098,45971,45579,38038,45984,55393,67594,60303
"Ctso",628,1322,1206,1294,1373,1506,1325,1346
"Ctss",1,3,10,3,3,5,3,2
"Ctsw",63,72,87,86,93,57,33,73
"Ctsz",4243,8790,9177,8199,8539,9269,10251,9457
"Cttn",6393,11239,13114,12352,11699,10658,11736,11742
"Cttnbp2nl",1028,2490,1648,2084,2525,2715,2472,2123
"Ctu1",227,410,422,451,354,408,429,445
"Ctu2",314,578,739,651,576,557,638,642
"Ctxn1",222,462,334,402,423,510,471,469
"Ctxn3",208,298,568,446,392,249,188,326
"Cubn",79,152,143,150,171,168,152,138
"Cuedc1",1291,2420,2811,2576,2548,2648,2415,2401
"Cuedc2",1356,2560,2756,2474,2408,2596,2623,2517
"Cul1",2867,6135,5197,6109,6565,6728,5578,5788
"Cul2",981,2458,2025,2245,2352,2464,2071,2259
"Cul3",1667,4521,3217,3822,4047,4241,3529,3747
"Cul4a",3732,7368,8566,7697,7809,7593,8133,8207
"Cul4b",898,2662,1637,2013,2027,2239,1936,2126
"Cul5",718,2375,1439,1754,1857,1939,1731,1834
"Cul7",3249,6091,6394,6122,5653,5352,5371,5083
"Cul9",6,15,12,12,13,17,12,16
"Cuta",815,1628,1647,1555,1501,1666,1683,1603
"Cutal",2,5,4,5,8,2,4,5
"Cutc",131,249,233,255,266,311,287,257
"Cux1",2518,4660,4618,4933,4896,4969,4762,4451
"Cux2",3,1,1,3,2,1,1,0
"Cuzd1",1,0,1,1,0,0,0,0
"Cwc15",1669,3026,3266,3402,3279,3137,3136,3317
"Cwc22",476,1322,734,1171,1108,1197,1018,1169
"Cwc25",733,1452,1587,1469,1539,1395,1498,1536
"Cwc27",304,647,575,785,727,774,698,755
"Cwf19l1",385,664,767,758,663,620,706,756
"Cwf19l2",181,569,377,444,459,479,512,520
"Cwh43",0,1,0,1,1,1,2,4
"Cx3cl1",1837,2923,3328,3408,2831,2410,2483,2782
"Cx3cr1",1,1,0,1,5,0,0,4
"Cxadr",187,474,281,355,468,485,408,363
"Cxcl1",1282,8243,3436,3021,8297,13448,26856,20292
"Cxcl10",47,73,34,63,170,134,164,181
"Cxcl11",1,0,1,1,4,0,1,2
"Cxcl12",8577,25062,16975,17230,25650,35185,43520,34725
"Cxcl13",25,49,40,43,41,39,18,25
"Cxcl14",1676,1743,3329,2819,2432,385,304,2302
"Cxcl15",4,6,11,8,7,12,7,8
"Cxcl16",459,863,877,832,942,884,775,798
"Cxcl2",1,0,0,1,0,0,2,3
"Cxcl3",0,2,0,0,1,1,4,3
"Cxcl5",5522,32975,17984,16030,36387,63693,98076,77555
"Cxcl9",15,26,11,19,27,11,8,14
"Cxcr4",1390,2100,2544,2580,1846,1693,1210,1520
"Cxcr5",27,35,38,36,34,48,38,43
"Cxcr6",16,32,50,41,35,40,26,44
"Cxx1a",180,335,349,317,297,324,281,281
"Cxx1b",219,398,441,428,321,379,391,353
"Cxx1c",170,303,334,325,282,312,281,248
"Cxxc1",1178,2025,2142,2137,2030,1891,2118,2091
"Cxxc5",1852,2887,3492,3604,2970,2731,2459,2619
"Cyb561",16,32,15,26,22,32,38,49
"Cyb561a3",1080,1971,2246,2038,1945,1923,2301,2185
"Cyb561d1",236,392,444,419,434,407,437,495
"Cyb561d2",218,453,409,386,400,429,456,411
"Cyb5a",845,2017,2090,1943,1931,2359,2976,2659
"Cyb5b",5212,9788,10337,10361,10565,10133,10472,10326
"Cyb5d1",418,520,588,560,488,435,473,469
"Cyb5d2",279,671,609,548,609,757,661,625
"Cyb5r1",2009,4654,5341,4170,4415,5624,6360,5911
"Cyb5r2",5,2,5,4,4,3,0,5
"Cyb5r3",16287,29670,33800,31104,28997,28071,26703,26970
"Cyb5r4",715,1334,1188,1225,1369,1349,1244,1340
"Cyb5rl",59,110,160,112,124,112,124,145
"Cyba",1,0,1,4,2,5,5,0
"Cybb",2,44,1,4,22,49,61,31
"Cybrd1",4,4,13,7,3,3,6,6
"Cyc1",3380,6019,7501,6286,5694,5197,5220,5652
"Cycs",2757,3236,4237,3868,3566,3005,2925,3657
"Cyct",0,1,0,0,0,0,1,1
"Cyfip1",3052,5322,5359,5772,5904,5559,5334,5209
"Cyfip2",86,186,558,290,217,139,136,212
"Cygb",21,43,50,34,47,36,28,27
"Cyhr1",2080,4251,4297,3902,3959,4258,4260,3972
"Cyld",2334,5322,4733,5817,5388,5260,4659,5078
"Cym",0,2,0,1,1,0,1,0
"Cyp11a1",55,46,88,76,100,56,45,82
"Cyp11b1",10,13,39,28,21,6,4,22
"Cyp17a1",0,0,2,0,2,0,1,0
"Cyp1a1",3,12,7,16,6,7,20,12
"Cyp1a2",0,0,1,1,0,1,0,0
"Cyp1b1",5972,14180,13061,15453,13278,13286,10685,13670
"Cyp20a1",1204,2232,2049,2119,2287,2294,2486,2356
"Cyp21a1",0,0,0,0,0,1,1,1
"Cyp24a1",1,0,0,1,0,0,0,1
"Cyp26a1",9,25,16,13,17,40,36,18
"Cyp26b1",59,103,88,86,89,108,78,129
"Cyp26c1",1,9,12,1,5,6,6,4
"Cyp27a1",40,64,84,70,79,62,54,65
"Cyp27b1",8,15,23,13,17,25,24,31
"Cyp2ab1",3,2,6,3,3,4,2,4
"Cyp2b13",0,7,8,0,5,4,3,5
"Cyp2c29",0,1,5,1,0,1,0,0
"Cyp2c44",7,22,28,16,18,31,35,17
"Cyp2c50",0,0,1,1,1,1,1,0
"Cyp2c54",0,0,0,0,1,1,1,0
"Cyp2c70",0,1,1,0,1,0,0,1
"Cyp2d22",450,933,929,915,936,1078,1059,941
"Cyp2d26",0,1,1,1,1,3,3,1
"Cyp2d9",0,1,0,0,0,2,3,0
"Cyp2e1",1,6,2,4,5,8,1,2
"Cyp2f2",20,112,32,27,124,167,157,76
"Cyp2j13",3,2,2,3,1,0,2,0
"Cyp2j6",113,239,298,272,295,334,371,344
"Cyp2j9",9,20,19,20,11,19,18,23
"Cyp2s1",9,18,13,17,12,13,7,8
"Cyp2t4",4,7,5,7,5,9,8,7
"Cyp2u1",63,107,153,103,139,103,126,148
"Cyp39a1",809,1648,1475,1616,1651,1871,1782,1553
"Cyp3a11",2,1,3,5,6,6,5,1
"Cyp3a13",5,35,15,16,37,54,54,27
"Cyp3a41a",3,4,2,7,9,7,1,8
"Cyp46a1",57,98,118,108,98,103,79,94
"Cyp4a10",0,1,0,1,0,0,1,0
"Cyp4a12b",0,0,0,1,0,1,1,0
"Cyp4f13",102,271,187,216,288,301,309,267
"Cyp4f14",4,5,1,4,1,5,2,2
"Cyp4f16",361,652,584,647,645,621,649,694
"Cyp4f17",103,234,231,184,253,253,278,279
"Cyp4f37",0,2,1,0,0,1,0,0
"Cyp4f41-ps",2,1,7,1,2,5,3,0
"Cyp4v3",272,728,595,568,690,878,930,830
"Cyp51",4813,8543,7637,8083,8920,8741,8046,7829
"Cyp7b1",3,6,7,6,9,13,19,12
"Cyr61",16058,22883,16687,24253,26827,20601,14067,18213
"Cys1",75,107,162,140,133,127,88,106
"Cysltr1",1,0,1,1,0,1,0,0
"Cysrt1",0,1,0,1,1,2,2,1
"Cystm1",60,98,85,70,112,108,97,92
"Cyth1",621,1243,1327,1244,1277,1247,1296,1228
"Cyth2",1308,2607,2257,2331,2554,2464,2411,2243
"Cyth3",2214,4555,5102,4925,4876,5422,5486,4380
"Cyth4",0,0,0,0,0,2,2,3
"Cytip",1,2,0,1,1,0,0,1
"Cyyr1",1,1,1,2,1,1,1,0
"D030025P21Rik",22,36,31,44,35,36,39,46
"D030028A08Rik",50,101,127,105,127,99,145,146
"D030040B21Rik",1,2,4,6,3,3,4,1
"D030047H15Rik",0,0,3,2,1,0,3,4
"D030056L22Rik",379,740,784,747,703,632,750,831
"D030068K23Rik",0,2,0,0,1,0,0,1
"D10Jhu81e",865,1890,1932,1676,1624,1813,1830,1681
"D10Wsu102e",1387,2407,2479,2491,2449,2158,2186,2377
"D11Wsu47e",397,792,742,717,789,745,731,769
"D130017N08Rik",30,89,98,72,98,102,111,98
"D130020L05Rik",19,31,35,40,31,38,36,33
"D130040H23Rik",4,5,2,6,4,5,4,2
"D130043K22Rik",1,1,3,3,4,1,0,2
"D14Ertd670e",0,0,2,0,0,2,2,1
"D15Ertd621e",2934,6656,5136,6423,6967,6827,6454,6464
"D16Ertd472e",217,626,407,556,569,539,577,670
"D17H6S53E",352,626,753,688,589,538,609,574
"D17H6S56E-5",7070,7777,7521,10350,8249,3407,2281,5895
"D17Wsu92e",3344,6908,6710,6205,6925,6845,7960,7240
"D19Bwg1357e",1437,2705,2866,3091,2925,2722,2752,2940
"D1Ertd622e",441,806,828,818,880,830,844,867
"D230025D16Rik",678,1436,1460,1321,1362,1440,1613,1571
"D2hgdh",219,386,431,396,378,381,394,391
"D2Wsu81e",395,585,692,670,617,544,651,674
"D330023K18Rik",11,48,48,38,33,49,55,53
"D330041H03Rik",15,9,23,22,16,13,16,12
"D330045A20Rik",13,61,26,39,36,37,32,29
"D330050G23Rik",3,7,7,3,1,5,3,4
"D330050I16Rik",7,12,20,11,12,21,18,24
"D3Ertd254e",214,656,383,501,494,585,527,523
"D3Ertd751e",48,118,97,109,104,112,95,123
"D430019H16Rik",4,1,2,7,6,2,1,5
"D430020J02Rik",149,256,191,250,219,157,152,211
"D430036J16Rik",0,7,4,5,4,5,2,7
"D430041D05Rik",15,31,18,18,23,14,9,22
"D430042O09Rik",422,882,793,803,928,1044,1118,977
"D4Ertd617e",0,2,1,1,2,0,0,1
"D5Ertd579e",1663,3805,3074,3559,4152,4145,3759,3529
"D5Ertd605e",11,30,17,19,25,25,26,26
"D5Ertd615e",6,35,9,14,23,43,25,13
"D630003M21Rik",44,58,94,94,81,36,24,55
"D630010B17Rik",2,2,0,3,6,1,3,5
"D630023F18Rik",2,1,3,4,5,2,1,2
"D630024D03Rik",2,5,3,3,0,3,3,8
"D630029K05Rik",2,15,10,9,11,15,11,14
"D630033O11Rik",1,2,0,2,0,0,1,0
"D630039A03Rik",2,4,2,3,1,5,3,1
"D630045J12Rik",323,556,531,621,612,550,589,592
"D630045M09Rik",0,1,6,1,3,0,1,1
"D6Ertd527e",1,1,1,5,3,5,5,3
"D6Wsu163e",463,883,920,893,891,961,1044,1111
"D730005E14Rik",2,2,8,3,4,6,4,2
"D7Ertd143e",0,1,0,0,1,0,0,1
"D7Ertd443e",3,1,2,3,1,0,0,4
"D830013O20Rik",5,4,2,8,2,7,2,5
"D830031N03Rik",303,1040,533,744,954,681,773,634
"D830046C22Rik",6,13,12,7,8,10,7,13
"D8Ertd738e",2870,5434,5875,5508,5187,4851,5371,5569
"D8Ertd82e",619,843,899,952,869,605,496,886
"D930007P13Rik",13,35,41,33,35,35,36,47
"D930015E06Rik",844,1962,1716,1793,2052,2231,2364,2095
"D930015M05Rik",4,9,8,10,8,4,7,5
"D930016D06Rik",55,221,163,163,180,243,202,250
"D930048N14Rik",10,29,22,26,27,20,23,33
"Daam1",894,2435,1355,1866,2742,3154,2437,1942
"Daam2",1794,3268,4656,3862,3334,3113,2645,3089
"Dab2",1850,4863,4075,4322,5204,6644,8498,6858
"Dab2ip",2453,5669,4658,4644,5530,6669,6511,5029
"Dact1",331,631,779,697,691,714,628,630
"Dact2",201,481,401,385,502,600,736,601
"Dact3",212,481,508,411,412,442,412,423
"Dad1",2663,5218,5437,5151,5020,5237,5415,5273
"Dag1",18075,33825,35730,34238,33884,33282,29664,30572
"Dagla",486,948,824,905,980,931,1006,890
"Daglb",403,808,736,764,773,872,981,840
"Dalrd3",356,715,596,607,680,768,763,674
"Dancr",31,68,98,82,62,69,78,90
"Dand5",80,181,172,167,192,227,230,206
"Dap",7654,14265,13975,14307,13707,13927,13101,12503
"Dap3",1578,2699,2725,2780,2611,2659,2601,2798
"Dapk1",11,23,24,19,31,29,29,27
"Dapk2",1970,3170,3533,3309,3156,2721,1963,2498
"Dapk3",956,1887,1864,1671,1857,1841,1669,1744
"Dapp1",37,70,66,68,57,43,45,58
"Dars",3805,7794,7257,8375,8179,8472,6853,7573
"Dars2",638,1216,1248,1179,1203,1109,1131,1199
"Daxx",831,1438,1565,1554,1536,1428,1479,1500
"Dazap1",1726,2748,2893,3049,2833,2493,2371,2608
"Dazap2",6332,12468,13154,12381,13114,14003,15327,14316
"Dbf4",604,1006,779,1102,951,689,610,876
"Dbh",83,131,315,234,123,104,66,118
"Dbhos",0,1,3,1,0,0,0,3
"Dbi",1931,3798,3959,3546,3632,3727,3679,3577
"Dbil5",2,7,9,7,5,7,6,9
"Dbn1",4760,8991,9922,9268,8785,8132,7538,7659
"Dbndd1",95,202,170,146,217,213,196,213
"Dbndd2",685,1172,1142,1181,1220,1033,1095,1133
"Dbnl",2396,4942,4924,4615,4756,4866,5253,4848
"Dbp",188,335,429,349,277,288,184,184
"Dbr1",428,731,763,838,774,671,711,792
"Dbt",345,799,677,788,734,737,669,761
"Dcaf10",947,2141,1861,1974,2191,2053,1946,1915
"Dcaf11",866,1838,2046,1766,1842,1980,2090,1992
"Dcaf12",2199,4274,4544,4366,4182,4404,4679,4542
"Dcaf13",1548,2817,3163,2943,3039,2844,2706,3004
"Dcaf15",1249,2065,1813,2104,2033,1896,1917,1986
"Dcaf17",182,577,382,413,509,473,486,489
"Dcaf4",386,852,855,752,733,827,816,790
"Dcaf5",2062,3826,4147,4063,4068,4037,3908,3855
"Dcaf6",1636,3073,3128,2942,3240,3164,2909,2938
"Dcaf7",3378,6086,6198,6330,6019,5451,5917,6010
"Dcaf8",5022,9530,11356,10226,9548,9262,9640,9475
"Dcakd",3297,5512,5624,5727,5393,4893,4329,4505
"Dcbld1",192,364,328,363,334,267,280,315
"Dcbld2",1919,3717,2987,3847,4257,4239,4058,3819
"Dcdc2b",319,350,422,366,360,372,367,370
"Dcdc2c",0,0,1,1,0,1,0,1
"Dchs1",235,556,525,506,523,585,722,641
"Dck",944,1415,1027,1550,1454,886,695,1128
"Dclk1",7365,20227,16616,17868,17570,18358,13369,16090
"Dclk2",154,315,243,273,315,298,318,278
"Dclk3",2,1,1,5,2,0,0,1
"Dclre1a",317,707,538,683,740,793,764,721
"Dclre1b",226,329,334,359,311,266,306,334
"Dclre1c",151,342,245,285,310,316,291,307
"Dcn",935,3539,1638,2060,4540,6966,7689,5705
"Dcp1a",753,1476,1540,1557,1525,1576,1559,1517
"Dcp1b",95,198,172,198,211,263,232,212
"Dcp2",371,1042,719,931,838,809,724,783
"Dcps",923,1600,1670,1663,1500,1470,1604,1668
"Dcst1",9,17,9,18,24,23,28,20
"Dctd",276,469,479,524,535,504,564,608
"Dctn1",4062,7799,7760,7614,7398,7330,7271,6984
"Dctn2",4569,8894,9949,8911,8740,8817,8752,8613
"Dctn3",1007,1895,1947,1835,1835,1820,1855,1844
"Dctn4",2049,3977,4053,4136,4139,4394,4137,4134
"Dctn5",1269,2291,2460,2320,2345,2273,2326,2384
"Dctn6",1175,2185,2682,2486,2362,2465,2593,2494
"Dctpp1",281,464,481,480,426,321,334,399
"Dcun1d1",549,1343,810,1013,1001,1124,959,1043
"Dcun1d2",830,1588,1755,1612,1635,1694,1795,1817
"Dcun1d3",610,1145,1258,1261,1257,1218,1176,1280
"Dcun1d4",298,738,775,743,824,886,816,871
"Dcun1d5",1291,2194,2549,2480,2401,2267,2191,2434
"Dcx",8,13,17,12,13,1,1,17
"Dcxr",209,407,518,405,409,429,528,496
"Dda1",1732,3211,3311,3140,3238,3198,3194,3239
"Ddah1",1682,2559,2540,2952,2580,2086,1672,2231
"Ddah2",2078,4415,3694,3843,4185,4108,3753,3290
"Ddb1",27644,52918,61690,54689,50826,47636,51563,50829
"Ddb2",59,120,119,127,100,93,124,126
"Ddc",81,123,212,183,119,74,54,99
"Ddhd1",575,1025,1077,1104,1129,979,888,985
"Ddhd2",882,1744,1705,1869,1994,1900,2114,2035
"Ddi2",271,524,516,516,578,477,580,483
"Ddias",158,292,206,274,214,151,124,228
"Ddit3",289,824,895,626,859,1303,3105,2927
"Ddit4",937,1900,1801,1840,1711,1838,2880,2862
"Ddit4l",247,426,505,443,445,285,297,440
"Ddn",9,24,35,23,21,19,18,25
"Ddo",10,12,22,23,18,22,17,20
"Ddost",6597,13680,12862,12331,12263,14193,14781,13344
"Ddr1",3091,5722,6234,5952,5397,5168,4744,4836
"Ddr2",1711,4696,3031,3955,4789,5314,5212,4517
"Ddrgk1",1021,2689,2267,2014,2639,3087,3347,2998
"Ddt",390,863,890,754,733,816,853,775
"Ddx1",4541,8351,9675,9406,8888,7817,7940,8480
"Ddx10",318,983,715,825,827,890,853,968
"Ddx11",313,531,454,582,518,347,310,456
"Ddx17",10160,20305,19217,21214,21488,19874,19908,20230
"Ddx18",1425,2394,2836,2824,2772,2586,2841,3065
"Ddx19a",1020,1602,1624,1755,1632,1564,1590,1628
"Ddx19b",574,997,1051,1166,1196,1059,1059,1076
"Ddx20",650,1174,1104,1186,1190,1058,987,1163
"Ddx21",3716,7225,7787,8462,8149,6879,7355,8375
"Ddx23",4119,7675,8403,7780,7741,7007,7720,7600
"Ddx24",3088,6043,6179,5800,5982,5845,6052,5811
"Ddx25",1,1,0,2,1,0,0,2
"Ddx26b",54,186,144,164,203,218,238,212
"Ddx27",1455,2622,2969,2921,2840,2541,3019,3243
"Ddx28",382,742,784,724,724,734,760,775
"Ddx31",337,604,764,679,643,588,675,729
"Ddx39",2151,3426,4187,3839,3424,2949,3232,3572
"Ddx39b",4249,6367,7463,7450,6217,5308,5479,6205
"Ddx3x",8234,21661,15209,19987,20504,21583,19122,19489
"Ddx4",0,0,0,1,1,3,2,0
"Ddx41",758,1468,1595,1416,1399,1425,1484,1422
"Ddx42",2441,4460,4577,5062,5052,4847,4727,4864
"Ddx46",1083,3321,2370,2943,3113,3108,3008,2941
"Ddx47",1401,2681,3006,2675,2600,2373,2493,2619
"Ddx49",640,1186,1278,1181,1026,1035,1185,1142
"Ddx5",21664,41686,31232,41245,46181,45833,38116,39628
"Ddx50",2054,4284,3696,4518,4569,4849,4229,4307
"Ddx51",815,1514,1677,1536,1587,1349,1594,1584
"Ddx52",968,1883,1585,1805,1985,1991,1791,1948
"Ddx54",1901,3691,3901,3605,3541,3393,3873,3749
"Ddx55",220,412,403,445,443,433,454,512
"Ddx56",1177,2168,2724,2384,2070,2001,2269,2251
"Ddx58",658,1086,921,1274,1349,950,871,1043
"Ddx59",300,580,538,525,632,644,645,583
"Ddx6",4811,11122,9589,11189,11186,10705,9993,9691
"Ddx60",25,51,28,38,69,73,42,43
"Deaf1",347,662,623,598,621,640,610,627
"Dear1",1,0,1,1,0,1,0,1
"Deb1",178,340,492,387,373,346,407,437
"Decr1",1423,2669,2794,2658,2677,2610,2465,2697
"Decr2",236,518,387,421,525,586,513,463
"Dedd",1042,1887,2027,1970,1820,1832,1904,1977
"Dedd2",119,261,313,235,305,322,373,304
"Def6",178,267,216,283,240,218,234,257
"Def8",890,1604,1693,1624,1594,1527,1592,1599
"Defb25",8,12,29,14,15,26,22,17
"Defb28",1,1,2,1,3,0,0,1
"Defb30",3,0,0,3,1,0,0,0
"Defb36",3,3,4,3,1,1,2,2
"Defb41",15,44,27,23,58,36,35,26
"Defb42",7,7,5,14,10,13,13,10
"Defb47",2,1,1,3,4,1,0,1
"Degs1",3631,7284,8097,7205,7099,7807,9166,8420
"Degs2",22,47,51,64,47,36,59,53
"Dek",679,1876,1052,1502,1376,1274,1172,1513
"Dennd1a",620,1364,1093,1160,1339,1366,1461,1397
"Dennd1b",219,666,400,488,492,576,444,552
"Dennd2a",982,1974,1793,1767,1986,1895,2112,1876
"Dennd2c",160,300,368,342,320,304,300,320
"Dennd2d",14,18,11,19,14,31,39,26
"Dennd3",93,168,124,156,181,146,161,149
"Dennd4a",371,1080,517,829,951,1066,935,930
"Dennd4b",259,530,495,513,565,580,566,529
"Dennd4c",429,1320,725,951,1143,1128,1132,990
"Dennd5a",3982,7768,7303,7401,8140,8062,8382,7665
"Dennd5b",472,1163,915,1014,1137,1051,852,984
"Dennd6a",739,1630,1330,1617,1667,1674,1485,1577
"Dennd6b",115,238,186,211,235,246,238,226
"Denr",1747,3029,3594,3626,3388,3103,2931,3537
"Depdc1a",171,339,179,268,201,155,103,206
"Depdc1b",170,246,282,309,228,122,82,157
"Depdc5",711,1303,1371,1331,1451,1336,1443,1298
"Depdc7",183,339,350,345,329,255,322,363
"Deptor",3391,8683,6732,8652,8267,8399,6142,6253
"Dera",448,831,832,770,867,772,714,697
"Derl1",4514,9500,8472,7946,9176,10622,10879,9670
"Derl2",1409,2738,2530,2705,2868,2914,2833,2812
"Derl3",3,7,19,8,8,12,8,9
"Des",31920,66148,73563,59941,65263,67414,60596,56158
"Desi1",1813,3201,3601,3255,3136,3225,3366,3598
"Desi2",2097,3681,4174,4388,4207,4107,3947,4161
"Det1",216,421,429,405,415,438,539,474
"Dexi",424,852,869,835,791,869,825,836
"Dffa",450,906,1002,831,919,893,933,900
"Dffb",66,126,115,130,115,151,140,138
"Dfna5",209,402,423,412,346,421,563,530
"Dfnb59",0,4,1,1,0,3,5,2
"Dgat1",616,1316,1388,1228,1232,1460,1555,1390
"Dgat2",137,391,285,236,313,497,433,374
"Dgcr14",585,1095,1194,1129,1118,1020,1016,1049
"Dgcr2",2521,5016,4749,4668,4751,4714,5141,4940
"Dgcr6",567,1050,1153,1111,1042,995,1064,1076
"Dgcr8",1016,1749,1946,1902,1942,1727,1930,1934
"Dgka",806,1420,1496,1582,1531,1378,1338,1371
"Dgkd",1649,3180,3441,3000,3254,3196,3392,3339
"Dgke",170,357,332,363,389,355,324,327
"Dgkeos",0,2,3,0,2,0,5,1
"Dgkg",20,34,14,30,41,43,24,23
"Dgkh",27,64,65,47,54,62,69,65
"Dgki",0,2,2,0,3,0,0,0
"Dgkq",244,537,555,495,497,499,657,565
"Dgkz",1639,2945,3366,3159,2977,2634,2547,2647
"Dguok",401,761,814,802,742,749,786,833
"Dhcr24",3147,6922,6396,5535,6853,7507,6904,5806
"Dhcr7",1020,1959,2098,1822,2010,2087,2065,1981
"Dhdds",1340,2703,2496,2417,2502,2589,2747,2630
"Dhdh",7,24,22,19,23,30,29,36
"Dhfr",433,603,530,729,588,352,305,491
"Dhh",7,6,7,16,7,8,8,10
"Dhodh",263,457,577,583,541,463,558,609
"Dhps",1244,2488,2880,2465,2415,2743,3626,3258
"Dhrs1",1598,3264,3218,3010,3129,3087,3499,3264
"Dhrs11",111,196,251,219,232,222,220,177
"Dhrs13",151,232,235,238,240,222,208,222
"Dhrs2",2,2,2,3,0,0,0,2
"Dhrs3",436,1023,661,779,933,1258,1267,1072
"Dhrs4",339,622,587,581,622,570,556,559
"Dhrs7",679,1902,1601,1400,1778,2426,2993,2470
"Dhrs7b",597,1299,1151,1111,1280,1285,1252,1291
"Dhrs7c",253,321,716,462,392,281,215,419
"Dhrs9",21,56,26,41,46,55,59,42
"Dhtkd1",80,227,219,194,238,258,275,213
"Dhx15",4824,8353,9204,10118,9276,8140,8143,9321
"Dhx16",1089,2327,2152,2028,2186,2300,2378,2198
"Dhx29",1156,1993,2384,2580,2428,2136,2182,2439
"Dhx30",1482,2926,2964,2816,2849,2670,3085,2948
"Dhx32",905,1669,1860,1692,1783,1767,1662,1538
"Dhx33",1093,1994,2030,2168,2255,2197,2224,2204
"Dhx34",277,604,558,532,557,552,576,539
"Dhx35",422,869,831,796,849,813,871,869
"Dhx36",1132,3145,2207,2792,2661,2957,2635,2908
"Dhx37",541,1221,1181,1033,1137,1119,1300,1172
"Dhx38",1368,2421,2372,2440,2430,2280,2326,2227
"Dhx40",987,2076,1691,2115,2228,2496,2235,2144
"Dhx57",771,1541,1404,1591,1713,1680,1671,1565
"Dhx58",75,120,96,114,138,98,105,108
"Dhx8",1178,2459,2435,2284,2387,2336,2538,2374
"Dhx9",3833,8790,8188,9592,9276,7627,8472,8968
"Diablo",963,1934,2093,1845,1748,1861,1852,1940
"Diap1",1600,3152,2846,3005,3436,3781,4043,3405
"Diap2",189,627,384,451,562,560,504,555
"Diap3",658,1230,771,1174,1072,660,561,753
"Dicer1",1011,2070,1823,2280,2305,2018,1933,2019
"Dido1",1377,2921,2682,3087,3127,2929,3001,3070
"Diexf",636,1105,1368,1310,1141,1044,1214,1265
"Dimt1",480,849,844,932,896,779,808,972
"Dio2",458,1425,1078,940,1273,1116,716,1190
"Dio3",5,3,6,8,3,1,1,8
"Dio3os",6,4,4,9,3,0,1,5
"Dip2a",1276,2439,2160,2385,2625,2357,2776,2672
"Dip2b",721,1256,1208,1381,1460,1390,1386,1277
"Dip2c",1151,2273,2242,2371,2535,2603,2511,2546
"Diras1",27,73,43,47,62,78,62,51
"Diras2",63,207,80,127,174,266,243,157
"Dirc2",978,2214,2280,2057,2105,2307,2409,2213
"Dis3",805,1419,1408,1653,1499,1153,1043,1333
"Dis3l",664,1326,1244,1235,1320,1315,1310,1325
"Dis3l2",514,994,1196,1006,1055,989,1055,1051
"Disc1",9,4,8,11,4,5,2,5
"Disp1",1304,2269,2178,2448,2354,2049,1957,1996
"Disp2",14,34,20,25,33,29,23,19
"Dixdc1",198,462,493,563,408,485,462,472
"Dkc1",525,1224,1254,1297,1109,750,805,1101
"Dkk2",88,223,97,151,188,133,106,109
"Dkk3",847,1526,1952,2002,1662,1619,1864,1843
"Dkkl1",1,1,1,1,1,3,2,1
"Dlat",2335,4624,5240,4799,4897,5057,5266,5168
"Dlc1",1193,1951,1717,2169,1820,1707,1542,1632
"Dld",2969,6401,6145,6911,6763,7051,6051,6565
"Dlec1",1,9,3,5,7,9,8,8
"Dleu2",48,137,83,86,133,181,155,123
"Dlg1",2176,4755,3590,4844,4778,4744,4022,4393
"Dlg2",22,50,40,44,42,37,27,47
"Dlg3",531,977,1134,1164,1086,1017,1079,1104
"Dlg4",1087,2109,1934,2057,2072,1826,1880,1861
"Dlg5",1658,3141,3079,3255,3350,3158,3504,3400
"Dlgap1",14,31,25,22,30,46,34,24
"Dlgap2",10,41,17,17,42,59,46,27
"Dlgap4",3680,6649,8395,6885,7134,7226,6076,6532
"Dlgap5",728,1233,916,1371,1214,624,455,743
"Dlk2",20,27,46,46,34,14,12,23
"Dll1",958,1397,1991,1839,1502,1263,839,1103
"Dll4",2,1,0,2,3,3,1,4
"Dlst",5223,8862,11315,10496,9104,8172,8576,9012
"Dlx1",21,35,56,56,43,34,40,42
"Dlx1as",1,4,4,6,4,4,5,7
"Dlx2",64,93,137,127,89,95,89,124
"Dlx3",327,560,316,479,578,578,445,400
"Dlx4",24,28,26,37,36,45,53,50
"Dmap1",535,1010,1012,986,977,980,975,933
"Dmbt1",0,0,1,2,1,0,0,0
"Dmbx1",76,101,111,110,122,109,90,59
"Dmc1",0,1,1,0,0,0,0,1
"Dmd",11,25,38,19,32,26,10,32
"Dmp1",127,147,225,243,158,45,28,86
"Dmpk",4136,8015,8591,7921,8341,7759,6540,6395
"Dmr",1,0,0,1,2,1,1,0
"Dmrt1",1,0,1,1,0,0,0,0
"Dmrt2",184,301,402,382,307,250,267,328
"Dmrta2",262,471,447,453,450,433,407,476
"Dmrtc1a",1,0,0,1,0,0,2,0
"Dmtf1",559,1544,1011,1370,1421,1566,1348,1367
"Dmtn",39,68,54,59,76,76,72,63
"Dmwd",1209,2369,2611,2219,2330,2341,2125,2264
"Dmxl1",299,1036,483,627,768,928,870,910
"Dmxl2",80,244,130,191,281,234,214,229
"Dna2",128,193,162,204,202,99,78,162
"Dnaaf1",0,1,0,0,0,1,1,1
"Dnaaf2",342,487,544,583,458,368,368,490
"Dnaaf3",40,55,36,55,52,47,37,38
"Dnaaf5",617,1340,1288,1187,1246,1320,1386,1248
"Dnah1",5,15,12,14,5,10,13,11
"Dnah10",7,17,5,9,22,24,16,15
"Dnah11",0,2,0,0,0,1,1,1
"Dnah17",38,68,102,94,60,66,111,104
"Dnah2",19,30,28,32,26,33,27,34
"Dnah5",0,1,0,0,0,4,2,0
"Dnah6",15,23,13,21,19,33,24,18
"Dnah7a",1,0,4,2,0,2,2,2
"Dnah7b",0,3,3,2,4,0,4,4
"Dnah8",4,5,6,4,2,1,1,1
"Dnaic1",20,69,54,51,69,84,65,24
"Dnaic2",32,72,53,55,61,74,54,64
"Dnaja1",4659,7684,7690,8144,8853,8240,7062,7761
"Dnaja2",8680,14531,17695,17503,15652,14887,14285,16193
"Dnaja3",1379,2735,3154,2825,2706,2841,3263,3241
"Dnaja4",766,1553,1686,1432,1595,1661,1652,1746
"Dnajb1",2936,4965,5599,5497,4855,4575,4994,5218
"Dnajb11",3283,6767,6909,6310,6881,8285,8422,7877
"Dnajb12",1362,2578,2435,2438,2521,2570,2724,2589
"Dnajb13",23,14,15,26,14,9,4,8
"Dnajb14",122,266,263,244,272,292,247,256
"Dnajb2",1288,2712,3086,2646,2637,2827,2888,2918
"Dnajb4",1541,3368,3651,3986,3571,3948,3226,3251
"Dnajb5",895,1473,1919,1603,1580,1374,1041,1418
"Dnajb6",3314,5639,6192,5976,6364,6380,6981,6892
"Dnajb9",1054,2747,2231,2364,2986,4484,4242,3382
"Dnajc1",651,1664,1297,1456,1614,1725,1731,1699
"Dnajc10",5393,11326,9440,11452,11744,12344,10774,10863
"Dnajc11",1737,3366,3621,3242,3391,3117,3264,3204
"Dnajc12",97,184,206,188,235,233,213,213
"Dnajc13",1555,4603,3125,3952,4357,4543,4458,4134
"Dnajc14",2074,3833,3800,3784,3959,3798,4166,3868
"Dnajc15",474,861,1017,907,894,884,861,814
"Dnajc16",614,1306,1306,1148,1328,1243,1271,1303
"Dnajc17",183,295,341,308,297,283,249,291
"Dnajc18",832,1576,1707,1634,1602,1655,1727,1747
"Dnajc19",266,504,604,534,503,504,555,564
"Dnajc2",618,1447,1329,1504,1460,1437,1294,1586
"Dnajc21",598,1735,954,1317,1535,1740,1382,1339
"Dnajc22",39,29,40,43,38,35,22,26
"Dnajc24",289,516,534,538,507,522,468,491
"Dnajc25",667,1253,1173,1303,1381,1464,1355,1337
"Dnajc27",280,511,505,526,595,521,536,543
"Dnajc28",123,272,241,271,266,315,290,294
"Dnajc3",1701,5047,2850,3956,4897,6399,5225,4354
"Dnajc30",250,411,492,420,436,494,520,495
"Dnajc4",210,385,453,422,411,409,411,436
"Dnajc5",3225,6109,6271,5943,6339,6373,6436,6034
"Dnajc5b",0,0,0,0,0,2,1,1
"Dnajc6",6,10,14,12,15,24,16,9
"Dnajc7",2169,3806,4250,4458,4392,4080,3750,4317
"Dnajc8",2481,4809,5792,5050,5139,5038,5270,5570
"Dnajc9",1330,1838,1984,2317,1957,1257,1146,1713
"Dnal1",1141,2407,2192,2410,2539,2303,1920,2013
"Dnal4",898,1813,1728,1589,1740,1928,1897,1643
"Dnali1",7,13,6,15,11,17,22,13
"Dnase1",46,72,113,96,98,77,91,87
"Dnase1l1",491,984,893,946,971,1136,1281,1093
"Dnase1l2",19,52,43,39,35,52,40,39
"Dnase1l3",455,651,1447,941,721,660,461,786
"Dnase2a",832,1890,1930,1718,1770,2221,2641,2153
"Dnd1",18,16,38,38,24,22,30,24
"Dner",2,2,5,4,3,3,4,8
"Dnlz",667,1241,1220,1180,1197,1210,1232,1199
"Dnm1",1700,3602,3087,3354,3400,3830,3918,3417
"Dnm1l",1447,3717,3007,3434,3110,3382,2950,3231
"Dnm2",2863,5840,5874,5425,5576,5816,6300,5971
"Dnm3",79,134,169,149,131,106,81,135
"Dnm3os",210,979,617,637,818,1060,1232,1117
"Dnmbp",749,1412,1499,1466,1422,1284,1383,1260
"Dnmt1",2758,4319,4331,4929,4176,2832,3374,3983
"Dnmt3a",471,945,986,980,1085,892,817,959
"Dnmt3b",67,107,92,119,122,127,125,124
"Dnmt3l",0,3,0,1,4,9,12,21
"Dnpep",2033,4238,3762,3754,4141,4682,4418,3708
"Dnph1",214,372,372,358,348,262,298,337
"Dnttip1",871,1465,1576,1613,1525,1512,1558,1451
"Dnttip2",1056,2285,1973,2333,2332,2300,2028,2304
"Doc2a",148,180,207,208,199,185,199,205
"Doc2b",162,347,325,275,311,385,347,345
"Doc2g",48,83,79,86,63,78,87,80
"Dock1",1012,1977,1768,2059,2123,2024,2116,2022
"Dock10",21,71,16,33,60,41,18,43
"Dock11",246,787,327,468,631,767,689,626
"Dock2",1,1,2,2,1,3,3,1
"Dock3",0,2,3,1,2,5,6,4
"Dock4",125,399,267,350,365,410,432,380
"Dock5",1437,2794,2660,2885,3060,2818,2955,2916
"Dock6",793,1569,1273,1367,1511,1519,1423,1370
"Dock7",2665,6187,5010,6376,6140,5963,5751,5826
"Dock8",52,71,62,72,77,76,59,58
"Dock9",541,1343,926,1035,1428,1460,1477,1244
"Dohh",802,1344,1685,1485,1340,1293,1467,1502
"Dok1",923,1680,1673,1616,1639,1417,1507,1641
"Dok2",2,4,10,3,3,5,4,2
"Dok3",5,10,16,9,15,16,15,9
"Dok4",573,858,1147,1044,740,720,921,1011
"Dok5",1,3,3,3,2,2,1,2
"Dok6",0,0,1,1,2,0,1,0
"Dok7",553,940,1060,899,999,905,654,752
"Dolk",500,1040,1217,1062,1004,977,1101,1024
"Dolpp1",307,550,599,612,545,455,472,534
"Donson",275,458,427,495,440,312,304,460
"Dopey1",318,864,583,773,834,770,755,809
"Dopey2",1351,2572,2518,2506,2372,2505,2174,2133
"Dos",237,480,384,390,414,441,465,403
"Dot1l",905,1644,1487,1591,1810,1449,1439,1498
"Dpagt1",867,1783,1760,1591,1686,1915,2212,1973
"Dpcd",393,759,881,783,705,710,747,760
"Dpcr1",2,3,1,2,1,2,2,1
"Dpep1",227,376,697,489,389,306,282,393
"Dpep2",8,22,13,13,17,21,31,26
"Dpf1",67,117,130,135,142,99,84,110
"Dpf2",2086,3697,3893,3758,3447,3385,3498,3669
"Dpf3",2,8,10,2,9,8,7,8
"Dph1",186,376,409,341,381,325,444,382
"Dph2",294,576,622,571,584,484,562,609
"Dph3",967,1941,1866,1869,1931,1878,2030,2084
"Dph5",250,425,541,513,496,443,534,579
"Dph6",651,1173,1225,1454,1258,1225,1263,1357
"Dph7",352,589,641,682,625,582,696,686
"Dpm1",18,41,35,45,48,49,52,44
"Dpm2",639,1232,1279,1208,1158,1215,1411,1368
"Dpm3",167,445,447,400,356,393,467,411
"Dpp3",2049,4135,4311,3816,3956,4151,4116,3743
"Dpp6",1,2,5,4,1,2,10,6
"Dpp7",667,1727,1616,1319,1612,2042,2150,1885
"Dpp8",2705,5642,5176,5797,6162,5842,5571,5944
"Dpp9",1670,2941,2865,3008,2962,2883,2919,2997
"Dppa4",0,1,1,0,1,0,0,1
"Dpt",331,461,952,829,541,258,253,474
"Dpy19l1",4236,10066,9785,10510,10425,12075,13801,12408
"Dpy19l3",1159,2312,2494,2584,2517,2346,2545,2358
"Dpy19l4",197,706,357,448,543,545,554,470
"Dpy30",563,960,1061,1029,994,890,990,1046
"Dpyd",21,46,22,47,41,47,23,22
"Dpys",1,0,0,1,0,0,0,2
"Dpysl2",917,1335,1408,1740,1455,1547,1522,1518
"Dpysl3",13998,20182,19778,25564,19297,13445,11131,15061
"Dpysl5",1,1,1,3,1,3,0,2
"Dqx1",10,36,30,24,32,46,37,35
"Dr1",1193,2640,2233,2653,2679,2776,2354,2635
"Dram1",1021,2169,1953,2007,2259,2831,3523,3180
"Dram2",938,2128,2160,2131,2131,2654,2673,2422
"Drap1",2306,4312,4855,4545,4220,4022,4236,4118
"Draxin",10,19,11,15,14,10,21,22
"Drc1",1,1,4,3,4,0,0,1
"Drc7",0,4,2,0,0,2,1,2
"Drg1",2561,4508,5230,4752,4472,4218,4385,4689
"Drg2",1457,2568,2924,2811,2588,2580,2746,2712
"Drosha",1915,3725,3357,3627,3795,3809,3729,3554
"Drp2",2246,3811,4850,4875,3721,3017,2538,3288
"Dsc2",2,0,1,2,1,0,2,3
"Dscam",14,31,31,27,36,31,20,18
"Dscc1",137,150,127,212,153,89,56,117
"Dscr3",1522,3085,3220,2986,3162,3560,3751,3395
"Dse",1995,3898,3477,4434,3912,4058,3713,4057
"Dsel",474,1519,838,1038,1075,1327,1132,1168
"Dsg1b",0,1,0,2,3,0,0,0
"Dsg2",1,0,1,1,0,0,0,0
"Dsg3",11,15,15,22,12,14,17,16
"Dsn1",426,639,589,721,658,539,450,571
"Dsp",8,3,6,11,10,1,5,3
"Dst",4246,14081,7095,9583,14568,15290,13781,11748
"Dstn",8649,14219,16648,16591,13971,12806,13265,14863
"Dstyk",1290,2659,2669,2717,2697,2638,2810,2687
"Dtd1",185,334,376,357,284,312,327,341
"Dtd2",327,638,672,649,641,573,582,572
"Dtl",564,872,584,1031,791,542,425,680
"Dtna",1045,2169,1950,2060,2243,2289,1808,1766
"Dtnb",165,395,262,311,352,429,538,428
"Dtnbp1",1164,2318,2319,2194,2323,2299,2636,2453
"Dtwd1",290,537,667,595,573,517,637,659
"Dtwd2",68,151,119,136,170,146,140,156
"Dtx2",649,1477,1477,1197,1305,1557,1854,1631
"Dtx3",1013,2393,1773,1849,2469,2761,2563,2250
"Dtx3l",563,879,807,1004,989,754,675,832
"Dtx4",1443,3512,3267,2821,3440,4178,3876,3188
"Dtymk",1035,1508,1893,1851,1489,1122,1179,1570
"Duox1",24,100,52,49,91,146,118,67
"Duox2",8,27,26,16,28,26,25,18
"Duoxa1",82,141,191,153,162,175,180,154
"Duoxa2",5,5,9,10,15,2,2,4
"Dupd1",3,5,4,4,1,1,0,2
"Dus1l",727,1472,1445,1328,1397,1321,1405,1368
"Dus2",362,692,782,696,731,683,691,679
"Dus3l",730,1254,1238,1310,1264,1221,1288,1232
"Dus4l",162,329,386,367,319,332,364,461
"Dusp1",1061,2736,1293,1591,2722,3476,2825,1904
"Dusp10",1106,2493,1782,2047,2702,3350,3379,2533
"Dusp11",2815,6469,4420,5912,6902,7224,6065,6036
"Dusp12",449,760,1041,901,789,707,861,948
"Dusp13",182,364,442,311,354,452,325,332
"Dusp14",354,631,884,647,749,679,611,660
"Dusp15",1,1,1,1,1,2,0,0
"Dusp16",572,1216,1024,1064,1341,1501,1557,1322
"Dusp18",1356,2508,2782,2595,2691,2817,2724,2943
"Dusp19",91,191,186,196,212,211,187,217
"Dusp2",55,82,59,70,99,76,48,69
"Dusp22",409,675,818,763,738,643,623,635
"Dusp23",15,32,29,28,48,49,41,46
"Dusp26",2,6,2,1,7,3,5,2
"Dusp27",1870,3503,3468,3189,3658,3659,2706,2782
"Dusp28",205,396,522,396,427,408,363,397
"Dusp3",2323,4801,4609,4158,5020,5448,4792,4421
"Dusp4",540,1471,725,840,1570,1909,2482,1741
"Dusp5",125,191,150,166,209,152,117,149
"Dusp6",1133,1861,1276,1731,1939,1726,1711,1779
"Dusp7",643,1120,1351,1327,1088,1040,980,981
"Dusp8",276,659,396,440,755,799,690,559
"Dusp9",207,303,364,329,310,244,224,261
"Dut",872,1120,1028,1339,1032,786,878,1041
"Dvl1",2899,5314,5865,5427,5379,5027,5110,5296
"Dvl2",956,1889,1697,1724,1744,1969,2036,1772
"Dvl3",986,1797,2067,1905,1824,1678,1792,1860
"Dxo",376,811,821,724,814,813,760,843
"Dydc2",1,0,0,2,0,0,1,0
"Dym",1133,2302,1941,1934,2193,2510,2458,2312
"Dynap",935,1685,2398,1992,1659,1489,1367,1543
"Dync1h1",9419,20944,18598,18466,21068,20863,23906,20284
"Dync1i1",253,677,456,466,682,854,643,352
"Dync1i2",3581,7622,7177,8038,8250,8535,7227,7544
"Dync1li1",2538,4320,5012,4704,4784,4759,5031,5178
"Dync1li2",4648,8820,10460,10178,10102,9918,9740,10049
"Dync2h1",151,595,279,358,475,449,424,440
"Dync2li1",552,1293,1292,1215,1226,1304,1226,1141
"Dynll1",4848,7398,8172,8181,7252,6719,5791,6446
"Dynll2",2681,5093,5622,5209,5033,4329,4728,4819
"Dynlrb1",2770,5273,5940,5588,5077,5270,5261,5368
"Dynlrb2",0,0,1,1,1,1,0,1
"Dynlt1a",108,47,53,56,57,50,31,39
"Dynlt1b",484,430,442,382,403,415,505,449
"Dynlt1f",16,19,26,18,30,39,15,20
"Dynlt3",2079,6651,4496,5781,5720,6810,5153,5201
"Dyrk1a",1890,3540,3375,3674,3850,3798,3598,3517
"Dyrk1b",334,737,607,579,686,712,743,697
"Dyrk2",780,1820,1444,1504,1834,1565,1306,1427
"Dyrk3",118,221,271,249,267,216,312,256
"Dyrk4",0,2,0,0,0,2,3,0
"Dysf",1528,2875,3188,2796,2775,2769,2282,2464
"Dyx1c1",8,16,14,18,15,27,22,16
"Dzank1",11,47,24,23,41,46,43,36
"Dzip1",331,704,644,752,774,851,903,823
"Dzip1l",640,1127,1184,1237,1182,1037,1097,1250
"Dzip3",258,789,577,588,603,629,633,687
"E030003E18Rik",2,1,0,1,2,1,0,1
"E030011O05Rik",48,113,72,84,103,98,106,120
"E030024N20Rik",16,46,55,46,38,40,37,43
"E030030I06Rik",14,49,30,32,40,46,51,35
"E130006D01Rik",3,0,0,1,1,1,0,0
"E130012A19Rik",59,88,75,86,86,54,68,74
"E130018N17Rik",2,0,1,2,0,0,0,1
"E130102H24Rik",14,50,54,53,40,55,92,95
"E130112N10Rik",21,33,26,38,41,25,29,21
"E130307A14Rik",83,172,147,190,187,181,179,158
"E130308A19Rik",140,316,258,299,358,319,326,314
"E130309D02Rik",576,1026,978,990,935,891,965,968
"E130309D14Rik",0,1,3,2,4,2,5,6
"E130310I04Rik",2,3,3,1,2,6,2,2
"E130311K13Rik",190,383,345,365,461,462,383,402
"E130317F20Rik",66,95,120,120,95,69,76,101
"E230013L22Rik",17,22,13,19,15,21,46,27
"E230016K23Rik",2,6,4,6,12,5,3,5
"E230016M11Rik",14,23,22,22,17,24,39,31
"E230025N22Rik",17,25,20,22,29,35,35,28
"E2f1",614,1292,964,1072,1173,1246,1257,1134
"E2f2",1833,3415,2790,2888,3511,3161,2391,2597
"E2f3",793,1593,1450,1643,1645,1531,1441,1542
"E2f4",1077,2019,1975,2034,1938,1972,1803,1841
"E2f5",306,465,487,604,603,483,463,593
"E2f6",987,1616,2148,1990,1842,1742,1759,1980
"E2f7",741,931,703,1190,995,481,361,708
"E2f8",1077,1418,1444,1760,1570,889,658,1259
"E330009J07Rik",16,44,35,33,51,28,42,28
"E330011O21Rik",10,8,3,12,13,20,12,8
"E330013P04Rik",0,0,0,2,0,1,1,0
"E330033B04Rik",1,13,25,21,16,21,22,29
"E430016F16Rik",5,6,2,5,10,4,4,6
"E430018J23Rik",112,218,278,202,240,221,250,242
"E430025E21Rik",3395,7405,6751,6830,7927,9242,9648,8470
"E4f1",379,771,708,727,793,779,820,695
"E530011L22Rik",28,38,83,63,50,38,45,44
"Eaf1",1892,3530,3876,3745,3866,3913,4503,4483
"Eaf2",9,40,24,22,23,26,32,29
"Eapp",981,1753,1736,1770,1823,1843,1795,1758
"Ears2",275,526,584,551,537,571,528,534
"Ebag9",549,1055,1008,1134,1088,1133,1095,1205
"Ebf1",318,880,460,661,846,891,780,646
"Ebf3",438,911,731,1065,1047,930,866,813
"Ebf4",0,1,6,1,2,1,4,5
"Ebna1bp2",1393,2539,3282,2934,2779,2471,2853,3107
"Ebp",1811,3502,4166,3425,3325,3443,3382,3476
"Ebpl",288,557,533,566,469,564,536,490
"Ecd",1281,2383,2728,2466,2348,2226,2413,2344
"Ece1",3675,6504,7165,6818,6385,6174,6614,6323
"Ece2",700,1308,1539,1482,1271,1324,1481,1510
"Ecel1",6,8,0,8,7,5,6,5
"Ech1",1550,3057,3493,3151,2736,2923,3010,2915
"Echdc1",160,347,261,269,382,358,310,323
"Echdc2",253,482,425,459,470,410,417,472
"Echdc3",72,157,112,116,135,174,195,137
"Echs1",1831,3573,3866,3527,3276,3494,4031,3832
"Eci1",479,970,1084,942,917,884,866,990
"Eci2",1477,2673,3053,2949,2607,2597,2571,2648
"Eci3",1,84,102,95,87,80,79,87
"Ecm1",5511,10440,10686,10516,9715,10217,10644,10773
"Ecm2",261,528,438,618,513,571,389,382
"Ecscr",6,13,26,18,12,5,3,15
"Ecsit",393,654,851,687,652,619,740,760
"Ect2",901,1869,1253,1761,1665,920,629,1133
"Ect2l",1,3,5,5,4,5,6,4
"Eda",4,2,0,7,3,0,0,4
"Eda2r",1825,3757,4080,3754,4245,3793,3199,3872
"Edar",2,6,1,2,0,0,0,2
"Edaradd",0,6,8,0,3,1,5,3
"Edc3",909,1637,1714,1746,1537,1418,1674,1664
"Edc4",1386,2689,2740,2571,2635,2472,2592,2523
"Eddm3b",1,0,1,1,0,1,1,0
"Edem1",1904,3961,3305,3527,4037,4489,4522,3916
"Edem2",1006,2299,1893,1916,2073,2544,2433,2091
"Edem3",1219,3710,2186,3058,3303,3806,3061,2979
"Edf1",2101,4173,4393,4025,3943,3780,3515,3790
"Edil3",1144,3096,2250,2613,2564,2543,2006,2260
"Edn1",146,322,126,222,359,406,242,202
"Ednra",260,434,498,503,529,558,621,549
"Edrf1",308,592,545,657,715,747,643,630
"Eea1",405,1343,823,891,1208,1394,1534,1469
"Eed",753,1303,1412,1445,1358,1250,1162,1453
"Eef1a1",199993,361914,367066,353089,340050,370273,414677,398348
"Eef1b2",9681,18830,21066,19412,18649,17625,19658,20532
"Eef1d",4307,8296,9089,8265,7482,7629,8026,7993
"Eef1e1",809,1406,1599,1535,1474,1335,1384,1609
"Eef1g",8764,17208,19726,18194,15813,15707,16615,17234
"Eef2",80617,173214,154248,148025,156545,173129,182249,156624
"Eef2k",1110,2094,2405,2353,2040,2075,2647,2386
"Eef2kmt",263,582,591,507,562,584,713,629
"Eefsec",419,758,791,815,695,654,787,785
"Eepd1",173,378,486,380,338,432,449,411
"Efcab11",123,150,141,198,156,93,69,137
"Efcab12",1,3,1,4,3,10,8,5
"Efcab14",1169,2319,1874,2371,2620,2745,2488,2323
"Efcab2",19,57,30,43,49,47,36,37
"Efcab3",4,5,4,6,4,8,4,5
"Efcab5",6,6,9,8,4,7,8,6
"Efcab7",171,357,299,346,353,365,313,300
"Efcab8",0,0,0,0,1,0,1,1
"Efcab9",0,3,5,1,5,3,3,4
"Efcc1",4,10,6,7,8,3,2,6
"Efemp1",200,525,472,484,440,628,640,554
"Efemp2",2657,4144,4981,5018,4095,3322,3549,4237
"Efhb",4,2,5,8,6,7,13,6
"Efhc1",31,75,46,64,54,74,61,46
"Efhc2",0,5,6,4,1,3,5,6
"Efhd1",288,734,508,549,852,1110,854,489
"Efhd2",894,1709,1823,1686,1609,1624,1747,1604
"Efna1",487,945,1298,1082,920,960,1224,1139
"Efna2",185,283,292,290,297,288,239,312
"Efna3",44,78,116,83,101,84,84,100
"Efna4",222,446,493,467,391,501,529,453
"Efna5",88,165,101,179,189,182,159,152
"Efnb1",944,1310,1758,1797,1328,1042,1033,1264
"Efnb2",1096,2303,1315,1842,2536,2522,1993,1914
"Efnb3",13,27,35,31,38,32,29,40
"Efr3a",2165,5302,3911,4850,5280,5262,4555,4955
"Efr3b",35,49,37,49,52,27,24,45
"Efs",64,80,104,114,101,45,40,76
"Eftud1",600,1167,1139,1154,1216,1178,1213,1232
"Eftud2",3150,5874,6380,6220,5644,5202,5649,5847
"Egf",17,43,58,53,50,58,58,62
"Egfl7",54,71,69,80,85,64,67,61
"Egfl8",5,9,12,11,11,10,9,15
"Egflam",35,38,35,67,38,30,16,32
"Egfr",1043,2314,1668,1957,2348,2577,2527,2276
"Egln1",2863,5791,3835,4626,5768,7322,6638,5882
"Egln2",938,1898,1701,1739,1786,1939,2008,1824
"Egln3",3500,8122,6469,6076,7626,11446,10634,9200
"Egr1",8887,12601,6888,12152,15219,12002,8870,8658
"Egr2",700,881,665,1038,924,634,496,633
"Egr3",1400,1986,1890,2239,2191,1708,1166,1842
"Ehbp1",412,913,686,883,938,903,762,890
"Ehbp1l1",5518,10216,12726,10832,10824,10598,9731,10004
"Ehd1",2893,5981,6380,5606,5891,5996,6607,6164
"Ehd2",8299,14633,14921,15443,14090,12440,11600,11714
"Ehd3",1184,2228,2900,2552,2076,2230,2405,2375
"Ehd4",4840,8189,9601,8780,8923,8696,6908,7174
"Ehhadh",15,39,46,34,44,32,31,37
"Ehmt1",1030,2068,2059,2184,2213,2159,2165,2143
"Ehmt2",3515,6632,6809,6645,6430,6181,6555,5869
"Ei24",1912,3515,4324,3760,3485,3371,3614,3787
"Eid1",1356,2961,3060,3099,2992,3823,4078,4035
"Eid2",85,185,247,188,208,212,249,210
"Eid2b",142,255,305,271,315,312,308,320
"Eid3",2,17,4,7,12,4,10,6
"Eif1",12755,23519,22953,21520,23190,25941,27982,26327
"Eif1a",3085,6325,5846,6573,6857,7633,7215,7464
"Eif1ad",906,1554,1942,1733,1608,1474,1650,1752
"Eif1ax",2088,3845,4388,4293,3878,3552,3278,3706
"Eif1b",755,1531,1660,1572,1407,1493,1605,1622
"Eif2a",1476,3080,2688,3148,2988,3358,2891,2858
"Eif2ak1",1335,2634,2875,2644,2732,2764,2871,2755
"Eif2ak2",371,1010,657,855,912,792,854,849
"Eif2ak3",886,1749,1589,1677,1904,2124,2026,1705
"Eif2ak4",611,1213,1097,1217,1249,1294,1322,1243
"Eif2b1",1210,2209,2801,2474,2182,2138,2232,2409
"Eif2b2",1804,3467,3835,3313,3204,3148,3391,3445
"Eif2b3",802,1463,1898,1590,1458,1434,1615,1728
"Eif2b4",698,1258,1520,1323,1285,1273,1308,1304
"Eif2b5",2096,3933,4323,3915,3746,3702,3871,3941
"Eif2d",799,1497,1577,1521,1435,1378,1507,1456
"Eif2s1",3064,5416,5907,5958,5811,4878,4439,5334
"Eif2s2",3247,7556,6901,7121,7573,8172,7411,8026
"Eif2s3x",4568,7397,7705,8151,8167,7030,6851,7275
"Eif3a",4286,13849,8281,10268,11399,11121,10096,10464
"Eif3b",6609,11636,14480,12982,11338,10933,12000,12351
"Eif3c",6837,13471,15463,13826,14221,14346,15901,15326
"Eif3d",6261,11769,13894,12122,11439,10983,11416,11725
"Eif3e",6570,12928,12981,13833,14057,15299,13554,13688
"Eif3f",4242,8472,8640,8279,7913,9060,9320,8854
"Eif3g",1911,3622,4172,3736,3522,3435,3636,3870
"Eif3h",7382,14148,14857,13891,13626,13970,14745,14568
"Eif3i",3193,5895,6758,6188,5776,5513,6044,6329
"Eif3k",1857,3712,3935,3560,3570,3688,3898,3840
"Eif3l",5612,10619,11385,10639,9995,9964,10615,10219
"Eif3m",3083,5811,6225,6095,5791,5808,5376,5903
"Eif4a1",18919,33589,37996,35063,32326,29616,32120,33523
"Eif4a2",9760,18756,20738,19881,19946,20509,20003,21290
"Eif4a3",2829,4945,6147,5582,4937,4445,4700,5186
"Eif4b",16299,32812,30569,30855,32346,34253,34252,30130
"Eif4e",3033,5111,5306,5860,5502,4912,4748,5460
"Eif4e2",3146,5999,6777,6107,6001,5858,5615,5582
"Eif4e3",313,563,531,698,622,568,599,642
"Eif4ebp1",1547,3559,3276,2862,3473,4241,5215,4694
"Eif4ebp2",910,1854,1642,1653,1856,1693,1818,1594
"Eif4ebp3",70,193,159,198,191,233,201,219
"Eif4enif1",1451,2601,2694,2769,2901,2582,2697,2733
"Eif4g1",12548,23478,27342,25107,24895,22348,25026,25858
"Eif4g2",22046,44369,42343,47962,48113,45332,40297,43844
"Eif4g3",1543,3453,3099,3319,3612,3377,3522,3593
"Eif4h",7475,13588,15755,14457,12798,11358,12189,12911
"Eif5",4806,9853,7862,9343,10290,10483,9727,10585
"Eif5a",14830,24718,30701,28756,24311,21439,23053,25153
"Eif5a2",234,698,358,469,644,605,557,527
"Eif5b",950,2792,2141,2312,2315,2280,2342,2569
"Eif6",2114,4052,4608,4021,3875,3750,4525,4518
"Elac1",270,528,436,514,542,578,515,596
"Elac2",1013,1705,2113,1912,1716,1563,1641,1791
"Elavl1",2742,4513,5221,5376,4623,4409,4198,4847
"Elavl3",0,1,0,1,1,1,0,4
"Eldr",29,32,29,49,46,35,20,24
"Elf1",558,1463,973,1223,1575,1620,1520,1504
"Elf2",1370,2491,2454,2594,2633,2551,2544,2656
"Elf3",3,4,11,3,2,2,0,4
"Elf4",840,1506,1508,1586,1630,1481,1579,1530
"Elfn1",3,4,8,6,3,2,1,5
"Elfn2",0,15,3,4,4,9,3,2
"Elk1",1034,2366,2314,2001,2227,2303,2450,2226
"Elk3",3228,5683,5341,5967,6114,5823,5747,5574
"Elk4",269,515,416,493,537,441,467,454
"Ell",547,981,1069,1091,986,1052,1184,1180
"Ell2",435,1106,804,1042,1113,1279,1160,1213
"Ell3",11,11,18,18,13,28,23,17
"Elmo1",100,180,111,164,205,158,143,198
"Elmo2",1373,2628,2785,2618,2584,2552,2887,2825
"Elmo3",36,57,58,67,52,60,67,74
"Elmod2",663,1800,912,1385,1639,1810,1437,1555
"Elmod3",272,551,602,503,529,575,627,590
"Elmsan1",1545,2971,2723,2967,3211,2904,2836,2915
"Eln",5,4,6,5,7,0,0,7
"Elof1",1027,1922,1994,1890,1763,1818,1832,1825
"Elovl1",2259,4477,4597,4254,4253,4567,4918,4538
"Elovl3",18,28,21,23,22,20,13,25
"Elovl4",150,363,393,380,408,405,532,553
"Elovl5",2879,5139,6325,6122,5456,5561,6307,6442
"Elovl6",412,1207,609,896,1124,1121,1144,933
"Elovl7",8,17,11,12,16,13,15,14
"Elp2",2492,4993,5717,5056,4767,4625,5305,5073
"Elp3",2149,4119,4422,4235,4015,3893,4202,4078
"Elp4",554,984,1001,1097,936,830,804,893
"Elp5",1130,2128,2429,2204,1993,2012,2158,2107
"Elp6",201,353,386,370,330,291,315,370
"Emb",1694,3538,4729,4761,3622,4271,5404,5361
"Emc1",1736,3339,3245,3269,3347,3414,3261,3140
"Emc10",1617,2844,2801,2788,2769,2933,3227,2976
"Emc2",2228,4379,4616,4582,4886,5234,4079,4748
"Emc3",3153,6723,7467,6413,6643,6943,7658,7735
"Emc4",1172,2185,2646,2223,2119,2350,2286,2340
"Emc6",680,1302,1510,1349,1351,1249,1291,1399
"Emc7",2195,4091,4865,4288,4130,4331,4548,4555
"Emc8",1098,1771,2119,2004,1742,1540,1627,1839
"Emc9",130,278,313,260,281,276,312,317
"Emd",1629,2853,3418,3208,2821,2596,2601,2804
"Eme1",146,188,147,222,174,103,82,129
"Eme2",133,279,302,280,249,238,293,274
"Emg1",1048,1607,2009,1835,1639,1492,1705,1772
"Emid1",24,23,25,35,35,12,8,25
"Emilin1",1328,2376,2054,2427,2307,2151,1819,1863
"Emilin2",3096,5396,5321,5796,5073,5016,6990,6508
"Emilin3",6,7,6,5,2,3,1,4
"Eml1",2262,3730,3991,4156,3855,3587,4277,4018
"Eml2",642,1343,1368,1170,1297,1486,1486,1334
"Eml3",436,889,954,837,834,875,1043,975
"Eml4",681,1595,1337,1586,1537,1534,1395,1415
"Eml5",11,70,37,37,63,46,45,62
"Eml6",17,54,36,32,66,68,33,43
"Emp1",18625,30003,27665,32917,29725,27929,27388,27170
"Emp2",7086,14156,13506,13308,13841,14931,15436,14189
"Emp3",2790,5733,4928,4844,5678,6050,5751,5106
"Emx2",2,1,4,3,0,1,1,0
"Emx2os",1,0,1,1,0,1,0,0
"En1",655,1152,1316,1330,1207,1253,1309,1342
"Enah",3028,7350,6167,7336,7213,7472,5859,6133
"Enc1",2640,5066,4346,4734,5364,5394,4405,3896
"Endod1",1179,1677,1874,2045,1996,1341,1060,1568
"Endog",90,109,109,115,113,124,115,117
"Endou",9,8,5,13,3,13,8,10
"Endov",766,1462,1617,1493,1464,1446,1802,1815
"Eng",137,244,281,264,236,183,171,247
"Engase",94,174,207,181,152,152,145,136
"Enho",503,1031,1081,999,918,929,763,757
"Enkd1",221,436,433,401,390,428,431,453
"Enkur",19,54,36,42,35,33,37,29
"Eno1",0,2,0,1,0,0,1,4
"Eno1b",11271,13799,10754,12028,12799,13762,14102,13008
"Eno2",820,2489,1475,1519,2413,3884,4627,3460
"Eno3",14221,23755,31983,26375,23201,20269,15634,19101
"Eno4",4,9,15,8,7,18,18,12
"Enoph1",317,517,583,614,542,468,548,582
"Enox1",177,209,441,448,253,214,221,273
"Enox2",230,448,307,399,484,534,471,475
"Enpep",46,137,163,138,111,141,165,146
"Enpp1",2927,5383,5963,6330,6081,5507,5158,5838
"Enpp2",427,2136,1128,1057,2672,4397,3809,2376
"Enpp3",395,844,783,864,884,831,899,818
"Enpp4",505,1137,862,1112,1167,1343,1247,1178
"Enpp5",489,1028,1044,1041,1129,1359,1292,1088
"Enpp6",1,5,1,2,0,0,1,3
"Ensa",3648,6927,7745,7094,7043,6693,6878,7111
"Enthd1",0,3,0,0,0,1,1,1
"Enthd2",320,660,687,638,649,672,697,702
"Entpd1",3,7,7,5,9,15,13,6
"Entpd2",30,75,46,44,63,104,88,78
"Entpd3",19,61,38,38,53,102,92,72
"Entpd4",57,81,74,82,88,101,102,89
"Entpd5",1117,2000,1666,1949,2144,2290,2169,2109
"Entpd6",153,273,312,291,319,247,263,289
"Entpd7",318,563,554,585,568,534,495,557
"Eny2",1404,2281,2203,2548,2208,2049,1968,2180
"Eogt",442,791,728,824,819,748,641,701
"Eomes",1,1,2,2,3,2,3,0
"Ep300",1506,3713,2613,3186,3869,3856,3629,3620
"Ep400",2102,4492,3672,3991,4595,4108,4492,4281
"Epas1",11,24,14,17,29,31,31,36
"Epb4.1",247,550,349,415,532,582,532,483
"Epb4.1l1",1588,3162,2943,3065,3311,3554,3934,3359
"Epb4.1l2",5366,9369,8865,10757,10233,8790,7544,8367
"Epb4.1l3",3197,6595,6360,6987,7269,7380,7879,7531
"Epb4.1l4a",768,1759,1426,1593,1745,2008,2057,1768
"Epb4.1l4aos",52,89,91,95,90,111,145,116
"Epb4.1l4b",20,52,19,28,49,61,47,27
"Epb4.1l5",197,404,418,389,398,396,337,364
"Epc1",750,1259,1004,1205,1350,1290,1227,1364
"Epc2",441,1173,519,847,1009,1047,906,949
"Epcam",0,0,1,0,0,1,0,1
"Epdr1",2634,5015,4980,5135,5100,5207,5407,5590
"Epg5",999,2075,2020,2049,2094,2247,2820,2438
"Epgn",5,18,9,12,9,9,8,5
"Epha1",612,1465,1275,1331,1450,1645,1402,938
"Epha2",2348,4464,4266,4348,4459,4290,5048,4659
"Epha3",1,17,8,2,19,16,11,5
"Epha4",219,471,376,446,501,667,517,437
"Epha7",58,142,94,126,122,152,142,115
"Ephb1",1,4,14,9,9,3,4,5
"Ephb2",1178,2192,2653,2270,2079,1986,1854,2010
"Ephb3",1598,2924,3533,3289,2660,2616,2488,2654
"Ephb4",1560,3032,3263,3196,2928,3099,3529,3145
"Ephb6",3210,8664,5867,6149,7889,10426,11290,8630
"Ephx1",4419,11115,8749,8446,10011,12965,15923,13811
"Ephx2",36,62,69,66,58,43,39,59
"Ephx3",3,4,7,3,10,14,12,12
"Ephx4",2,4,7,3,3,3,2,2
"Epm2a",38,107,53,56,107,141,127,79
"Epm2aip1",792,2430,1813,2265,2145,2294,2059,2055
"Epn1",1758,3185,3375,3206,3081,3193,4120,3779
"Epn2",1738,3106,3607,3571,3475,3324,3433,3634
"Epn3",47,70,56,72,74,30,24,39
"Epor",75,117,186,170,92,117,95,109
"Eppk1",29,73,31,48,63,79,64,53
"Eprs",3489,9670,7590,8825,9113,9849,9162,9469
"Eps15",1287,3184,2226,2716,3087,3157,2593,2790
"Eps15l1",1132,2082,2244,2187,2035,1970,1961,2007
"Eps8",1727,4236,3413,3711,4448,5376,6191,5459
"Eps8l1",8,7,9,10,11,3,3,9
"Eps8l2",121,287,228,226,251,246,284,269
"Epsti1",1,1,1,1,2,2,0,1
"Ept1",1246,2625,2612,2913,3012,3002,3212,3231
"Eqtn",0,2,0,0,1,1,1,1
"Eral1",544,983,1125,1036,940,970,951,1013
"Erap1",451,958,738,916,920,933,889,917
"Erbb2",1602,3237,3641,3081,3015,3285,3436,3414
"Erbb2ip",1311,4518,2653,3107,3270,3819,3722,3886
"Erbb3",910,1580,2273,1665,1846,1493,1226,1636
"Erc1",1547,2820,2583,2924,3060,2697,2558,2687
"Erc2",0,4,4,1,1,4,2,6
"Ercc1",599,1092,1071,1015,1026,977,1033,1007
"Ercc2",173,327,315,292,356,310,285,279
"Ercc3",1388,2715,3032,2776,2732,2579,3005,2843
"Ercc4",459,854,914,868,918,881,931,909
"Ercc5",579,1212,1228,1334,1200,1268,1187,1317
"Ercc6",439,958,700,908,1030,976,864,887
"Ercc6l",394,649,444,672,680,383,267,504
"Ercc6l2",308,991,696,822,803,845,848,989
"Ercc8",133,296,378,312,306,271,311,344
"Erdr1",203,188,158,213,145,116,181,142
"Ereg",323,704,573,824,685,697,1022,1105
"Erf",958,1918,1881,1830,1854,1659,1874,1846
"Erg",4,1,0,2,0,0,1,0
"Ergic1",4179,8554,8273,8179,8083,8421,8692,7952
"Ergic2",936,1955,1516,1936,1963,1841,1625,1718
"Ergic3",3596,8024,7865,7198,7201,8536,9253,8275
"Erh",2781,4187,5161,4810,4228,3563,3904,4169
"Eri1",1510,2368,2059,2722,2470,2213,2033,2438
"Eri2",203,336,294,359,308,265,206,279
"Eri3",1961,3876,4069,3868,3580,3827,3820,3744
"Erich1",168,362,342,337,382,455,433,437
"Erich2",5,13,10,5,13,22,56,44
"Erich6",11,12,22,15,16,25,18,15
"Erlec1",1156,2425,2582,2576,2622,2852,2719,2783
"Erlin1",984,1744,1893,2095,1881,1780,1999,2048
"Erlin2",1739,3395,3231,3376,3721,3780,3881,3631
"Ermap",5,9,9,12,7,9,5,6
"Ermard",134,292,321,290,288,277,276,346
"Ermp1",991,1711,1401,1731,1861,1585,1380,1376
"Ern1",353,834,780,748,813,812,1162,901
"Ero1l",1126,3092,1484,2006,3261,5706,7129,6397
"Ero1lb",219,498,306,386,527,688,659,538
"Erp27",5,6,12,7,6,9,10,13
"Erp29",1888,3484,3663,3588,3392,3307,3542,3591
"Erp44",2287,4440,4285,4755,4977,5449,4974,4837
"Errfi1",4340,6394,6217,7631,7202,5191,4790,6049
"Erv3",10,40,16,21,57,83,128,114
"Esam",1,4,3,1,2,2,2,2
"Esco1",166,478,327,319,394,484,412,469
"Esco2",182,328,206,335,211,147,83,234
"Esd",5340,14906,15292,11486,13942,18100,25531,23837
"Esf1",111,406,281,285,378,470,450,467
"Esm1",1,12,10,8,9,32,34,19
"Espl1",1122,1461,1247,1677,1329,705,579,942
"Espn",16,17,12,24,11,14,15,10
"Espnl",6,9,5,10,7,14,11,5
"Esr1",431,658,720,883,743,505,318,557
"Esr2",1,2,3,4,1,1,1,1
"Esrp2",0,7,3,2,5,2,2,2
"Esrra",759,1568,1707,1498,1477,1442,1556,1508
"Esrrb",19,23,35,35,22,36,26,26
"Esrrg",0,0,0,2,1,2,2,2
"Esx1",5,4,1,5,3,2,0,3
"Esyt1",5114,9576,8098,8870,9456,9233,8537,7614
"Esyt2",2724,6405,5180,6827,6408,6193,5171,5697
"Esyt3",11,15,19,20,18,5,3,15
"Etaa1",137,394,203,274,254,288,259,289
"Etaa1os",1,2,5,4,7,2,4,1
"Etf1",5404,11334,11101,11968,12010,11265,10677,11542
"Etfa",2793,4849,5738,6088,5142,5130,4563,5107
"Etfb",1327,2293,2704,2514,2110,1935,1860,2002
"Etfdh",1706,3006,3645,3478,3195,3219,3242,3291
"Ethe1",348,711,604,624,697,706,822,734
"Etl4",402,1144,1113,961,1220,1343,1159,971
"Etnk1",1034,2919,1791,2504,2806,3067,2852,2723
"Etnk2",1,1,2,1,2,1,0,0
"Etnppl",0,2,2,1,1,1,1,1
"Etohd2",20,28,44,42,38,42,37,51
"Etohi1",50,196,137,133,155,183,187,191
"Ets1",1386,2077,1974,2543,2226,1854,1895,2200
"Ets2",6096,11183,11293,11282,11289,11845,12010,11831
"Etv1",134,322,227,285,377,373,434,366
"Etv3",752,1313,1270,1421,1429,1480,1507,1457
"Etv4",463,782,581,696,832,782,708,628
"Etv5",411,931,654,710,888,1099,1361,1083
"Etv6",1066,1798,1676,1856,1845,1562,1607,1728
"Eva1a",44,50,55,62,48,41,29,46
"Eva1b",291,609,567,562,607,687,644,511
"Eva1c",289,515,679,598,520,499,661,605
"Evc",1088,1967,1732,1934,1863,1786,1854,1717
"Evc2",814,1528,1498,1522,1488,1551,1719,1633
"Evi2a",482,1031,901,919,1124,1393,1493,1280
"Evi5",516,1812,1064,1306,1528,1818,1750,1666
"Evi5l",280,469,468,437,489,405,411,416
"Evl",869,1439,1218,1387,1315,1482,1795,1744
"Evpl",2,12,5,9,6,8,5,6
"Ewsr1",5075,9215,10989,10818,9418,8612,9093,9490
"Exd1",24,41,32,39,65,81,65,46
"Exd2",619,1273,1125,1200,1336,1446,1412,1285
"Exo1",346,440,381,546,428,207,150,329
"Exo5",311,612,694,675,595,610,581,652
"Exoc1",1101,1985,2221,2216,2195,2094,2090,2147
"Exoc2",1229,2349,2389,2559,2617,2769,2733,2639
"Exoc3",1645,2944,3250,3212,3011,2920,2951,2936
"Exoc3l",382,762,708,686,735,873,680,646
"Exoc3l4",170,303,295,283,319,320,317,269
"Exoc4",2003,3722,3440,3719,3874,3557,3097,3329
"Exoc5",812,2411,1517,1865,2062,2298,1948,2182
"Exoc6",273,570,446,500,548,469,401,522
"Exoc6b",995,2074,1877,2003,2272,2373,2384,2302
"Exoc7",1516,3121,3022,2898,3090,2922,2912,2784
"Exoc8",534,945,1041,1002,1019,887,888,961
"Exog",319,468,515,583,496,410,496,566
"Exosc1",497,791,1082,1003,940,773,894,1056
"Exosc10",1451,2617,2708,2744,2540,2272,2417,2590
"Exosc2",673,1090,1265,1261,1131,932,1097,1171
"Exosc3",428,761,824,809,702,653,712,803
"Exosc4",743,1377,1700,1427,1324,1287,1375,1410
"Exosc5",266,488,548,484,452,447,506,570
"Exosc6",233,361,445,434,332,291,289,330
"Exosc7",345,681,821,774,738,621,729,774
"Exosc8",618,960,1039,1169,1077,784,803,999
"Exosc9",773,1271,1563,1469,1436,1248,1221,1303
"Exph5",0,1,2,0,3,0,0,0
"Ext1",6433,14172,10162,12315,15552,17450,17226,14821
"Ext2",4274,8377,8558,8310,7681,8060,8416,8074
"Extl1",47,100,142,99,90,124,111,134
"Extl2",1005,1799,2049,2129,1975,2058,2053,2171
"Extl3",3987,7668,7367,7298,7697,7554,8297,7922
"Eya1",273,790,527,646,877,1016,1070,860
"Eya2",0,3,4,1,2,0,0,3
"Eya3",1282,2534,2717,2514,2596,2448,2656,2717
"Eya4",538,1443,1125,1232,1098,1079,1141,1265
"Ezh1",1557,3265,3578,3315,3189,3300,3705,3402
"Ezh2",863,1597,1284,1731,1706,1184,1023,1337
"Ezr",2896,5948,4613,5044,6316,6609,7410,6117
"F11r",486,1383,1429,1081,1555,1803,1955,1649
"F12",1,1,0,2,1,0,0,0
"F13a1",6,23,22,21,34,40,75,58
"F2",70,87,147,111,115,75,49,104
"F2r",3843,7858,7429,9003,8167,8902,8226,7984
"F2rl1",17,16,21,19,37,24,14,21
"F2rl2",17,26,19,23,17,9,9,17
"F2rl3",8,12,14,17,16,17,14,13
"F3",630,1455,1702,1823,1578,2256,2490,2100
"F420014N23Rik",24,29,45,48,42,36,41,44
"F5",7,13,38,32,12,11,33,48
"F630042J09Rik",15,21,33,28,27,28,23,32
"F7",13,67,27,27,53,92,107,56
"F730043M19Rik",132,230,183,217,235,164,179,227
"F8",15,36,24,33,30,31,27,32
"F830016B08Rik",1,2,4,2,2,3,3,1
"F8a",67,115,130,106,138,138,137,131
"F930015N05Rik",16,21,21,27,25,19,18,23
"Fa2h",0,0,1,0,0,1,1,3
"Faah",9,13,6,12,14,16,10,11
"Faap100",487,928,839,881,829,759,802,765
"Faap20",436,671,696,734,701,655,623,619
"Faap24",192,293,306,346,254,244,221,292
"Fabp1",0,1,0,1,2,0,2,0
"Fabp3",202,354,528,325,349,299,236,339
"Fabp4",1,21,29,3,12,24,85,99
"Fabp5",514,727,565,657,695,606,667,734
"Fabp7",2,1,1,5,1,0,0,1
"Fadd",261,469,406,425,464,414,508,465
"Fads1",2710,5897,4871,4895,5886,6431,6567,5691
"Fads2",1640,3454,2168,2544,3215,3362,3092,2579
"Fads3",4811,9895,10542,9065,9927,11119,10510,9969
"Fads6",39,72,43,45,61,60,52,26
"Faf1",1725,3117,3699,3392,3191,3212,3408,3503
"Faf2",2454,4819,4251,4734,4895,4831,5078,4772
"Fah",1012,1897,1604,1770,1872,1753,1783,1730
"Fahd1",61,183,189,167,197,207,237,233
"Fahd2a",162,289,328,298,288,331,342,283
"Faim",291,577,618,567,584,602,673,642
"Faim2",9,8,9,15,11,9,10,7
"Fam101a",3,7,4,4,5,1,3,4
"Fam101b",2239,2765,2840,3582,3137,1859,1309,2642
"Fam102a",697,1384,1630,1527,1313,1425,1566,1357
"Fam102b",1162,3014,2024,2631,3016,3285,3449,3017
"Fam103a1",491,838,839,867,1015,979,999,972
"Fam104a",1062,1719,1940,1798,1665,1610,1669,1702
"Fam105a",22,45,89,54,34,19,23,40
"Fam107a",212,327,554,381,402,317,237,349
"Fam107b",1439,2000,2256,2746,2007,1711,1374,1799
"Fam109a",341,664,735,647,653,659,712,675
"Fam109b",0,5,8,4,3,2,2,3
"Fam110a",748,1140,1351,1376,1147,958,766,955
"Fam110b",111,210,211,201,179,190,198,164
"Fam110c",27,129,196,148,152,242,778,762
"Fam111a",836,1980,1356,1842,1587,1414,1420,1601
"Fam114a1",4913,8320,8014,8927,8546,8128,7146,8007
"Fam114a2",1551,3093,2948,2890,3318,3405,3384,3304
"Fam117a",434,804,922,878,811,919,867,675
"Fam117b",941,1960,1791,2000,2058,2413,2494,2135
"Fam118a",981,2016,2170,2087,1886,2032,2165,2185
"Fam118b",606,1216,1367,1167,1266,1232,1430,1575
"Fam120a",6306,12193,11699,13380,13503,12775,11703,12183
"Fam120aos",80,149,176,183,154,195,217,199
"Fam120b",1298,2723,2349,2528,2908,3036,2797,2647
"Fam120c",447,1055,820,990,1103,1227,1021,967
"Fam122a",238,399,420,441,488,504,461,461
"Fam122b",155,288,227,319,313,249,200,239
"Fam124a",6,12,7,13,7,8,12,7
"Fam124b",2,1,3,6,3,1,1,3
"Fam126a",997,2130,1745,2160,2339,2050,1957,2104
"Fam126b",67,319,212,186,278,305,289,298
"Fam129a",126,242,232,255,202,246,222,240
"Fam129b",10673,20324,22563,20546,19817,19597,21479,19954
"Fam129c",45,94,84,101,111,112,89,107
"Fam131a",34,61,82,68,57,62,44,47
"Fam131b",546,1038,1661,1425,948,911,1172,1126
"Fam131c",38,68,56,59,60,63,52,76
"Fam132a",342,561,694,694,521,587,640,659
"Fam132b",922,1081,925,1337,1231,552,432,919
"Fam133b",358,838,720,838,791,792,725,826
"Fam134a",1628,3550,3318,3172,3220,3840,4585,4176
"Fam134b",2699,6262,5156,5554,6796,8232,6820,6035
"Fam134c",1579,3006,3338,3002,2920,2847,2880,2951
"Fam135a",480,1568,842,1128,1243,1366,1186,1288
"Fam136a",708,1292,1417,1299,1244,1240,1201,1282
"Fam13a",49,64,88,108,80,79,59,72
"Fam13b",611,1645,855,1203,1695,1668,1624,1375
"Fam13c",387,972,652,836,1016,1221,1017,810
"Fam149a",626,1227,1096,1248,1150,1194,1115,1144
"Fam149b",739,1330,1365,1420,1474,1411,1418,1396
"Fam150a",6,15,17,15,13,13,9,17
"Fam151b",32,53,69,65,66,79,74,80
"Fam160a1",961,1827,1889,1787,1853,2127,2134,1803
"Fam160a2",489,973,1023,1009,1087,932,1003,1023
"Fam160b1",990,2123,2012,2093,2315,2261,2238,2298
"Fam160b2",391,821,866,803,931,822,861,874
"Fam161a",40,87,64,90,84,90,84,95
"Fam161b",49,124,117,121,136,131,116,131
"Fam162a",3226,6935,4771,5610,6518,7531,7639,7333
"Fam163b",0,2,1,1,3,2,2,3
"Fam166a",1,2,0,1,1,0,0,0
"Fam167a",612,936,1407,1071,1184,1054,900,1202
"Fam167b",5,7,11,11,7,6,8,5
"Fam168a",3077,5661,5044,5669,5836,5827,5505,5396
"Fam168b",4498,8063,7867,8553,8234,7513,7958,7996
"Fam169a",11,14,14,17,19,26,19,21
"Fam169b",30,39,50,39,44,39,22,30
"Fam171a1",1170,2115,1962,2187,2161,2086,1950,1824
"Fam171a2",1635,2756,3876,2905,3005,2693,2283,2923
"Fam171b",21,73,35,57,93,60,66,61
"Fam172a",919,1750,1618,1904,1837,2046,1725,1869
"Fam173a",487,1056,974,922,1036,1191,1200,1019
"Fam173b",440,709,782,763,750,739,658,718
"Fam174a",564,1200,1324,1215,1235,1417,1489,1453
"Fam174b",1,1,0,1,0,0,0,0
"Fam175a",330,602,601,678,619,570,628,749
"Fam175b",956,1986,1913,1998,2230,2187,1906,2082
"Fam178a",1117,2973,2168,2647,2691,2797,2458,2549
"Fam178b",9,19,22,15,17,18,16,14
"Fam179a",7,10,5,8,5,3,3,11
"Fam179b",397,1313,855,995,1076,1176,1122,1111
"Fam180a",98,165,173,170,191,193,136,138
"Fam181b",13,25,22,27,20,23,87,81
"Fam184b",1,1,2,2,3,5,5,5
"Fam185a",235,372,494,501,440,427,413,468
"Fam186b",3,3,6,7,3,8,4,6
"Fam187a",0,2,3,0,4,4,3,1
"Fam187b",1,1,0,2,1,1,0,0
"Fam188a",761,1421,1488,1559,1493,1354,1388,1640
"Fam188b",258,541,432,451,563,630,623,505
"Fam189a1",6,21,32,18,25,35,28,23
"Fam189a2",74,150,205,136,166,156,136,127
"Fam189b",992,2341,1709,1755,2331,2653,2472,2113
"Fam192a",1782,3321,4070,3629,3399,3403,3865,3809
"Fam193a",1002,1858,1822,1967,2019,1845,1796,1897
"Fam193b",706,1407,1409,1484,1440,1589,1565,1566
"Fam195a",113,182,214,202,176,163,165,216
"Fam195b",1861,3728,3828,3614,3479,3880,4076,3885
"Fam196a",1,7,3,3,8,5,3,6
"Fam198a",22,18,54,50,17,4,1,14
"Fam198b",328,468,424,534,455,298,191,449
"Fam199x",76,368,176,191,228,297,244,291
"Fam19a1",2,0,1,2,3,1,5,4
"Fam19a2",8,35,11,21,31,55,45,37
"Fam19a3",1,0,0,1,1,0,1,0
"Fam19a5",273,412,482,515,447,416,416,371
"Fam204a",449,934,747,920,976,1077,907,965
"Fam206a",971,1544,1611,1799,1601,1525,1622,1731
"Fam207a",990,1901,1958,1852,1808,1785,1839,1783
"Fam208a",216,782,364,445,583,647,612,619
"Fam208b",400,1073,627,814,1005,1030,946,1060
"Fam209",3,2,1,3,6,3,0,3
"Fam20a",6669,11114,11611,11928,10939,9501,7280,9645
"Fam20b",3146,5457,5467,5541,5542,5172,4958,5044
"Fam20c",2162,4982,4157,3975,4585,5204,5850,4855
"Fam21",1958,4445,4279,4111,4868,5221,5534,4944
"Fam210a",1414,3211,2495,2913,3199,3397,3063,3064
"Fam210b",634,1158,1210,1168,1142,1034,1123,1273
"Fam212a",21,57,50,53,46,39,50,56
"Fam212b",466,857,1102,989,812,612,599,761
"Fam213a",68,169,131,124,183,272,257,246
"Fam213b",2,3,6,4,7,2,1,1
"Fam214a",312,713,688,741,745,806,813,748
"Fam214b",1885,3521,3708,3379,3659,3873,3542,3441
"Fam216a",629,982,1225,1192,970,868,935,1060
"Fam219a",188,390,365,340,424,415,434,392
"Fam219aos",73,141,128,119,141,184,162,141
"Fam219b",531,961,1223,1103,925,871,1016,1099
"Fam220a",824,1606,1659,1525,1495,1728,1716,1744
"Fam221a",56,130,137,119,116,90,105,138
"Fam221b",2,0,1,2,1,2,0,1
"Fam222a",0,0,1,2,2,2,1,0
"Fam222b",654,1152,1062,1181,1196,1176,1076,1131
"Fam227a",12,50,49,39,79,64,54,71
"Fam227b",0,1,0,1,1,1,1,4
"Fam228b",1,6,3,2,6,9,4,8
"Fam229b",65,104,121,131,144,115,110,105
"Fam24a",1,0,1,1,0,1,0,1
"Fam26d",0,1,5,0,4,3,1,0
"Fam26e",39,86,101,95,105,106,88,90
"Fam26f",1,3,1,3,6,2,5,2
"Fam32a",1844,3685,4063,3649,3683,3882,4320,4032
"Fam35a",143,334,235,290,306,335,300,314
"Fam3a",620,1353,1244,1189,1290,1297,1301,1324
"Fam3c",1339,2585,2516,2670,2678,2827,3113,2945
"Fam43a",506,881,714,834,862,917,680,625
"Fam43b",1,1,4,1,2,2,3,1
"Fam45a",709,1360,1221,1427,1410,1389,1326,1320
"Fam46a",218,681,494,628,542,658,551,495
"Fam46b",147,222,269,264,203,209,151,157
"Fam46c",26,43,24,40,50,50,55,39
"Fam49a",4,11,13,11,12,11,5,3
"Fam49b",1474,2791,2866,3129,2980,2749,2432,2839
"Fam50a",1053,2020,2057,1928,2194,2282,2492,2418
"Fam53a",819,1508,1800,1629,1399,1449,1467,1607
"Fam53b",963,1686,1985,1705,1753,1640,1446,1654
"Fam53c",2083,4041,3928,3873,3969,4032,4130,3950
"Fam57a",289,400,343,419,425,362,391,374
"Fam57b",3,8,2,5,3,6,2,6
"Fam58b",294,507,596,550,555,553,603,628
"Fam60a",553,653,667,707,716,680,696,778
"Fam63a",1099,2513,2404,2083,2455,2664,3408,3082
"Fam63b",449,1636,661,877,1439,1958,1719,1341
"Fam64a",1598,1871,2075,2544,2054,1091,853,1351
"Fam65a",1839,3229,3795,3361,3374,3073,2971,3160
"Fam65b",74,157,175,178,153,169,109,110
"Fam65c",22,57,40,35,41,47,72,62
"Fam69a",653,1315,1331,1333,1275,1296,1131,1267
"Fam69b",293,551,572,590,481,547,574,547
"Fam69c",0,0,0,3,2,0,0,1
"Fam71b",8,15,25,19,20,20,19,19
"Fam71e1",2,5,7,9,7,6,9,8
"Fam71f1",12,30,13,19,40,53,45,24
"Fam71f2",6,13,13,9,13,18,24,25
"Fam72a",86,92,95,119,88,87,72,84
"Fam73a",22,80,46,52,76,101,72,59
"Fam73b",596,1176,1363,1246,1031,1041,1285,1251
"Fam76a",1259,2448,2494,2360,2549,2636,2785,2633
"Fam76b",316,954,597,769,816,874,770,860
"Fam78a",34,36,72,48,52,10,6,68
"Fam78b",38,72,56,61,93,85,85,69
"Fam81a",19,28,17,30,35,15,9,15
"Fam83a",23,24,31,38,15,14,4,23
"Fam83b",11,39,8,20,35,26,15,16
"Fam83c",0,1,2,1,0,1,1,3
"Fam83d",763,851,928,1209,873,450,348,598
"Fam83e",5,4,6,5,4,5,6,4
"Fam83f",2,2,0,2,3,1,1,0
"Fam83h",586,1163,1203,1040,1153,1187,1262,1234
"Fam84a",10,15,21,19,25,17,15,20
"Fam84b",4,10,4,4,10,19,14,11
"Fam89a",5,14,9,10,12,15,9,17
"Fam89b",1184,2331,2689,2366,2120,2326,2408,2356
"Fam8a1",582,1252,968,1191,1330,1351,1227,1008
"Fam92a",769,1548,1632,1756,1696,1737,1526,1773
"Fam92b",1,0,0,1,1,1,2,0
"Fam96a",1193,2122,2560,2344,2183,2220,2168,2336
"Fam96b",749,1448,1571,1414,1415,1403,1365,1364
"Fam98a",2115,3687,4188,4073,3911,3428,3077,3670
"Fam98b",1189,2035,2566,2520,2305,1950,2037,2221
"Fam98c",57,94,103,77,97,122,126,104
"Fan1",119,329,246,288,285,234,273,247
"Fanca",199,212,206,298,271,146,126,197
"Fancb",160,222,171,263,218,120,107,175
"Fancc",312,526,572,564,503,528,605,566
"Fancd2",310,456,398,514,418,243,186,281
"Fancd2os",25,19,9,27,12,18,12,18
"Fance",461,821,922,881,794,841,923,886
"Fancf",135,197,190,226,217,227,202,208
"Fancg",194,369,318,328,365,304,292,314
"Fanci",224,385,286,360,413,204,173,257
"Fancl",198,328,265,337,325,328,290,298
"Fancm",145,417,305,361,388,332,338,369
"Fank1",3,6,6,5,10,15,19,11
"Fap",10,24,16,19,20,33,21,9
"Far1",935,3074,1832,2086,2310,2442,2057,2168
"Far1os",4,2,3,3,10,1,4,3
"Far2",12,41,18,20,41,24,25,19
"Farp1",2887,5381,5306,5541,5333,5516,6095,5663
"Farp2",215,356,338,378,333,320,282,331
"Fars2",372,635,738,687,634,621,660,674
"Farsa",2583,4447,5515,4927,4437,4045,4651,4706
"Farsb",1740,3068,3752,3402,3242,3343,3458,3692
"Fas",484,953,1164,1015,1073,1048,921,1161
"Fasl",0,0,0,0,1,1,2,1
"Fasn",6482,12900,10478,11017,12460,11787,12975,11525
"Fastk",1367,2614,2641,2578,2584,2654,2768,2536
"Fastkd1",343,651,836,805,685,687,682,778
"Fastkd2",539,1052,1092,992,1049,1028,1153,1110
"Fastkd3",267,445,521,506,468,403,462,535
"Fastkd5",477,749,706,821,736,698,579,717
"Fat1",4551,13370,9066,9258,13969,16738,17619,12455
"Fat2",2,4,9,3,3,10,9,4
"Fat4",337,825,332,545,724,730,663,656
"Fau",6196,12828,13932,12474,11985,12879,15297,15621
"Faxc",723,1424,1251,1458,1536,1635,1775,1633
"Fbf1",1143,2443,2141,2102,2329,2235,2381,2313
"Fbl",1338,2381,2667,2518,2283,1986,2312,2422
"Fblim1",1595,2473,2806,2832,2551,2453,2314,2354
"Fbln1",3149,9660,8815,7777,8723,12777,18658,14769
"Fbln2",11878,21689,20951,21268,22294,21434,25897,26213
"Fbln5",4110,8977,8796,8286,8816,10393,9486,8310
"Fbln7",558,1505,1670,1474,1284,1737,1130,967
"Fbn1",23219,38507,36043,40363,41745,30807,26389,36682
"Fbp2",2,2,4,5,2,0,0,5
"Fbrs",799,1430,1375,1406,1434,1608,1458,1335
"Fbrsl1",481,879,894,900,964,1039,1097,990
"Fbxl12",192,281,360,346,311,301,363,366
"Fbxl12os",19,45,42,52,68,62,53,71
"Fbxl13",33,34,35,47,35,30,22,29
"Fbxl14",695,1308,1262,1279,1401,1397,1407,1370
"Fbxl15",115,236,192,191,216,242,227,205
"Fbxl16",445,868,775,832,912,954,913,879
"Fbxl17",942,2027,1900,1948,1914,2006,2068,2007
"Fbxl18",140,286,288,261,257,241,248,247
"Fbxl19",407,730,730,738,697,606,649,706
"Fbxl2",408,864,868,808,882,1083,1006,830
"Fbxl20",1165,2587,2826,2669,2912,3348,3990,3483
"Fbxl21",7,19,23,15,25,39,33,12
"Fbxl22",117,170,204,191,219,202,152,205
"Fbxl3",1007,2924,1801,2252,2694,3032,2733,2732
"Fbxl4",393,822,795,813,834,919,920,969
"Fbxl5",1235,2512,2534,2426,2651,2625,3005,3030
"Fbxl6",745,1459,1635,1458,1428,1468,1558,1571
"Fbxl7",121,312,244,242,293,323,380,287
"Fbxl8",162,289,316,321,299,307,332,323
"Fbxo10",801,1592,1579,1492,1568,1637,1597,1415
"Fbxo11",1364,3511,2745,3192,3351,3626,3103,3237
"Fbxo15",6,4,3,9,5,4,7,3
"Fbxo16",43,77,112,78,104,123,86,74
"Fbxo17",394,719,792,725,722,572,551,633
"Fbxo18",2019,3803,3743,3829,3825,3680,3749,3643
"Fbxo2",26,43,68,55,34,46,59,57
"Fbxo21",949,1962,1886,1856,1839,1957,2059,1904
"Fbxo22",892,1492,1672,1534,1524,1460,1565,1702
"Fbxo24",26,57,62,58,39,58,46,51
"Fbxo25",727,1379,1481,1400,1330,1352,1435,1416
"Fbxo28",1372,2437,2536,2579,2649,2677,2627,2725
"Fbxo3",1613,3110,3072,3272,3100,2952,2860,2973
"Fbxo30",689,1788,1442,1685,1699,1777,1509,1690
"Fbxo31",531,1054,1085,1031,934,1012,1102,1067
"Fbxo32",1458,4147,2709,3312,4234,4987,4738,4274
"Fbxo33",283,662,533,608,692,735,671,720
"Fbxo34",625,1042,996,1082,993,1090,1031,963
"Fbxo36",175,414,385,349,397,484,451,384
"Fbxo38",1830,3437,3614,3464,3784,3471,3502,3674
"Fbxo4",504,916,1025,984,909,939,1040,1047
"Fbxo40",26,49,93,44,46,31,36,54
"Fbxo41",0,1,0,0,3,0,0,1
"Fbxo42",1189,2146,2267,2305,2221,2187,2469,2470
"Fbxo43",1,2,1,2,4,1,2,4
"Fbxo44",65,112,156,128,135,140,138,123
"Fbxo45",689,1275,1255,1319,1368,1324,1176,1320
"Fbxo46",239,374,378,379,372,428,410,438
"Fbxo47",8,15,11,9,21,17,9,13
"Fbxo48",11,40,19,32,31,17,9,21
"Fbxo5",426,667,443,777,705,411,275,550
"Fbxo6",815,1840,1792,1541,1692,2033,2218,1968
"Fbxo7",269,520,464,499,508,507,571,517
"Fbxo8",519,1001,1015,980,1196,1248,1163,1179
"Fbxo9",641,1276,1434,1269,1251,1337,1491,1535
"Fbxw10",5,20,12,12,19,15,20,24
"Fbxw11",2800,5525,5362,5299,5689,5529,5735,5177
"Fbxw17",409,721,816,775,726,668,755,793
"Fbxw2",1765,3343,3718,3347,3186,3200,3431,3482
"Fbxw4",560,1064,1029,1053,1093,1179,1124,987
"Fbxw5",954,1946,2066,1903,1810,1990,2020,2048
"Fbxw7",444,902,903,884,942,828,756,969
"Fbxw8",4055,7185,7864,7617,6880,6497,6496,6394
"Fbxw9",791,1562,1602,1527,1516,1599,1832,1766
"Fcer1g",0,4,4,2,4,3,5,5
"Fcf1",963,1864,2169,1906,1947,1825,1963,2036
"Fcgr1",0,0,4,0,0,7,5,2
"Fcgr2b",3,4,4,3,2,1,0,3
"Fcgr3",0,7,3,2,8,7,6,9
"Fcgr4",79,137,120,126,133,109,88,101
"Fcgrt",3368,7870,7357,6958,7219,9118,9382,7934
"Fcho1",0,1,4,0,1,3,1,1
"Fcho2",389,1271,838,905,1117,1217,1128,1150
"Fchsd1",166,403,351,340,375,426,473,420
"Fchsd2",652,1267,1057,1299,1414,1250,1101,1304
"Fcna",7,41,18,19,31,46,65,41
"Fcrlb",7,3,3,7,7,3,7,6
"Fdft1",2796,5737,4788,4694,5785,6238,6489,5283
"Fdps",3867,7897,6491,6503,7779,8142,7357,6501
"Fdx1",215,395,507,450,412,410,455,451
"Fdx1l",5,11,10,12,9,8,8,16
"Fdxacb1",225,345,357,387,350,330,346,382
"Fdxr",496,1077,1082,973,1024,1226,1075,913
"Fech",2798,5177,6308,5706,5309,5456,5569,5513
"Fem1a",1909,3407,4086,3407,3359,3106,2967,3191
"Fem1b",1774,3072,2979,3507,3122,2988,2992,3074
"Fem1c",569,1113,913,1162,1281,1118,1033,1095
"Fen1",1001,1429,1399,1658,1354,948,916,1152
"Fendrr",1,0,0,1,0,1,0,0
"Fer",861,2095,1414,1916,2145,2318,2049,1947
"Fer1l5",196,421,342,345,420,466,430,399
"Fermt2",4844,8835,8005,9789,9538,9729,8330,8866
"Fermt3",12,7,14,20,16,12,16,20
"Fes",19,31,36,34,32,35,24,38
"Fetub",55,367,138,124,333,531,655,490
"Fez1",51,134,127,75,150,172,211,195
"Fez2",933,1656,1758,1697,1560,1578,1755,1774
"Ffar4",6,3,2,8,2,2,2,4
"Fga",1,3,2,2,1,4,2,2
"Fgb",0,2,3,0,2,4,4,3
"Fgd1",510,817,896,919,787,643,710,818
"Fgd2",36,63,51,56,46,56,52,42
"Fgd3",912,1498,2223,1928,1510,1147,1169,1401
"Fgd4",21,53,37,53,48,61,53,49
"Fgd6",134,271,290,307,296,322,307,320
"Fgf1",9,11,6,12,8,2,9,20
"Fgf10",112,320,86,165,251,345,282,206
"Fgf11",785,1436,1554,1484,1568,1671,1115,1228
"Fgf13",41,60,105,63,107,46,29,103
"Fgf14",1,1,0,1,2,2,2,0
"Fgf15",3,3,2,3,2,1,1,1
"Fgf16",0,1,1,0,1,0,0,1
"Fgf17",1,1,0,1,1,3,2,1
"Fgf18",1,1,0,2,0,0,0,0
"Fgf2",25,67,27,47,35,44,37,51
"Fgf21",491,1147,764,790,1145,1489,1034,911
"Fgf22",0,1,4,3,2,6,1,3
"Fgf23",0,1,1,0,0,1,1,4
"Fgf5",68,148,89,103,143,158,116,113
"Fgf7",713,2254,1564,2092,1956,2539,3694,3477
"Fgf9",5,6,18,8,11,1,0,8
"Fgfbp1",171,251,315,232,313,178,109,318
"Fgfbp3",18,32,43,45,36,36,40,49
"Fgfr1",4520,10567,9606,8968,10419,12949,16170,13412
"Fgfr1op",693,1351,1365,1415,1404,1405,1357,1436
"Fgfr1op2",1499,3052,2515,2862,3190,3167,2715,3053
"Fgfr2",108,200,164,221,186,134,139,191
"Fgfr3",74,151,157,137,128,103,74,122
"Fgfr4",1966,2754,3659,3823,2500,1884,1455,1901
"Fgfrl1",906,1544,2066,1670,1500,1545,1650,1845
"Fgg",0,1,0,1,0,0,1,1
"Fggy",418,801,790,854,782,799,658,635
"Fgl1",5,2,0,6,3,2,0,3
"Fgl2",18,26,27,34,25,25,51,45
"Fh1",2134,3544,4154,4114,3615,3246,3099,3508
"Fhad1",1,2,2,1,1,1,0,1
"Fhdc1",171,235,141,244,215,183,124,159
"Fhl1",8473,14802,14051,14150,16262,14671,11126,12402
"Fhl2",1849,2995,3387,3543,2905,2568,2147,2593
"Fhl3",1174,1735,2109,2199,1689,1375,1325,1589
"Fhl4",30,51,59,51,59,41,29,26
"Fhod1",961,1784,1780,1851,1705,1426,1328,1457
"Fhod3",1007,1542,2079,2058,1626,1350,1207,1468
"Fibcd1",9,28,19,17,16,21,16,22
"Fibin",395,680,806,683,774,722,716,748
"Fibp",888,1829,1856,1795,1679,1942,2119,1974
"Ficd",353,797,699,666,768,945,1069,964
"Fig4",1049,2082,2487,2131,2161,2049,2163,2199
"Figf",441,893,946,1007,787,1080,1456,1190
"Fign",2,6,13,6,4,9,6,5
"Fignl1",813,1069,871,1358,1129,694,510,837
"Fignl2",11,17,15,15,9,10,12,32
"Filip1",480,982,1078,931,1048,936,684,949
"Filip1l",1632,4319,2655,3243,3842,4068,3397,3601
"Fip1l1",1174,2374,2059,2434,2489,2256,2160,2179
"Firre",380,858,845,876,1014,1099,1117,1048
"Fis1",2167,4385,4845,4281,4170,4076,4285,4219
"Fitm1",13,16,18,23,23,19,12,8
"Fitm2",541,954,1172,918,944,873,963,1011
"Fiz1",486,1025,907,865,935,957,993,977
"Fjx1",11,10,23,19,21,22,14,26
"Fkbp10",7153,10716,12510,12604,10482,9051,9200,10392
"Fkbp11",468,979,889,945,947,1070,1035,1044
"Fkbp14",2009,3469,3608,3834,3436,3317,3019,3333
"Fkbp15",1124,2116,2090,2063,2059,2035,2096,2105
"Fkbp1a",9202,15594,17426,17088,15382,14605,15141,15182
"Fkbp1b",109,193,213,179,176,173,161,192
"Fkbp2",579,1237,1089,1002,1230,1298,1313,1131
"Fkbp3",1335,2124,2440,2340,2299,2139,1853,2161
"Fkbp4",3859,7279,7672,7291,6966,6677,7361,7062
"Fkbp5",1106,1648,2011,1996,1692,1227,1140,1555
"Fkbp7",1276,2577,3044,2653,2590,2294,2115,2504
"Fkbp8",3504,6663,6789,6468,6427,6338,6571,6329
"Fkbp9",11231,20806,21893,21591,19896,18635,18513,19550
"Fkbpl",195,359,409,344,373,434,429,366
"Fkrp",743,1129,1092,1227,1131,1054,1016,1130
"Fktn",204,583,338,473,586,552,603,562
"Flad1",364,835,780,701,784,810,870,822
"Flcn",1117,2558,2512,2040,2485,2690,2996,2652
"Flii",4282,8064,8430,7766,7945,7988,8195,7729
"Flna",42825,76262,77350,81200,73910,61570,67863,68997
"Flnb",11850,22385,18424,21448,22814,19540,22049,20553
"Flnc",13628,25695,26112,24810,25975,23650,20781,21640
"Flot1",1568,3770,3097,2955,3533,3979,4311,3456
"Flot2",2617,4946,5338,4949,4774,4686,5078,4988
"Flrt1",21,31,30,39,21,14,8,24
"Flrt2",899,2371,1274,1623,2017,1794,1469,1673
"Flrt3",0,0,0,0,0,2,2,2
"Flt1",60,121,55,82,104,106,82,79
"Flt3",6,5,1,6,10,9,7,5
"Flt3l",70,126,94,117,125,152,122,110
"Flt4",0,1,0,1,0,2,0,0
"Flywch1",870,1785,2166,1787,1843,1699,2053,2092
"Flywch2",3,14,16,10,10,23,20,22
"Fmn1",388,1067,745,803,901,1086,996,945
"Fmn2",7,17,17,12,16,19,16,13
"Fmnl1",327,601,657,569,627,471,370,549
"Fmnl2",434,1269,795,1012,1111,1261,1217,1131
"Fmnl3",4185,7611,7309,7675,7391,6633,7032,7091
"Fmo1",3014,8466,9962,8810,8458,11191,11618,9231
"Fmo2",55,225,203,250,234,386,289,216
"Fmo3",1,6,1,2,4,6,4,0
"Fmo4",9,28,42,40,26,31,28,31
"Fmo5",51,132,101,94,138,164,142,115
"Fmod",2471,2634,1935,3474,2266,799,413,1675
"Fmr1",896,3418,1914,2401,2731,3378,5165,4872
"Fmr1os",1,1,0,2,3,1,2,1
"Fn1",240454,543423,417360,435376,538210,580293,588617,501174
"Fn3k",214,387,499,379,377,336,291,425
"Fn3krp",419,867,1028,873,860,799,878,863
"Fnbp1",1023,2030,1710,1805,2075,2148,2083,2034
"Fnbp1l",635,1997,1066,1446,1766,1666,1430,1430
"Fnbp4",958,2034,1608,2001,2158,2055,1842,2039
"Fndc1",15244,26913,25273,28233,25418,22256,17572,20323
"Fndc3a",874,3436,1706,2267,3347,4352,4165,3416
"Fndc3b",4728,11097,8367,10401,12520,13420,12138,10998
"Fndc4",322,512,650,614,523,433,522,562
"Fndc5",655,1030,1571,1277,976,831,569,885
"Fndc7",9,21,23,19,25,18,14,18
"Fndc8",0,0,3,2,2,2,2,6
"Fndc9",1,11,17,7,14,8,12,21
"Fnip1",542,2119,1129,1248,1681,2149,2124,1926
"Fnip2",405,1100,749,796,1268,1513,2150,1821
"Fnta",2141,4037,4589,4345,3924,3846,4106,4126
"Fntb",844,1552,1417,1515,1518,1396,1352,1485
"Focad",1121,2243,2203,2239,2159,2222,2166,2108
"Folh1",2,4,4,4,1,1,1,1
"Folr1",5,7,6,6,5,7,6,4
"Folr2",1,8,14,7,6,8,14,11
"Fopnl",1129,1913,2165,2107,1907,1794,1797,1942
"Fos",271,460,142,339,465,488,391,284
"Fosb",49,81,58,88,75,103,81,86
"Fosl1",148,261,169,192,281,289,478,420
"Fosl2",5241,11808,10535,10232,12690,14237,16610,15163
"Foxa1",0,1,1,0,1,1,1,0
"Foxa3",3,7,7,9,4,6,8,6
"Foxc1",424,1123,814,963,1324,1734,1643,1439
"Foxc2",165,331,355,353,343,399,419,439
"Foxd1",2,5,5,4,4,1,0,2
"Foxd2",43,64,48,81,61,108,94,65
"Foxd2os",108,158,147,189,131,138,99,122
"Foxf1",10,22,1,12,10,12,5,12
"Foxf2",406,748,747,814,791,751,848,938
"Foxg1",0,3,2,0,3,3,2,0
"Foxh1",0,2,2,0,0,1,2,3
"Foxj1",5,4,3,6,6,3,2,8
"Foxj2",891,1719,1544,1611,1671,1769,1859,1765
"Foxj3",1246,2381,2188,2468,2629,2730,2696,2656
"Foxk1",1190,2190,2263,2300,2373,2509,2666,2459
"Foxk2",3131,5354,5185,5799,5466,5190,5587,5322
"Foxl1",84,203,227,182,199,242,290,247
"Foxm1",1757,2149,2066,2702,2144,1120,907,1519
"Foxn1",11,24,19,15,16,21,12,7
"Foxn2",455,1201,797,1074,1141,1129,1011,1057
"Foxn3",187,435,312,411,470,399,487,346
"Foxo1",1290,1989,1910,2348,2201,1703,1391,2071
"Foxo3",558,1206,1048,1065,1243,1130,1290,1176
"Foxo4",872,2047,1938,1726,2072,2009,2008,1970
"Foxo6",342,541,593,582,551,510,362,445
"Foxp1",1231,2649,1910,2557,2502,2530,2347,2498
"Foxp3",3,0,2,3,3,3,2,2
"Foxp4",1015,1748,1828,1923,1762,1660,1729,1741
"Foxq1",184,402,408,396,387,447,590,521
"Foxred1",419,895,1078,933,841,794,934,985
"Foxred2",461,1120,1022,986,1137,1489,1889,1482
"Foxs1",573,786,841,952,811,666,609,755
"Fpgs",592,933,1103,1039,940,828,1010,997
"Fpgt",293,944,559,684,815,901,755,754
"Fra10ac1",211,505,444,563,503,514,458,564
"Fras1",61,67,84,96,68,26,22,69
"Frat1",9,18,38,20,16,21,37,31
"Frat2",36,61,55,76,69,69,137,118
"Frem1",55,98,207,173,90,79,61,77
"Frem2",28,35,54,44,48,6,1,60
"Frg1",930,1900,1996,1920,1777,1897,1860,1978
"Frk",299,667,453,646,533,548,523,621
"Frmd3",3,5,3,7,6,13,9,7
"Frmd4a",2169,4281,4015,4425,4724,4658,4220,4065
"Frmd4b",72,114,184,151,140,106,89,144
"Frmd5",20,47,48,56,52,61,47,55
"Frmd6",5085,8132,9023,9427,8397,7854,7237,7574
"Frmd8",1748,3446,3856,3535,3146,3128,3591,3410
"Frmpd1",1206,2153,2712,2129,2228,1928,1433,1803
"Frmpd4",3,2,0,5,1,2,0,0
"Frrs1",223,670,526,438,708,866,981,760
"Frs2",1516,3122,2793,3261,3209,3158,2908,2909
"Frs3",70,123,128,114,110,119,161,136
"Frs3os",2,3,6,5,7,8,13,8
"Fry",54,100,106,104,84,64,45,75
"Fryl",987,1998,1804,1934,2140,2260,2119,1979
"Frzb",5,4,17,5,12,5,6,12
"Fsbp",5,15,9,6,14,4,6,9
"Fscn1",8865,14535,16335,16820,13929,12842,12096,11998
"Fscn2",8,1,4,8,2,2,4,5
"Fscn3",0,0,2,0,2,1,1,0
"Fsd1",5,9,14,10,8,13,11,8
"Fsd1l",186,517,266,372,418,397,319,413
"Fsd2",27,61,100,47,53,59,48,52
"Fsip1",6,21,6,9,16,17,21,4
"Fst",2527,3596,5612,5230,3920,1900,1249,3859
"Fstl1",38165,61215,65925,71812,65474,55286,58399,66658
"Fstl3",435,704,720,642,613,552,520,667
"Ftcd",0,2,6,3,0,4,4,2
"Fth1",24787,50559,58456,48392,46150,55142,63620,59354
"Ftl1",13387,40738,33668,26363,38119,47839,60695,51725
"Fto",5315,9600,10658,10325,8931,9021,8881,8999
"Ftsj1",849,1572,2035,1642,1500,1401,1523,1619
"Ftsj2",163,289,335,292,313,295,295,298
"Ftsj3",1998,3547,4844,4504,3923,3333,3910,4298
"Ftx",95,300,201,277,279,273,224,282
"Fubp1",1625,2585,3411,3521,2872,2495,2237,2790
"Fubp3",1455,2947,2709,3297,3229,3197,3010,3028
"Fuca1",1511,3291,3326,2941,3106,3358,3538,3216
"Fuca2",482,1021,896,888,1056,1204,1196,978
"Fuk",375,745,777,756,722,783,893,789
"Fundc1",899,2061,1696,2044,2227,2535,2147,2065
"Fundc2",2297,4679,4819,4737,4598,4554,4073,4498
"Fuom",115,236,271,216,194,212,255,227
"Furin",3974,7106,7505,7270,7102,6368,6902,7319
"Fus",5561,8931,11115,11458,9284,7268,7753,8418
"Fut1",5,15,11,14,21,23,13,16
"Fut10",516,864,913,968,798,831,894,859
"Fut11",1211,2118,2322,2465,2237,2026,1906,2150
"Fut2",9,13,14,18,11,14,3,9
"Fut4",104,179,204,193,187,187,170,192
"Fut7",3,3,5,6,6,4,2,6
"Fut8",893,1699,1550,1923,1867,1732,1596,1797
"Fut9",6,16,11,15,12,7,9,15
"Fuz",267,482,445,480,453,459,428,395
"Fv1",58,97,115,124,108,91,96,119
"Fxn",186,303,324,347,293,266,291,283
"Fxr1",2920,6614,5250,6195,6729,7172,5203,5727
"Fxr2",2831,5562,5765,5261,5684,5414,5785,5649
"Fxyd1",40,81,124,116,87,88,85,96
"Fxyd4",4,6,5,6,6,8,7,4
"Fxyd5",457,727,830,912,730,593,1160,1349
"Fxyd6",90,84,299,160,152,27,18,189
"Fyb",8,27,24,18,29,49,35,30
"Fyco1",1207,2563,2659,2754,3094,3247,3045,2917
"Fyn",3182,6755,6488,5979,7462,8881,7862,6737
"Fyttd1",2334,5819,4596,5286,5513,5908,4813,5149
"Fzd1",5418,9679,9459,10496,9813,10344,10013,9877
"Fzd2",2012,3185,4137,3745,3316,2820,2354,3143
"Fzd3",296,678,475,554,631,660,515,573
"Fzd4",67,135,110,142,165,196,281,221
"Fzd5",433,854,791,889,857,923,706,661
"Fzd6",792,1241,1245,1435,1313,1119,981,1124
"Fzd7",1581,3174,3402,3093,3292,3700,3953,3831
"Fzd8",134,226,196,239,238,205,173,230
"Fzd9",34,35,56,47,56,40,40,52
"Fzr1",1518,2488,2574,2684,2442,2166,2095,2158
"G0s2",1052,1379,1542,1770,1263,822,707,1079
"G2e3",384,980,562,787,714,670,625,711
"G3bp1",5227,8402,9281,9754,9197,8136,7830,8321
"G3bp2",3302,6386,6214,6906,6499,6198,6088,6462
"G530011O06Rik",5,10,4,5,4,2,11,11
"G630025P09Rik",2,1,5,1,1,0,5,4
"G630071F17Rik",3,3,5,2,5,3,1,3
"G630090E17Rik",7,29,26,16,31,49,54,37
"G6b",1,0,1,2,1,0,1,0
"G6pc3",929,1911,2003,1801,1797,2117,2181,2095
"G6pdx",1910,3979,4680,4078,3970,4080,5576,5435
"Gaa",3737,9046,7511,7027,8492,10552,10342,8430
"Gab1",1157,2045,2119,2284,2062,2095,1874,1988
"Gab2",472,1040,1118,970,1116,1103,1383,1324
"Gab3",4,5,4,6,0,2,1,2
"Gabarap",7980,17255,16152,14834,16009,18867,18982,16901
"Gabarapl1",2191,4761,5627,4581,4422,5160,7075,6357
"Gabarapl2",1259,2186,2198,1969,2152,2244,2250,2163
"Gabbr1",510,1342,1246,1238,1367,1443,1470,1329
"Gabbr2",4,0,3,6,2,2,2,1
"Gabpa",1073,3010,1864,2383,2449,2590,2265,2343
"Gabpb1",677,1154,1129,1301,1162,1053,934,1215
"Gabpb2",896,2032,1266,1798,2211,2049,1983,2026
"Gabra1",1,4,1,1,0,1,1,2
"Gabrb2",12,14,15,16,8,8,9,13
"Gabrd",1,1,8,4,2,1,0,2
"Gabre",72,142,126,139,155,148,112,150
"Gabrg2",0,6,1,0,0,2,1,0
"Gabrr2",5,9,19,14,11,19,12,10
"Gad1os",1,0,1,1,3,1,8,4
"Gadd45a",1877,3732,3145,3060,4261,5590,6129,6045
"Gadd45b",1009,1691,2719,2082,1673,1576,1487,1812
"Gadd45g",1645,2465,3085,3120,2770,2254,1671,2187
"Gadd45gip1",691,1160,1276,1210,1061,981,1075,1057
"Gadl1",14,30,45,22,31,17,14,24
"Gak",2133,4258,4324,4264,4201,4348,5052,4782
"Gal",2,0,2,3,2,1,1,5
"Gal3st1",0,1,1,1,1,1,1,1
"Gal3st3",1,5,5,3,11,11,4,11
"Gal3st4",7,8,13,10,10,6,10,12
"Galc",671,1562,1356,1285,1680,1974,2054,1670
"Gale",440,744,663,736,794,687,572,568
"Galk1",1651,3345,2820,2724,2989,3182,3050,2790
"Galk2",1485,3237,2832,2787,3164,3746,4719,3933
"Galm",222,566,606,484,626,732,769,694
"Galns",690,1251,1413,1263,1177,1260,1326,1166
"Galnt1",2793,5144,4654,5661,5920,5905,5606,5778
"Galnt10",3599,7226,7652,7043,6845,6922,7936,7372
"Galnt11",1472,2752,2886,2960,2721,2540,2536,2720
"Galnt12",0,0,0,0,0,1,2,1
"Galnt13",0,1,1,1,7,5,4,10
"Galnt15",32,83,60,66,71,96,119,82
"Galnt16",4,12,19,7,11,9,3,11
"Galnt18",325,582,452,561,584,588,615,638
"Galnt2",3025,6234,5606,5584,6301,6815,8117,7310
"Galnt3",1,0,1,2,3,0,0,0
"Galnt4",822,1506,1542,1683,1730,1780,1668,1674
"Galnt5",13,18,18,26,11,7,6,33
"Galnt6",499,656,1272,846,706,479,353,674
"Galnt7",405,1130,755,958,1072,1120,1145,1127
"Galnt9",7,14,10,10,4,4,5,4
"Galr1",0,0,1,0,0,0,1,1
"Galr2",48,78,79,92,78,103,79,81
"Galr3",4,5,10,12,3,2,2,2
"Galt",74,139,154,165,150,169,219,178
"Gamt",841,1518,2062,1732,1406,1300,973,1091
"Gan",57,105,110,104,122,87,115,93
"Ganab",4536,8813,8332,8888,8655,8668,9315,8867
"Ganc",378,625,512,638,684,714,650,599
"Gap43",362,689,532,643,778,749,597,415
"Gapdh",33614,67342,62629,59463,62660,70230,77725,72633
"Gapdhs",39,62,77,72,55,70,100,74
"Gapvd1",1825,3659,3299,3658,3947,3850,3730,3588
"Gar1",454,751,854,891,783,574,708,751
"Garem",134,261,166,230,276,224,255,218
"Gareml",44,61,56,71,61,74,118,86
"Garnl3",223,532,373,402,489,488,463,480
"Gars",5344,11548,12722,10639,11636,12527,13940,13303
"Gart",1631,2888,3630,3249,2750,2296,2731,3043
"Gas1",13599,27434,26147,28086,27486,34284,35490,30362
"Gas2",323,706,437,602,704,884,760,541
"Gas2l1",1954,3728,3299,3384,3520,3586,3630,3433
"Gas2l3",480,949,553,837,731,588,474,579
"Gas5",1096,1686,1994,2078,1837,1724,1997,2279
"Gas6",2406,4664,5441,4662,4477,4503,4499,4854
"Gas7",288,441,366,491,430,303,333,449
"Gas8",505,928,1035,935,924,877,932,912
"Gast",0,0,0,1,0,1,1,0
"Gata2",656,1110,1292,1297,1096,1021,1164,1238
"Gata3",96,197,164,184,239,223,223,207
"Gata4",410,733,748,749,757,753,800,770
"Gata6",17,27,11,22,52,54,36,30
"Gatad1",1923,3245,3876,3578,3511,3176,3171,3401
"Gatad2a",2515,4403,4699,4467,4484,4173,4047,4191
"Gatad2b",377,823,731,761,879,675,717,723
"Gatb",281,567,529,534,495,534,501,479
"Gatc",399,747,783,858,884,878,756,861
"Gatm",2587,4792,4729,5190,5442,5156,3952,4045
"Gatsl2",891,1854,2024,1900,1859,1699,2125,1876
"Gatsl3",122,220,205,236,193,160,138,185
"Gba",1438,3670,3347,2920,3494,4055,4525,3783
"Gba2",221,503,514,445,420,368,428,494
"Gbas",1989,3724,4368,4086,3745,3541,3387,3662
"Gbe1",553,1396,1059,1155,1480,2089,2561,2361
"Gbf1",3895,7850,7404,7451,7530,7350,7186,6733
"Gbgt1",0,0,3,1,2,1,3,1
"Gbp10",107,249,180,204,290,298,149,191
"Gbp11",13,29,22,35,41,42,25,30
"Gbp2",100,226,158,180,280,196,207,227
"Gbp2b",57,143,87,120,197,167,156,151
"Gbp3",48,91,49,85,115,80,62,74
"Gbp4",73,237,155,157,253,265,134,157
"Gbp5",7,11,14,13,16,22,28,16
"Gbp6",42,102,77,104,120,118,77,91
"Gbp7",25,54,21,46,65,55,46,55
"Gbp8",118,291,232,223,325,342,179,211
"Gbp9",123,271,193,257,273,237,157,203
"Gbx1",1,1,0,4,5,9,10,2
"Gbx2",4,5,0,4,4,1,1,2
"Gc",1,12,12,4,7,3,6,7
"Gca",4,8,11,6,12,10,5,6
"Gcat",122,287,254,218,266,261,259,239
"Gcc1",641,1304,1374,1264,1232,1377,1585,1383
"Gcc2",126,450,363,330,452,565,495,508
"Gcdh",666,1287,1490,1303,1244,1176,1272,1320
"Gcfc2",113,234,215,225,218,246,241,240
"Gch1",195,442,468,398,431,537,827,759
"Gchfr",677,1392,1498,1362,1211,1388,1444,1120
"Gck",2,3,4,7,9,8,11,7
"Gckr",0,2,1,0,1,1,0,4
"Gclc",926,1661,1913,1923,1829,1794,2431,2640
"Gclm",346,757,765,723,871,955,1534,1397
"Gcn1l1",2777,5066,5109,5113,5021,4504,5225,4924
"Gcnt1",94,202,132,175,239,211,121,150
"Gcnt2",941,1513,1719,1781,1597,1451,1558,1759
"Gcnt3",1,2,4,5,6,5,3,2
"Gcnt4",398,684,695,871,741,652,558,678
"Gcnt7",0,0,8,3,0,0,2,2
"Gcsh",668,1070,1288,1079,1043,1006,1128,1112
"Gda",23,193,42,58,200,345,1196,1142
"Gdap1",0,1,1,0,6,2,1,0
"Gdap10",8,14,7,17,13,24,20,17
"Gdap1l1",5,7,2,5,2,4,9,5
"Gdap2",645,1211,1262,1205,1344,1355,1404,1311
"Gde1",1232,2417,2620,2330,2336,2429,2308,2325
"Gdf11",373,814,854,741,869,715,734,798
"Gdf15",266,780,352,434,712,896,966,809
"Gdf2",0,1,0,1,1,0,0,0
"Gdf5",54,52,78,74,51,25,18,50
"Gdf6",59,93,90,84,132,61,41,102
"Gdf7",4,5,7,6,10,6,7,11
"Gdf9",23,42,55,49,51,58,60,63
"Gdi1",2634,5190,4864,5177,5216,5069,5099,4948
"Gdi2",11364,20099,21071,22184,20945,21189,19922,20235
"Gdnf",444,1117,812,805,1221,1408,1735,1492
"Gdpd1",427,991,774,733,1020,1305,1581,1328
"Gdpd2",131,286,297,267,251,267,436,373
"Gdpd3",17,35,28,40,42,32,30,41
"Gdpd5",280,660,411,443,617,707,665,546
"Gdpgp1",61,144,161,138,167,174,216,152
"Gem",702,1136,1408,1466,1137,993,926,1088
"Gemin2",278,440,566,528,491,426,452,538
"Gemin4",733,1207,1296,1364,1227,1114,1176,1219
"Gemin5",1144,2186,2268,2159,2118,1754,2212,2118
"Gemin6",303,454,557,562,519,428,438,492
"Gemin7",600,1079,1241,1096,1148,1039,1066,1087
"Gemin8",201,311,291,304,319,293,338,319
"Gen1",224,378,257,391,298,161,138,240
"Get4",1304,2232,2596,2427,2144,1971,2044,2050
"Gfap",11,10,8,11,8,2,1,5
"Gfer",383,675,755,710,655,589,718,707
"Gfi1",4,4,0,6,8,11,9,5
"Gfm1",1419,2314,3005,2837,2612,2366,2516,2661
"Gfm2",769,1589,1602,1470,1526,1499,1438,1499
"Gfod1",941,1800,1574,1597,1940,1952,2132,1926
"Gfod2",207,361,464,398,394,352,423,390
"Gfpt1",1965,4266,3289,4079,4496,4331,3813,3875
"Gfpt2",47,61,55,76,55,37,51,73
"Gfra1",1856,3796,3095,3405,3595,4086,4352,3420
"Gfra2",1154,1666,1671,2084,1696,1342,1437,1799
"Gfra4",322,475,445,502,455,509,373,439
"Gfral",0,1,1,0,2,2,8,9
"Gga1",1854,3722,3576,3421,3728,3936,3889,3624
"Gga2",2364,5229,4815,4361,5159,5319,5010,4682
"Gga3",626,1227,1247,1207,1225,1111,1174,1151
"Ggact",134,311,309,252,255,315,335,363
"Ggct",95,191,240,223,217,228,203,227
"Ggcx",1380,2790,2317,2402,2561,2787,2649,2532
"Ggh",918,1751,1811,1780,1760,2034,1898,1907
"Ggn",43,76,52,55,57,64,56,41
"Ggnbp1",14,37,27,33,33,42,36,42
"Ggnbp2",1247,3084,2478,2850,3184,3440,3252,3184
"Ggnbp2os",19,14,39,44,25,34,43,40
"Ggps1",512,1296,1062,1175,1165,1278,1235,1239
"Ggt1",2,0,2,2,5,1,1,1
"Ggt5",9,23,33,16,13,21,31,31
"Ggt7",178,329,362,352,334,354,338,348
"Ggta1",1137,2215,2509,2492,2296,2425,3212,3114
"Ghdc",288,597,662,589,672,697,755,667
"Ghitm",5897,11643,13303,12113,12843,13802,14392,14528
"Ghr",1745,6127,3528,4176,4926,6748,5100,4343
"Ghrl",6,14,8,14,6,7,13,10
"Gid4",1033,1878,1768,1995,2070,2383,2307,2210
"Gid8",1973,3565,4151,3917,3589,3487,3618,3644
"Gigyf1",485,1046,1088,1081,1087,1172,1386,1158
"Gigyf2",1557,3519,3006,3688,4030,3656,3566,3547
"Gimap8",1,3,5,1,3,1,1,5
"Gimap9",3,9,7,9,11,5,14,8
"Gin1",118,284,232,280,265,274,272,256
"Ginm1",1076,2201,2325,2280,2297,2742,2875,2806
"Gins1",143,245,245,265,216,136,136,198
"Gins2",369,419,421,549,472,289,279,339
"Gins3",509,832,936,1037,795,652,604,770
"Gins4",687,1185,1183,1256,1132,1007,1036,1100
"Gipc1",2800,5057,5408,5095,4683,4627,5113,5144
"Gipc2",1,22,1,3,7,22,13,11
"Gipc3",6,13,8,7,14,7,5,8
"Gipr",5,54,11,15,58,100,103,67
"Git1",1943,3676,3508,3654,3596,3706,3870,3690
"Git2",1297,2416,2326,2462,2599,2498,2417,2279
"Gja1",3823,7143,6953,7829,7620,7557,7629,7835
"Gja3",9,11,36,16,25,15,12,14
"Gja4",5,9,13,8,4,7,5,5
"Gja5",559,847,1400,826,1044,701,421,1184
"Gja6",1,3,8,2,2,3,3,9
"Gjb1",0,0,0,1,1,1,0,0
"Gjb2",28,8,27,34,18,6,2,24
"Gjb3",502,556,573,717,560,107,54,546
"Gjb4",285,334,312,400,366,102,71,345
"Gjb5",109,118,148,179,114,35,20,96
"Gjc1",672,1147,1098,1190,1165,996,1057,1142
"Gjc2",8,16,4,14,13,16,14,13
"Gjd2",0,1,0,1,0,3,1,0
"Gjd3",1,0,0,1,0,1,1,0
"Gjd4",33,52,52,69,51,50,43,61
"Gk5",41,94,76,89,110,100,100,99
"Gkap1",395,693,604,782,842,783,696,805
"Gla",324,932,909,660,994,1253,2171,1938
"Glb1",1428,3221,2976,2773,3100,3563,3713,3163
"Glb1l",132,249,246,239,264,237,239,246
"Glcci1",173,522,287,416,546,615,543,459
"Glce",1569,3315,3109,3320,3716,3848,4205,4127
"Gldc",68,96,222,135,108,99,93,122
"Gle1",1312,2305,2442,2485,2105,2066,2230,2250
"Glg1",2373,5103,4348,4623,5312,4525,5334,4541
"Gli1",8,11,13,14,9,4,4,8
"Gli2",86,145,170,150,150,147,157,125
"Gli3",996,2099,1525,1987,2232,2088,1905,1986
"Glipr1",22,52,37,31,47,41,23,41
"Glipr2",3354,5581,5994,6285,5544,4391,3992,4825
"Glis1",3,15,16,10,14,10,12,8
"Glis2",1668,2291,2806,3058,2294,1695,1576,1967
"Glis3",347,798,464,705,957,1085,1194,1032
"Glmn",139,329,247,298,265,329,326,293
"Glmp",2585,6848,5435,4984,6322,7947,8573,6938
"Glo1",4728,7543,8128,7784,7675,7711,7519,7504
"Glod4",1975,4003,4284,3976,3927,4213,4208,3968
"Glod5",0,1,1,0,2,0,0,1
"Glp1r",3,1,1,1,3,3,2,2
"Glra4",1,1,0,2,0,0,0,2
"Glrb",433,1182,811,1030,1316,1678,1256,997
"Glrp1",6,20,4,10,13,27,21,17
"Glrx",1418,2961,3536,3342,2958,3426,4512,4068
"Glrx2",447,837,1031,906,766,841,873,885
"Glrx3",116,118,125,122,130,127,127,120
"Glrx5",753,1433,1780,1504,1381,1348,1601,1549
"Gls",1182,3240,2314,2801,3136,3175,2911,3047
"Gls2",60,110,107,114,124,111,116,87
"Glt28d2",166,366,297,333,353,440,421,399
"Glt8d1",1375,2751,2388,2549,2726,2842,2522,2655
"Glt8d2",221,383,309,392,365,265,208,236
"Gltp",1252,2080,2233,2138,2193,2065,2023,2012
"Gltpd2",0,1,1,2,0,3,1,1
"Gltscr1",334,647,670,643,650,668,641,604
"Gltscr1l",593,1209,1065,1258,1436,1460,1516,1484
"Gltscr2",2246,4517,4134,4110,4153,4500,4564,4155
"Glud1",6049,10716,12871,12334,11291,11269,12841,12543
"Glul",4451,7872,9292,8892,7124,6904,6811,6467
"Glyctk",39,68,45,61,62,53,66,61
"Glyr1",2447,4648,5114,4984,4877,4742,4946,4732
"Gm10012",6,18,11,24,17,16,24,17
"Gm10033",19,47,36,34,54,47,52,52
"Gm10046",1,3,6,6,1,4,3,4
"Gm10069",71,77,63,86,94,63,63,76
"Gm10125",5,9,12,10,5,11,12,3
"Gm10220",0,2,1,0,1,1,0,1
"Gm10248",1,0,2,1,0,0,0,0
"Gm10336",379,755,659,877,730,635,547,729
"Gm10364",1,0,1,3,2,2,4,4
"Gm10371",0,0,0,2,0,0,1,4
"Gm10373",0,0,3,0,0,0,1,2
"Gm10389",0,3,2,1,4,4,5,3
"Gm10390",0,0,1,2,1,0,0,1
"Gm10416",2,9,4,4,6,6,4,2
"Gm10421",14,22,33,21,12,14,13,14
"Gm10436",6,5,2,3,12,4,3,6
"Gm1045",6,6,6,11,10,7,6,11
"Gm10451",5,9,7,11,8,8,6,16
"Gm10471",0,1,0,0,0,0,2,1
"Gm10494",31,50,58,48,48,57,40,39
"Gm10509",38,134,91,79,97,119,119,112
"Gm10510",1,3,1,1,6,0,1,1
"Gm10516",34,52,72,70,49,58,71,71
"Gm10532",0,0,1,0,0,1,2,0
"Gm10536",0,0,0,0,1,2,1,0
"Gm10548",1,3,4,4,3,9,8,11
"Gm10549",0,2,0,1,2,2,1,1
"Gm10560",16,28,72,51,29,32,45,45
"Gm10584",7,27,17,16,19,15,15,17
"Gm10635",1,6,2,2,5,8,9,10
"Gm10638",6,23,21,15,13,21,32,32
"Gm10639",1,11,1,2,4,7,24,11
"Gm10640",2,1,0,1,1,0,0,1
"Gm10653",1,6,1,8,11,5,6,2
"Gm10658",8,15,22,23,18,12,14,11
"Gm10677",0,0,0,1,3,5,5,2
"Gm10714",0,1,0,0,2,1,0,0
"Gm10767",11,21,25,21,18,31,20,13
"Gm10778",4,15,7,12,10,10,14,23
"Gm10782",2,1,2,2,0,0,0,2
"Gm10785",14,28,19,22,22,21,29,18
"Gm10789",1,1,2,1,2,2,1,1
"Gm10790",2,3,8,5,2,5,6,0
"Gm10791",5,10,2,11,7,10,10,7
"Gm10804",1,4,4,2,3,2,1,2
"Gm10814",9,8,17,19,15,4,17,9
"Gm10865",0,1,0,2,0,2,7,3
"Gm10941",13,29,27,20,17,18,18,31
"Gm11110",65,118,64,91,112,145,172,131
"Gm11127",7,3,6,6,3,5,2,8
"Gm11149",5,2,11,8,6,4,2,10
"Gm11166",0,0,1,0,0,1,4,1
"Gm11201",2,2,4,4,0,3,5,7
"Gm11213",0,1,0,0,0,1,2,0
"Gm1123",0,0,2,0,0,1,1,3
"Gm1141",3,12,2,8,4,6,9,4
"Gm11413",0,1,2,0,1,1,2,0
"Gm11423",10,31,47,44,26,31,41,58
"Gm11437",0,0,0,0,1,1,1,0
"Gm11517",4,10,10,9,10,21,27,26
"Gm11549",3,1,1,2,3,0,0,2
"Gm11627",5,14,17,9,15,13,10,10
"Gm11665",11,28,24,35,27,32,23,21
"Gm11696",3,4,9,9,9,15,14,15
"Gm11715",4,1,1,3,3,0,1,1
"Gm11744",16,15,15,19,15,8,7,10
"Gm11747",1,0,1,0,0,1,0,0
"Gm11762",4,5,2,6,8,3,4,2
"Gm11837",2,0,4,2,5,2,2,3
"Gm11944",14,22,23,31,35,24,26,22
"Gm11974",182,350,447,388,331,304,360,420
"Gm11992",1,6,3,3,8,2,2,2
"Gm12060",0,1,0,0,0,2,1,1
"Gm12070",283,236,247,191,241,299,330,748
"Gm12185",20,28,13,34,26,26,16,20
"Gm12191",0,3,0,0,1,2,0,0
"Gm12216",17,27,32,39,22,13,12,34
"Gm12238",2,1,2,4,0,1,0,0
"Gm12250",4,11,4,6,5,12,11,13
"Gm12338",97,108,101,104,130,107,111,115
"Gm12359",2,19,30,18,10,11,26,27
"Gm12504",0,2,3,4,6,4,4,3
"Gm12522",4,1,6,7,4,3,8,4
"Gm12596",2,8,2,4,5,14,10,4
"Gm12603",9,22,17,19,19,21,23,16
"Gm12657",13,25,26,22,18,20,25,17
"Gm12695",0,2,1,0,2,1,2,0
"Gm128",0,1,1,1,1,3,4,0
"Gm12942",6,10,9,10,14,9,10,12
"Gm12992",12,19,8,19,18,9,10,10
"Gm13031",0,0,3,0,3,1,1,0
"Gm13034",0,3,4,1,0,0,2,2
"Gm13139",4,0,0,1,1,0,0,0
"Gm13152",1,2,0,3,4,1,0,2
"Gm13154",3,6,6,6,7,7,4,12
"Gm13157",1,5,1,1,0,3,3,0
"Gm13212",0,0,1,1,0,2,0,0
"Gm13247",3,3,3,1,3,2,4,2
"Gm13251",0,1,2,2,2,0,1,1
"Gm13271",0,2,1,1,2,3,2,5
"Gm13275",1,2,2,1,1,0,0,3
"Gm13276",0,5,3,5,5,6,3,6
"Gm13283",1,1,1,1,1,1,0,0
"Gm13286",2,0,1,2,2,2,0,1
"Gm13293",2,8,3,5,7,2,3,4
"Gm13375",63,139,137,130,115,127,123,108
"Gm13446",1,3,0,1,0,0,0,0
"Gm13483",4,10,13,12,16,9,13,19
"Gm13544",17,26,25,30,31,50,37,28
"Gm13547",0,3,2,2,0,4,1,4
"Gm13582",0,0,1,0,3,0,1,0
"Gm136",0,0,0,1,1,1,1,0
"Gm13710",7,7,9,0,4,2,8,6
"Gm13749",1,0,0,1,0,2,1,0
"Gm13807",72,118,121,129,163,120,101,98
"Gm13830",1,2,2,1,3,3,4,3
"Gm13889",65,114,113,99,115,108,96,84
"Gm13985",6,10,11,12,13,14,9,13
"Gm13986",22,35,24,38,41,36,29,32
"Gm14005",573,1051,870,973,1045,969,944,1035
"Gm14023",2,7,11,5,14,20,21,19
"Gm14057",20,20,31,28,26,29,30,32
"Gm14124",0,5,4,3,1,5,4,8
"Gm14137",329,590,557,542,627,618,541,569
"Gm14139",23,43,37,53,65,51,49,67
"Gm14288",0,0,0,0,0,1,2,1
"Gm14295",73,149,159,126,152,180,189,181
"Gm14305",90,120,161,121,138,182,161,160
"Gm14322",21,39,31,22,23,38,37,43
"Gm14325",125,317,284,267,304,361,351,362
"Gm14326",73,176,174,146,156,189,195,212
"Gm14327",16,35,48,33,30,39,32,36
"Gm14379",3,13,12,10,12,16,26,7
"Gm14391",1,0,0,1,1,0,0,1
"Gm14393",4,5,3,8,6,4,3,2
"Gm14403",37,115,101,77,71,100,107,107
"Gm14420",98,220,201,163,215,260,243,226
"Gm14436",4,1,0,3,3,1,1,1
"Gm14440",9,3,0,5,8,3,8,5
"Gm14634",2,10,9,11,11,7,11,5
"Gm14635",258,361,597,472,443,405,274,360
"Gm14827",1,4,3,1,2,2,2,4
"Gm15008",0,1,1,0,1,1,0,0
"Gm15097",4,8,3,13,13,5,6,12
"Gm15104",0,2,1,0,0,2,0,0
"Gm15127",0,0,1,1,0,0,1,1
"Gm15179",0,0,0,1,1,0,1,1
"Gm15217",13,14,14,15,5,16,8,14
"Gm15326",0,0,0,1,1,0,1,1
"Gm15328",1,3,5,1,3,1,0,4
"Gm15401",3,12,5,6,9,11,9,6
"Gm15408",1,9,18,9,10,7,5,16
"Gm15413",1,10,7,2,4,12,13,16
"Gm15417",48,128,157,131,128,136,167,163
"Gm15421",27,44,35,32,33,35,31,30
"Gm15441",1,3,7,3,2,5,4,4
"Gm15446",11,28,22,18,14,16,15,16
"Gm15455",4,9,9,7,8,2,6,10
"Gm15471",1,2,1,2,2,1,0,4
"Gm15545",25,29,46,48,34,43,46,50
"Gm15612",2,10,21,12,14,8,12,13
"Gm1564",4,2,4,6,7,7,7,3
"Gm15663",4,3,2,7,6,9,12,2
"Gm15694",14,10,18,23,26,30,17,15
"Gm15698",4,5,4,4,6,4,1,5
"Gm15706",9,30,23,21,27,27,26,25
"Gm15708",13,15,19,31,28,21,28,24
"Gm15760",47,79,95,101,86,66,73,87
"Gm15787",5,19,28,18,14,23,20,18
"Gm15800",930,2060,1760,1762,2190,2081,2152,2019
"Gm15816",625,980,1203,1038,1057,906,704,763
"Gm15850",0,0,2,0,1,1,3,1
"Gm15867",445,724,953,891,748,726,526,678
"Gm15908",9,25,15,10,15,14,15,16
"Gm15910",0,3,2,4,4,1,0,1
"Gm15915",3,6,9,6,5,4,6,8
"Gm15972",0,3,2,3,3,3,5,2
"Gm15987",1,4,6,3,5,4,18,15
"Gm1600",4,7,7,10,9,4,2,5
"Gm16023",8,20,19,23,11,16,22,14
"Gm16062",14,13,7,10,13,16,15,11
"Gm16159",1,4,3,2,7,6,3,6
"Gm16325",1,0,1,2,2,0,0,0
"Gm16386",16,21,21,27,16,27,27,24
"Gm16432",3,4,6,8,4,11,7,6
"Gm16532",0,2,1,0,1,0,0,1
"Gm16576",47,70,74,95,77,74,90,98
"Gm16596",18,30,27,27,31,19,24,31
"Gm166",54,90,95,94,96,100,79,94
"Gm1661",7,20,10,10,17,15,11,6
"Gm16617",11,8,8,15,13,8,15,16
"Gm16675",10,30,19,13,33,27,39,34
"Gm16701",1,1,1,0,1,1,4,1
"Gm16712",0,1,1,2,2,3,3,1
"Gm1673",13,25,15,25,11,16,20,13
"Gm16740",4,2,8,6,2,2,10,3
"Gm16793",3,10,6,6,7,3,3,6
"Gm16796",2,3,2,2,4,4,2,5
"Gm16845",20,47,32,36,52,69,69,60
"Gm16853",1,1,1,2,1,3,1,1
"Gm16861",5,34,41,21,30,34,49,30
"Gm16894",4,2,4,5,1,3,4,5
"Gm16897",6,16,16,26,22,10,11,23
"Gm16907",63,152,120,130,179,149,180,139
"Gm16938",10,11,11,11,11,12,6,9
"Gm16973",33,69,64,84,49,67,70,70
"Gm16982",6,17,15,11,9,8,14,17
"Gm16998",0,0,0,1,1,0,1,0
"Gm17066",133,435,329,309,412,547,438,491
"Gm1720",2,1,1,5,1,2,0,4
"Gm17252",1,3,6,1,1,3,2,0
"Gm17296",206,414,329,387,446,418,482,433
"Gm17455",61,138,144,98,93,152,118,103
"Gm17746",1,2,1,1,2,1,3,1
"Gm17762",4,6,7,10,6,5,3,5
"Gm17769",7,12,15,17,17,11,12,9
"Gm1821",251,777,235,381,212,389,282,471
"Gm18409",1,0,0,1,0,0,1,1
"Gm19276",2,10,1,2,3,2,3,1
"Gm19277",0,0,1,0,0,0,1,2
"Gm19299",12,19,20,20,14,11,8,11
"Gm19345",2,0,0,1,0,3,1,1
"Gm19395",2,1,1,2,2,0,0,1
"Gm1943",589,897,985,935,903,852,760,891
"Gm19434",0,6,2,1,2,10,13,8
"Gm19461",0,0,0,0,2,1,0,1
"Gm19510",2,13,13,13,16,17,14,6
"Gm19522",5,6,4,6,5,4,2,7
"Gm19557",4,17,16,12,32,23,16,28
"Gm19589",40,44,29,59,60,31,28,42
"Gm19705",3,17,15,8,11,21,16,20
"Gm19710",2,27,21,15,23,21,29,14
"Gm19757",1,1,0,0,0,0,0,1
"Gm1976",105,217,173,195,181,215,210,176
"Gm19897",1,6,2,3,4,5,3,3
"Gm1995",5,7,8,6,4,8,5,13
"Gm2011",2,10,12,9,11,15,15,17
"Gm20125",1,0,4,2,6,2,2,4
"Gm20139",17,33,24,28,21,24,17,13
"Gm2016",38,47,69,51,53,25,30,76
"Gm20219",1,7,11,7,13,27,27,14
"Gm2022",32,42,42,53,56,45,97,99
"Gm20257",15,23,17,41,27,28,41,27
"Gm2027",0,1,0,0,1,0,1,0
"Gm20300",228,668,382,487,574,717,603,554
"Gm20324",5,4,6,7,3,1,4,13
"Gm20337",15,17,19,20,18,20,18,16
"Gm2042",2,2,0,1,1,3,2,1
"Gm20554",19,40,74,57,50,55,59,58
"Gm20605",18,21,31,28,28,21,29,20
"Gm20743",4,8,8,11,1,4,1,7
"Gm20744",0,0,1,1,0,0,0,2
"Gm20753",2,3,1,1,3,1,1,2
"Gm20755",2,1,0,2,0,1,0,0
"Gm20756",5,12,2,9,8,4,7,10
"Gm20758",3,2,3,3,3,4,5,3
"Gm20939",2,3,1,5,8,8,6,7
"Gm2115",986,1398,1934,2030,1357,1037,1112,1340
"Gm21188",0,3,3,1,2,2,4,3
"Gm21284",3,2,6,5,3,10,7,4
"Gm2176",0,1,0,1,0,2,0,2
"Gm2381",2,2,3,2,3,2,0,4
"Gm24148",1,2,1,0,1,0,5,3
"Gm2518",2,3,2,3,3,4,1,4
"Gm25500",3,5,4,6,5,4,7,8
"Gm2560",19,38,48,33,36,43,39,43
"Gm266",6,7,10,14,8,8,12,13
"Gm26705",19,14,18,23,25,25,31,17
"Gm2694",20,38,29,21,22,20,29,34
"Gm29684",1,2,0,3,2,2,2,3
"Gm29766",162,222,267,294,224,211,213,226
"Gm29811",6,12,15,6,9,17,11,11
"Gm2a",1652,4109,4234,3640,3739,4876,5527,4662
"Gm30505",0,6,1,1,1,3,3,3
"Gm3086",1,8,7,5,4,1,7,2
"Gm31763",4,3,8,7,4,7,2,6
"Gm3219",26,44,46,40,49,59,61,58
"Gm3230",7,18,15,16,25,18,28,16
"Gm3258",4,8,11,9,7,2,13,3
"Gm3264",0,0,2,0,1,1,0,0
"Gm3336",3,3,6,5,4,3,1,1
"Gm3363",1,7,2,2,4,2,4,5
"Gm3414",10,25,25,20,27,33,30,29
"Gm3435",12,27,41,49,21,34,141,39
"Gm35612",0,3,2,2,2,4,4,6
"Gm3604",4,14,6,17,14,21,18,31
"Gm3636",21,44,20,33,28,31,29,27
"Gm3646",2,0,0,4,1,1,1,0
"Gm3704",6,11,13,8,5,21,22,22
"Gm3716",65,115,62,94,108,100,67,73
"Gm3776",1,8,2,2,5,10,45,27
"Gm38397",1,0,0,2,3,0,0,0
"Gm38403",214,456,440,426,537,638,413,412
"Gm38407",0,2,0,0,1,1,1,0
"Gm38416",0,0,1,0,1,0,1,1
"Gm38426",6,12,10,9,11,16,14,6
"Gm38670",10,5,6,9,5,7,10,10
"Gm4013",2,6,5,7,5,6,9,9
"Gm41",2,2,2,1,2,3,2,3
"Gm4262",19,44,35,32,45,84,77,61
"Gm4285",13,21,35,28,27,16,18,27
"Gm4349",4,5,5,1,1,2,1,0
"Gm4371",6,14,18,12,18,20,14,19
"Gm4432",1,2,1,0,0,0,1,0
"Gm4461",1,1,1,1,2,0,1,0
"Gm4532",2,8,26,12,2,6,12,11
"Gm4566",0,1,0,1,0,1,0,0
"Gm4737",1636,1403,1575,1594,1311,1169,1192,1314
"Gm4787",7,13,9,10,6,8,8,12
"Gm4788",0,2,0,0,1,2,0,2
"Gm4827",3,2,1,3,2,4,3,1
"Gm4832",0,0,0,0,1,0,1,2
"Gm4841",0,0,0,0,2,1,1,0
"Gm4890",9,15,9,15,14,15,16,17
"Gm4907",2,1,2,2,0,3,2,1
"Gm4925",1,4,10,1,9,3,2,3
"Gm4944",28,73,67,53,92,135,106,109
"Gm4951",0,5,0,2,3,5,2,0
"Gm4952",0,0,1,1,6,1,1,0
"Gm4961",1,3,2,3,2,5,4,1
"Gm4984",0,2,4,0,1,1,0,1
"Gm5039",24,44,61,55,49,44,68,99
"Gm5069",15,28,37,35,30,25,18,32
"Gm5082",2,0,1,2,0,0,1,2
"Gm5084",7,8,13,11,13,14,15,17
"Gm5088",86,157,134,171,176,133,150,164
"Gm5089",1,0,0,0,0,0,2,2
"Gm5091",2,7,2,2,3,2,3,2
"Gm5105",193,308,284,275,334,263,240,265
"Gm5113",104,202,246,207,241,207,252,243
"Gm5124",1,0,0,1,4,0,0,2
"Gm5126",2,5,5,4,3,4,4,0
"Gm5129",0,1,0,0,4,3,1,4
"Gm5141",9,20,20,23,25,26,22,28
"Gm5148",197,195,239,225,191,183,218,241
"Gm5176",1,1,3,4,4,2,2,2
"Gm527",37,79,104,86,107,123,94,105
"Gm5431",1,1,1,2,0,3,2,2
"Gm5458",0,1,1,2,0,0,0,0
"Gm5464",0,1,0,0,2,0,1,4
"Gm5468",1,1,0,1,1,2,0,0
"Gm5475",1,0,2,1,1,0,0,0
"Gm5512",3,4,5,7,5,3,2,3
"Gm5523",0,9,10,10,10,12,16,13
"Gm5532",80,136,157,141,129,112,73,145
"Gm5535",0,3,0,1,0,0,0,1
"Gm5544",1,2,2,2,2,1,1,2
"Gm5547",0,0,4,0,2,2,2,3
"Gm5577",6,23,26,25,18,12,16,23
"Gm5595",24,53,29,41,55,65,64,59
"Gm561",69,160,212,157,162,215,228,214
"Gm5617",39,62,92,92,81,75,73,84
"Gm5627",0,0,1,0,0,1,0,1
"Gm5643",12,23,26,27,34,16,21,25
"Gm5662",87,135,98,133,130,89,92,140
"Gm572",2,4,11,4,2,2,4,2
"Gm5741",2,5,5,2,1,7,6,3
"Gm5779",9,11,30,15,7,9,9,16
"Gm5801",201,254,317,286,272,252,257,274
"Gm5803",0,5,11,12,8,5,4,12
"Gm5820",1,1,2,2,4,3,1,4
"Gm5833",0,3,0,0,1,0,1,1
"Gm5860",1,0,0,0,1,0,0,1
"Gm5862",0,0,0,1,0,1,0,2
"Gm6034",0,1,1,1,6,0,0,1
"Gm608",539,1496,893,1178,1483,1410,1069,1184
"Gm6093",71,272,206,160,342,443,420,365
"Gm614",3,1,2,3,2,1,0,1
"Gm6194",0,0,2,1,0,1,0,2
"Gm6225",4,1,4,7,6,4,4,7
"Gm6251",6,7,7,14,7,6,8,8
"Gm6277",3,4,3,6,7,12,5,8
"Gm6297",3,11,23,12,16,14,23,27
"Gm6307",5,7,8,8,8,4,4,9
"Gm6377",0,2,2,0,7,3,4,1
"Gm6402",0,6,9,5,6,8,10,8
"Gm6416",1,1,2,1,0,0,1,0
"Gm6484",0,2,4,0,5,4,7,3
"Gm6498",2,1,6,3,1,1,3,0
"Gm6524",0,1,2,1,3,0,0,1
"Gm6525",0,4,0,2,0,0,1,0
"Gm6537",0,2,0,1,1,0,0,0
"Gm6548",188,443,261,426,448,484,477,419
"Gm6559",1,4,1,1,0,2,1,3
"Gm6567",0,1,6,1,3,6,6,5
"Gm6568",2,1,0,2,3,5,3,1
"Gm6578",1,2,1,1,2,0,1,0
"Gm6583",0,2,2,1,3,1,3,1
"Gm6592",0,0,0,1,2,0,1,2
"Gm6623",1,7,3,5,6,4,3,0
"Gm6634",227,324,268,345,373,378,341,329
"Gm6654",1,15,13,16,13,14,22,19
"Gm6682",145,273,322,337,265,256,208,240
"Gm6710",0,1,3,0,3,1,1,3
"Gm6787",6,12,15,7,10,8,7,9
"Gm6815",1,0,0,1,1,0,1,0
"Gm684",63,99,158,120,116,97,97,98
"Gm6880",7,20,18,13,12,18,11,18
"Gm6904",0,3,3,2,6,8,2,6
"Gm6981",8,13,16,8,7,11,11,6
"Gm7008",8,6,13,10,7,5,10,5
"Gm7030",10,1,2,4,1,4,2,4
"Gm7102",1,3,0,4,1,0,1,1
"Gm7104",3,9,4,6,6,1,6,5
"Gm7120",95,128,110,119,122,153,125,129
"Gm7325",1567,2915,3716,2973,2845,2925,2302,2774
"Gm7361",100,205,83,145,238,307,247,134
"Gm7609",1,4,3,2,0,2,1,5
"Gm7694",6,3,5,9,10,5,6,7
"Gm773",65,100,96,107,92,104,75,107
"Gm7904",0,1,0,0,2,0,3,1
"Gm8096",0,0,0,0,2,1,1,0
"Gm8234",2,4,3,2,1,1,3,7
"Gm8300",102,210,313,210,245,165,184,311
"Gm8369",3,3,1,4,6,2,5,2
"Gm8580",0,0,1,1,1,1,0,0
"Gm8615",473,1042,1016,787,998,1219,1361,1133
"Gm867",12,32,31,31,49,66,76,54
"Gm8773",19,38,25,36,23,44,38,33
"Gm8801",49,194,206,207,123,226,229,201
"Gm8817",1,2,0,1,5,0,1,1
"Gm8883",14,33,24,24,35,25,26,29
"Gm8909",11,6,4,9,7,5,12,10
"Gm904",0,0,1,1,1,2,1,0
"Gm9054",5,11,10,10,8,10,7,3
"Gm9079",14,48,38,40,58,45,30,44
"Gm9159",0,2,2,0,1,1,1,0
"Gm9199",5,44,43,41,40,45,39,47
"Gm960",14,14,21,25,13,16,10,16
"Gm973",1,4,6,4,6,3,3,4
"Gm9776",32,84,85,90,78,90,88,81
"Gm9833",13,21,20,17,22,20,16,14
"Gm9895",0,0,0,2,0,1,1,0
"Gm9920",1,2,7,3,3,3,0,1
"Gm9958",5,14,34,32,5,15,34,30
"Gm996",122,247,231,234,214,209,219,189
"Gm9992",49,140,74,57,164,276,297,169
"Gm9994",11,16,15,15,15,15,17,18
"Gmcl1",696,1362,1286,1415,1348,1332,1350,1426
"Gmds",593,1334,1660,1396,1189,1435,1694,1343
"Gmeb1",652,1117,878,1142,1289,1224,1142,1150
"Gmeb2",596,1052,980,1080,1082,1054,1041,1039
"Gmfb",2885,6337,5385,6495,6461,6456,5700,6180
"Gmip",273,500,496,509,556,518,547,590
"Gml",0,0,1,0,1,1,0,5
"Gmnn",557,729,796,921,813,495,466,623
"Gmppa",1266,2682,2409,2326,2385,2776,2726,2419
"Gmppb",646,1082,1099,1147,1013,984,975,1052
"Gmpr",310,685,797,647,577,649,594,599
"Gmpr2",606,988,1091,1096,946,834,896,985
"Gmps",1783,3317,3422,3574,3455,3120,2954,3388
"Gna11",3468,6582,6894,6408,6284,6224,6535,6108
"Gna12",869,1705,1502,1554,1634,1586,1666,1501
"Gna13",2095,3845,3556,3922,4020,4170,4130,4058
"Gna14",7,20,10,12,20,26,21,16
"Gna15",0,0,2,3,1,2,4,1
"Gnai1",175,414,447,486,401,468,355,409
"Gnai2",13627,24161,26277,25473,23200,22968,22625,21779
"Gnai3",4074,7669,7240,8948,8320,8281,7555,7796
"Gnal",75,117,132,143,127,123,116,140
"Gnao1",3560,6751,6585,7084,6813,6877,7367,6851
"Gnaq",806,2165,1381,1804,1880,1959,1801,1681
"Gnas",27501,49691,52480,51929,51696,51587,45850,45235
"Gnat2",12,14,11,18,14,16,14,18
"Gnat3",0,3,0,0,0,2,1,1
"Gnaz",48,85,68,80,117,109,100,95
"Gnb1",10671,19248,20359,20528,19614,18564,19301,19159
"Gnb1l",120,228,242,215,212,201,230,214
"Gnb2",6145,9462,10265,9873,9070,8916,9025,8911
"Gnb2l1",26354,53207,52825,51575,48082,51450,58151,54306
"Gnb3",2,1,1,2,1,0,0,2
"Gnb4",995,1781,1968,1909,1700,1405,1538,1663
"Gnb5",505,1221,1346,1115,1078,1284,1492,1290
"Gne",524,953,1087,1035,972,864,986,938
"Gng10",2325,4071,4775,4623,4121,3916,4066,4462
"Gng11",246,524,528,481,508,496,461,514
"Gng12",2460,5934,4677,5683,6144,7024,6689,6407
"Gng13",1,2,1,2,0,1,0,1
"Gng2",1888,3834,3733,4636,3791,3389,2715,3425
"Gng3",3,10,5,8,5,6,6,3
"Gng4",13,29,27,24,43,28,43,40
"Gng5",1840,3290,3237,3074,3213,3388,3510,3430
"Gng7",84,184,134,144,183,196,176,150
"Gng8",18,31,21,35,28,28,28,38
"Gngt2",4,11,12,4,13,21,19,19
"Gnl1",1968,3461,4138,3883,3400,3263,3606,3527
"Gnl2",1206,2491,2587,2761,2667,2647,2574,2715
"Gnl3",1324,2909,2936,3257,3192,2879,2915,3578
"Gnl3l",1942,3737,3995,4104,4067,3847,3774,3939
"Gnmt",0,8,2,2,2,5,3,6
"Gnpat",2126,3860,4664,3963,3784,3609,3416,3683
"Gnpda1",147,451,370,320,421,436,531,458
"Gnpda2",179,382,340,447,448,469,438,451
"Gnpnat1",773,1295,1277,1483,1424,1544,1785,1838
"Gnptab",969,2033,1929,2110,2313,2427,2946,2710
"Gnptg",493,1208,1105,971,1168,1396,1399,1278
"Gnrh1",11,26,10,23,27,29,28,25
"Gns",4748,12002,10603,9401,11570,14848,16018,13007
"Golga1",555,1393,1135,1350,1349,1477,1401,1363
"Golga2",2790,5549,5355,5370,5558,5377,5604,5425
"Golga3",1291,2919,2586,2705,2986,2937,2976,2882
"Golga4",889,3205,1737,2412,2915,3222,2999,2806
"Golga5",983,2046,1922,2021,2269,2279,2227,2244
"Golga7",2128,3416,3916,3953,3957,3861,3837,4099
"Golga7b",5,5,2,4,5,0,2,6
"Golgb1",992,3898,1855,2469,3209,3482,3235,2846
"Golim4",1238,3595,2510,3206,3098,3216,3057,3343
"Golm1",679,940,875,1145,1055,757,719,897
"Golph3",4194,7609,7303,8298,8542,8642,7705,8002
"Golph3l",705,1293,1330,1426,1505,1678,1578,1516
"Golt1b",2111,3781,3902,4083,3937,3592,3461,3967
"Gon4l",747,1491,1414,1540,1655,1490,1507,1489
"Gopc",980,2178,1893,2162,2087,2362,2160,2256
"Gorab",607,1549,1395,1591,1725,2062,1843,1697
"Gorasp1",639,1321,1366,1258,1261,1346,1461,1340
"Gorasp2",4172,7532,7983,7818,7381,7177,6991,7268
"Gosr1",1382,2522,2350,2566,2825,2730,2802,2817
"Gosr2",3473,6489,6434,6333,6195,6085,6211,6003
"Got1",1542,3286,3528,2964,3436,3894,4148,3565
"Got2",8087,13403,16159,14425,12387,12425,14408,14393
"Gp1ba",18,23,31,33,24,29,36,29
"Gp1bb",79,156,159,135,133,122,114,99
"Gp5",18,22,26,40,34,21,18,21
"Gpa33",4,10,10,9,15,16,9,9
"Gpaa1",1285,2444,2609,2468,2331,2481,2540,2523
"Gpalpp1",846,2035,1684,1947,2209,2237,2059,2090
"Gpam",1125,1988,2592,2324,2145,1751,1702,1815
"Gpank1",280,450,470,467,381,381,479,505
"Gpat2",2,1,2,4,1,2,2,5
"Gpatch1",333,710,704,727,786,752,722,708
"Gpatch11",391,813,864,888,891,810,817,882
"Gpatch2",415,866,757,895,864,887,824,894
"Gpatch2l",866,1499,1597,1664,1627,1435,1456,1659
"Gpatch3",128,235,228,220,250,250,272,265
"Gpatch4",295,507,594,641,574,495,510,654
"Gpatch8",990,2275,2040,2225,2345,2281,2082,2078
"Gpbar1",10,8,10,12,8,2,7,3
"Gpbp1",1259,3586,2279,2874,2720,3003,2538,2882
"Gpbp1l1",1019,1867,1863,1863,2090,2104,2103,2052
"Gpc1",28090,58301,63168,55413,54921,61214,56576,50228
"Gpc2",30,54,65,54,77,62,45,60
"Gpc4",5,4,5,7,3,4,8,5
"Gpc6",1607,3057,2718,3362,3004,2599,2347,2944
"Gpcpd1",274,800,638,701,777,883,1029,1065
"Gpd1",64,87,149,112,100,72,71,89
"Gpd1l",1395,2418,2841,2431,2488,2331,2253,2278
"Gpd2",1012,1924,1598,2034,2014,1947,2150,2060
"Gper1",822,1268,1659,1601,1129,875,809,967
"Gpha2",1,5,8,1,3,1,3,4
"Gphb5",0,0,0,0,1,0,1,1
"Gphn",351,739,747,723,718,686,524,717
"Gpi1",15090,34543,25511,26380,32329,39912,38476,32524
"Gpkow",1430,2513,2905,2793,2595,2563,2588,2604
"Gpld1",411,750,703,785,743,786,802,859
"Gpm6b",601,1653,1322,1724,1597,1563,1372,1482
"Gpn1",547,1022,1232,1080,1072,936,1057,1197
"Gpn2",334,618,670,572,602,514,581,659
"Gpn3",435,780,1048,900,870,845,867,936
"Gpnmb",18,91,33,31,94,134,158,102
"Gpr107",1990,4131,4322,3914,4114,4109,4391,4374
"Gpr108",1529,3595,3104,2851,3262,4050,4192,3710
"Gpr135",2,15,17,13,17,21,9,14
"Gpr137",534,1019,1054,976,1049,1094,1056,970
"Gpr137b",473,1542,1048,941,1600,2542,6141,5489
"Gpr137b-ps",444,995,833,832,1036,1502,2206,1756
"Gpr137c",8,24,16,20,40,51,48,27
"Gpr141",3,8,8,7,16,14,10,12
"Gpr142",2,0,1,1,2,0,2,2
"Gpr146",274,697,629,555,657,923,1052,893
"Gpr149",9,11,6,10,29,7,4,12
"Gpr15",1,0,1,1,3,2,0,1
"Gpr151",0,5,2,3,4,4,6,4
"Gpr152",1,0,1,1,0,0,0,1
"Gpr153",1304,1993,1902,2100,1947,1656,1275,1515
"Gpr155",303,685,626,681,666,881,680,672
"Gpr156",2,9,14,11,17,13,13,9
"Gpr157",83,155,251,168,180,160,168,170
"Gpr160",0,2,2,1,4,1,1,3
"Gpr161",111,214,164,180,229,165,190,190
"Gpr162",23,55,72,50,63,66,69,68
"Gpr17",4,7,6,10,7,10,16,9
"Gpr173",51,119,121,109,145,133,129,123
"Gpr174",1,2,3,1,1,3,3,8
"Gpr176",656,1942,1652,1427,1910,2686,2700,1860
"Gpr179",41,97,56,64,95,78,51,51
"Gpr18",1,6,7,4,4,3,3,2
"Gpr180",742,1603,1621,1515,1482,1569,1861,1792
"Gpr182",2,10,17,12,12,11,11,13
"Gpr19",59,94,96,105,89,86,88,115
"Gpr20",72,104,103,104,92,71,41,70
"Gpr21",1,8,7,4,5,0,1,3
"Gpr25",0,1,0,0,0,1,0,2
"Gpr3",9,13,17,16,17,18,19,15
"Gpr34",1,2,2,1,5,3,4,1
"Gpr35",301,650,140,392,700,1058,906,765
"Gpr37",9,9,21,12,22,13,8,13
"Gpr37l1",2,3,8,4,3,1,1,8
"Gpr39",37,72,32,50,73,61,94,81
"Gpr4",0,4,2,2,1,3,3,8
"Gpr52",2,5,1,10,10,2,6,6
"Gpr61",0,1,1,2,0,1,1,1
"Gpr62",7,14,14,17,8,7,9,10
"Gpr63",40,88,89,92,89,81,72,95
"Gpr68",7,10,7,10,21,39,38,38
"Gpr75",3,3,7,7,9,5,3,7
"Gpr84",0,0,0,0,0,6,10,5
"Gpr85",5,15,12,11,16,12,17,21
"Gpr88",0,4,3,0,2,1,1,0
"Gpr89",569,1198,1055,1087,1204,1159,1151,1202
"Gprasp1",306,661,488,564,778,739,570,597
"Gprasp2",26,43,64,67,60,59,46,46
"Gprc5a",471,1056,789,805,1079,1206,1249,915
"Gprc5b",1909,4115,4104,3630,4154,4260,4476,3859
"Gprc5c",1338,2345,3760,2623,2385,2379,2024,2416
"Gprc5d",9,28,19,19,32,28,30,39
"Gprin1",16,22,19,28,33,21,15,17
"Gprin2",0,1,4,3,3,1,3,5
"Gprin3",166,391,251,318,364,321,313,313
"Gps1",2505,4578,5440,4764,4307,3995,4427,4705
"Gps2",460,878,791,859,909,895,862,927
"Gpsm1",726,1276,1372,1304,1333,1240,1294,1160
"Gpsm2",1117,1808,2148,2167,1875,1625,1510,1746
"Gpsm3",36,65,74,85,68,63,73,69
"Gpt",127,250,264,231,257,251,247,269
"Gpt2",2857,6217,6301,5454,5907,7167,7694,7105
"Gpx1",2401,4092,5840,4970,3835,3636,4149,4280
"Gpx3",3751,11382,10259,8402,9992,14925,17394,14762
"Gpx4",5890,11567,12093,10529,10465,11508,11085,10306
"Gpx7",3,11,18,9,13,6,5,7
"Gpx8",4071,7128,7451,7710,7489,6762,5747,7033
"Gramd1a",820,1612,1669,1587,1703,1632,1674,1674
"Gramd1b",133,303,321,243,341,343,354,301
"Gramd1c",21,61,34,52,46,56,33,40
"Gramd2",14,15,11,25,11,7,10,20
"Gramd3",364,618,794,727,719,697,673,676
"Gramd4",1505,3408,3008,3073,3521,3801,4610,3867
"Grap",1,1,3,1,2,4,2,3
"Grasp",370,735,739,605,672,727,794,678
"Grb10",5,5,21,13,12,10,10,12
"Grb14",669,1156,919,1115,1169,1206,878,1032
"Grb2",2905,5294,5600,5367,5365,5582,5354,5207
"Grcc10",1122,2297,2305,2139,2095,2223,2434,2386
"Greb1",75,83,208,168,131,39,22,216
"Greb1l",18,49,55,57,58,46,44,40
"Grem1",1099,3665,3321,3248,3289,3904,7909,6358
"Grem2",225,412,589,590,450,486,621,689
"Grhl1",8,17,23,15,9,9,9,21
"Grhl3",48,76,62,71,89,78,46,67
"Grhpr",797,1644,1258,1331,1496,1604,1466,1482
"Gria1",25,40,29,38,50,67,62,41
"Gria3",4,11,4,5,4,4,4,6
"Gria4",0,0,4,0,4,1,0,1
"Grid1",8,6,2,12,5,3,3,5
"Grid2ip",1,4,0,4,1,0,2,3
"Grik2",5,9,3,7,8,2,0,10
"Grik5",555,1110,1060,1005,1088,1167,1042,1042
"Grin1",1,0,3,2,3,3,3,0
"Grin2a",0,2,4,1,0,1,0,4
"Grin2c",0,2,0,1,1,1,1,1
"Grin2d",61,115,108,109,124,96,118,104
"Grin3a",0,4,1,1,5,4,3,1
"Grin3b",27,40,47,39,37,40,22,32
"Grina",3398,9252,7884,6445,8539,11370,12325,10174
"Grip1",7,22,29,21,22,14,23,17
"Grip2",39,71,127,78,66,52,26,74
"Gripap1",795,1645,1610,1528,1609,1440,1591,1609
"Grk1",0,3,0,1,3,1,0,1
"Grk4",25,67,49,62,68,73,59,62
"Grk5",363,714,692,654,724,794,970,935
"Grk6",1386,2141,2693,2643,2349,1831,1988,2228
"Grm1",1,1,2,3,0,0,2,1
"Grm7",0,4,0,1,2,4,3,0
"Grn",6268,14382,12621,11956,14217,17314,17289,14741
"Grpel1",1296,2536,2957,2526,2605,2410,2564,2513
"Grpel2",689,1350,1564,1504,1465,1454,1497,1582
"Grpr",3,3,7,7,5,2,3,11
"Grrp1",1,0,1,1,0,0,1,0
"Grsf1",2070,3630,3995,4077,3991,4168,3952,3993
"Grtp1",335,621,756,577,667,634,484,604
"Grwd1",636,1053,1231,1139,1073,888,985,1040
"Gsap",392,868,760,861,926,937,893,844
"Gsdma",1,2,1,1,2,2,3,3
"Gsdmc4",0,2,2,0,2,2,4,2
"Gsdmd",989,1770,1976,1960,1725,1575,1810,1775
"Gse1",905,1482,1286,1534,1506,1315,1217,1290
"Gsg1",6,9,5,8,7,6,7,3
"Gsg2",265,302,336,422,358,175,148,281
"Gsk3a",1185,2077,2114,1961,2124,1948,2074,1996
"Gsk3b",2017,4742,3364,4401,5129,5436,4848,4341
"Gskip",997,1902,2087,1928,1873,1863,1939,2076
"Gsn",17781,32817,37631,35754,30609,27896,27224,26340
"Gspt1",3740,7434,6982,7485,6951,6578,5929,6893
"Gspt2",111,237,251,249,271,292,304,325
"Gsr",1005,1608,1823,1589,1708,1775,2191,2049
"Gss",1099,2115,2775,2179,2233,2176,2390,2521
"Gsta1",1,53,18,9,46,80,259,246
"Gsta2",2,80,8,4,80,129,193,99
"Gsta3",0,15,4,1,5,10,48,39
"Gsta4",562,2071,2039,1532,1903,2674,5803,5029
"Gstcd",455,835,920,936,934,766,840,871
"Gstk1",10,15,6,15,7,17,19,7
"Gstm1",2017,6141,5229,4614,5183,7724,8945,6563
"Gstm2",1068,2213,2059,2036,1968,2296,2057,2053
"Gstm3",0,4,0,1,1,6,1,3
"Gstm4",9,23,20,16,23,14,12,21
"Gstm5",529,864,1041,886,854,891,793,821
"Gstm6",11,7,7,19,13,12,9,14
"Gstm7",19,50,37,43,45,46,42,27
"Gsto1",1887,3454,4125,3469,3521,3436,4221,4263
"Gsto2",197,459,396,336,504,538,438,451
"Gstp1",4190,7033,7794,6639,7139,8358,11751,11012
"Gstp2",102,209,179,196,204,232,223,225
"Gstt1",102,190,257,206,175,176,185,183
"Gstt2",17,51,28,38,33,43,30,31
"Gstt3",75,165,129,118,142,119,96,109
"Gstt4",0,0,1,0,0,0,1,4
"Gstz1",834,1456,1629,1485,1465,1505,1428,1414
"Gt(ROSA)26Sor",65,172,212,220,180,194,258,262
"Gtdc1",212,347,469,466,431,428,496,471
"Gtf2a1",476,1250,736,1057,1242,1392,1058,1268
"Gtf2a1l",0,2,1,2,3,2,1,1
"Gtf2a2",831,1468,1747,1660,1424,1358,1518,1678
"Gtf2b",911,1553,1671,1741,1670,1682,1749,1881
"Gtf2e1",743,1383,1590,1497,1439,1294,1342,1490
"Gtf2e2",1033,1851,1978,2008,1888,1962,1833,2083
"Gtf2f1",1860,3450,3827,3564,3419,3331,3374,3644
"Gtf2f2",670,1190,1431,1370,1279,1093,1043,1270
"Gtf2h1",729,1740,1363,1663,1843,1997,1780,1775
"Gtf2h2",408,770,710,796,816,761,642,771
"Gtf2h3",796,1468,1634,1548,1439,1460,1502,1562
"Gtf2h4",418,822,965,848,780,797,841,844
"Gtf2h5",1317,2482,2782,2399,2523,2322,2394,2560
"Gtf2i",4996,8877,9769,9608,8989,8629,8886,9097
"Gtf2ird1",1839,3488,3636,3521,3496,3404,3653,3557
"Gtf2ird2",227,529,480,438,504,551,644,564
"Gtf3a",212,288,311,328,277,262,265,329
"Gtf3c1",2634,5165,5054,4856,4945,4633,4935,4680
"Gtf3c2",1886,3528,3571,3676,3511,3393,3299,3541
"Gtf3c3",693,1430,1402,1405,1592,1468,1387,1557
"Gtf3c4",2044,3897,4130,3897,4133,3763,3807,3682
"Gtf3c5",1015,1880,1728,1834,1761,1851,1853,1836
"Gtf3c6",550,964,1035,1017,1082,952,932,931
"Gtpbp1",1683,2932,3425,3167,2813,2648,2785,2848
"Gtpbp10",324,689,546,746,740,739,700,780
"Gtpbp2",1175,2241,2291,2184,2270,2486,2847,2701
"Gtpbp3",417,744,993,826,780,754,902,943
"Gtpbp4",1630,3366,3296,3599,3690,3559,3283,3781
"Gtpbp6",188,308,288,302,318,324,393,339
"Gtpbp8",327,686,620,658,736,823,737,713
"Gtse1",1137,1413,1565,1913,1521,785,687,1141
"Gtsf1",1,1,0,1,1,2,1,2
"Guca1a",13,30,30,25,28,27,23,21
"Guca1b",1,14,6,4,10,6,10,7
"Gucd1",680,1231,1268,1300,1174,1138,1148,1178
"Gucy1a2",1,0,0,1,1,0,0,0
"Gucy1b2",3,1,0,4,3,2,0,0
"Gucy2d",3,2,4,6,5,5,4,2
"Gucy2e",2,4,5,6,1,3,5,4
"Gucy2g",2,5,3,2,3,6,1,2
"Guf1",383,898,729,889,858,890,801,914
"Guk1",490,974,1004,963,861,965,1016,911
"Gulo",0,0,1,1,1,0,2,0
"Gulp1",580,1489,1298,1592,1125,1011,820,1041
"Gusb",1822,3602,3787,3526,3560,3793,3697,3432
"Gxylt1",566,1439,1013,1341,1423,1295,1131,1292
"Gxylt2",399,905,1259,1089,888,939,905,766
"Gyg",1404,2876,2936,2482,2784,3015,2786,2736
"Gyk",137,286,253,319,251,241,252,323
"Gyltl1b",6,5,6,7,8,2,5,1
"Gypc",1872,4253,4625,4232,4223,5125,6003,5028
"Gys1",2661,4959,4969,4479,4727,5737,5468,5041
"Gzf1",1075,2142,2103,2242,2286,2229,2112,2293
"Gzmd",2,3,3,6,4,2,3,2
"Gzme",21,67,35,49,45,67,59,52
"Gzmm",23,45,37,39,36,33,30,30
"Gzmn",5,1,1,5,3,2,2,1
"H13",3680,8223,8037,7282,7845,9412,9797,8555
"H19",136721,242857,288146,251798,253011,213199,170840,187339
"H1f0",7998,14800,14510,15108,15228,14595,15087,15299
"H1fx",316,450,516,570,442,391,341,419
"H2-Aa",0,0,1,1,0,1,1,1
"H2-Bl",0,1,0,1,3,1,1,0
"H2-D1",1496,2265,2246,2156,2194,2489,2808,2622
"H2-DMa",101,193,219,195,199,203,231,229
"H2-DMb1",1,3,1,1,2,0,0,1
"H2-DMb2",1,1,0,3,0,0,0,0
"H2-Eb1",0,0,0,0,1,1,0,1
"H2-K1",1465,2545,2268,2236,2554,2655,3112,2963
"H2-K2",1,2,2,2,1,0,0,2
"H2-Ke6",280,608,636,525,558,588,565,563
"H2-M10.1",0,1,0,0,0,1,8,5
"H2-M3",229,498,435,465,421,483,509,519
"H2-M5",0,4,2,2,7,2,4,1
"H2-Oa",1,0,0,1,0,1,0,0
"H2-Q1",417,771,752,779,981,902,951,887
"H2-Q10",0,3,10,2,8,15,19,24
"H2-Q4",610,1301,973,1146,1387,1310,1353,1311
"H2-T10",66,139,139,160,147,131,127,151
"H2-T23",1200,3149,2827,2489,3015,3619,4087,3312
"H2-T24",10,16,10,15,22,20,17,7
"H2afj",236,512,659,564,519,539,889,792
"H2afv",1474,2395,2801,2761,2170,2081,1883,2074
"H2afx",804,1076,1007,1238,1067,703,624,871
"H2afy",1537,2620,2745,2909,2757,2449,2665,2864
"H2afy2",583,959,921,1018,993,890,822,878
"H2afz",5966,8177,8945,9121,7987,6737,6829,8060
"H3f3a",11320,16302,18120,17846,16611,17042,16130,16476
"H3f3b",16921,27298,25831,28598,29249,27198,29161,29894
"H6pd",1885,4417,4040,3811,4209,4475,5376,4779
"Haao",1,2,0,1,1,0,1,0
"Habp2",1,0,1,2,3,1,0,1
"Habp4",991,1859,2091,1842,1792,1903,1987,2066
"Hacd1",1769,3603,4115,3493,3491,3594,2944,3133
"Hacd2",430,815,768,905,836,805,881,941
"Hacd3",2091,4598,5072,4591,4271,4609,5510,5385
"Hacd4",362,767,493,732,711,668,530,522
"Hace1",392,780,623,757,899,955,875,800
"Hacl1",242,472,396,452,479,506,426,449
"Hadh",1746,3371,3857,3443,3319,3577,3555,3378
"Hadha",4842,8808,10117,9428,8849,8301,8419,8669
"Hadhb",2945,4817,5649,5354,4786,4671,4717,4762
"Hagh",437,966,977,861,868,976,1064,1047
"Haghl",332,623,794,672,670,627,696,720
"Hal",5,6,8,6,13,4,10,6
"Halr1",12,9,4,17,9,11,3,4
"Hao1",4,10,3,6,4,9,7,7
"Hap1",13,29,17,21,20,14,10,16
"Hapln3",7,2,8,7,3,2,5,7
"Hapln4",67,148,138,112,177,199,194,202
"Harbi1",307,585,609,586,595,618,652,637
"Hars",2045,3428,4318,3942,3358,3043,3604,3716
"Hars2",704,1364,1551,1400,1326,1296,1418,1386
"Has1",84,164,80,116,188,213,222,125
"Has2",1619,3116,1905,2944,2659,1831,1200,2390
"Has2os",13,26,20,26,16,20,20,13
"Has3",9,25,31,31,20,23,32,36
"Hat1",1110,1612,1703,2021,1752,1369,1298,1614
"Haus1",371,585,611,662,593,533,432,549
"Haus2",749,1282,1264,1352,1353,1381,1343,1314
"Haus3",160,404,254,299,311,254,205,343
"Haus4",518,917,988,969,835,680,682,846
"Haus5",304,430,428,511,409,319,292,384
"Haus6",222,645,329,487,528,398,302,397
"Haus7",513,843,1048,978,840,753,728,788
"Haus8",418,560,485,633,564,463,384,399
"Havcr2",10,42,28,22,46,77,198,133
"Hax1",1968,3831,3991,3500,3485,3995,4504,4363
"Hbegf",768,954,817,1102,989,521,469,938
"Hbp1",3035,5924,6123,5746,6319,6936,7340,6953
"Hbs1l",1949,3513,3548,3345,3734,3701,3500,3417
"Hc",3,1,2,5,2,4,1,1
"Hcar2",0,0,0,0,1,1,5,3
"Hccs",454,1070,840,1017,1121,1226,1012,1104
"Hcfc1",3439,6224,6344,6652,6393,5594,5894,5988
"Hcfc1r1",1592,3023,3510,3255,2759,3010,2798,2598
"Hcfc2",876,1589,1533,1704,1661,1568,1480,1529
"Hck",22,35,29,30,30,22,15,20
"Hcls1",0,0,1,0,1,2,3,1
"Hcn1",1,8,2,2,1,1,1,2
"Hcn2",6,12,10,11,10,12,6,9
"Hcn3",7,15,12,13,11,14,15,13
"Hcn4",2,1,1,4,0,0,0,4
"Hcrtr1",1,4,5,6,2,1,2,5
"Hdac1",2268,3511,3952,4244,3715,3055,3124,3645
"Hdac10",283,630,619,581,504,573,597,610
"Hdac11",402,822,980,828,720,831,762,676
"Hdac2",3342,5867,6350,6794,6523,5933,5175,6029
"Hdac3",2095,3778,4004,3948,3698,3446,3555,3642
"Hdac4",321,744,734,705,747,775,975,794
"Hdac5",1900,4319,3975,3687,4043,4570,4670,3704
"Hdac6",687,1409,1309,1233,1384,1427,1612,1460
"Hdac7",1813,3373,3352,3516,3321,3677,3615,3209
"Hdac8",242,491,512,460,478,447,473,485
"Hdac9",143,380,220,277,362,446,318,243
"Hdc",6,36,17,19,39,45,34,21
"Hddc2",345,730,732,662,650,721,778,755
"Hddc3",533,1048,1193,1021,1002,963,978,998
"Hdgf",8972,15799,18055,17129,16354,15314,16436,16738
"Hdgfrp2",1696,3147,3467,3281,3269,2875,3042,3091
"Hdgfrp3",4,8,6,9,5,10,9,4
"Hdhd2",685,1428,1478,1412,1413,1454,1441,1443
"Hdhd3",414,705,949,816,690,660,606,673
"Hdlbp",21740,39329,39919,40983,40513,38940,39176,38737
"Hdx",6,24,4,10,17,13,16,8
"Heatr1",1181,2213,2742,2529,2355,2047,2493,2708
"Heatr3",2556,4352,5127,4982,4497,3864,3954,4511
"Heatr5a",2313,4177,3966,4682,4487,4384,4473,4467
"Heatr5b",1054,2013,1997,2041,2177,2059,2249,2144
"Heatr6",987,1903,1889,1911,1926,1911,2043,1981
"Heatr9",0,0,1,0,1,1,5,3
"Hebp1",543,1262,1181,1068,1190,1397,1464,1282
"Hebp2",625,1141,983,1041,1115,1100,1037,943
"Heca",508,1293,1044,1193,1293,1392,1378,1306
"Hectd1",2964,7919,5134,6824,7771,7830,6817,6726
"Hectd2",45,125,60,96,120,89,96,130
"Hectd3",1321,2610,2789,2499,2572,2737,2745,2548
"Hecw1",2,0,1,3,2,0,0,4
"Hecw2",316,768,580,634,777,834,680,678
"Heg1",1140,2690,2264,2285,2793,2628,2930,2245
"Helb",615,1187,1190,1231,1383,1395,1425,1307
"Hells",195,576,231,377,315,225,179,360
"Helq",221,416,409,402,451,363,434,469
"Helz",379,845,732,810,892,759,785,766
"Helz2",704,1364,1006,1250,1545,1350,1420,1265
"Hemk1",271,559,494,486,526,562,580,550
"Henmt1",1,0,1,1,1,1,0,0
"Hepacam2",1,2,0,1,0,0,0,0
"Heph",7,9,10,13,10,8,8,8
"Hephl1",174,330,518,316,417,289,195,386
"Herc1",1482,3394,2711,3294,3623,3065,2776,3055
"Herc2",1468,3088,2777,2970,3507,3196,3567,3331
"Herc3",458,860,929,891,969,888,749,836
"Herc4",1419,2915,2721,2963,3226,3080,2708,2880
"Herc6",54,110,54,83,123,80,94,105
"Herpud1",3513,9332,8701,7256,8470,12280,15691,13687
"Herpud2",1188,2278,2367,2415,2562,2772,2795,2648
"Hes1",1286,1848,1707,2039,1954,1501,1060,1359
"Hes6",2134,3839,4897,3932,3855,3859,2956,3365
"Hes7",3,13,12,4,12,13,6,11
"Hexa",5185,13215,11690,9956,11973,15751,15853,12519
"Hexb",1993,4523,3603,3402,4466,5687,5993,5070
"Hexdc",310,786,747,628,721,743,699,704
"Hexim1",2079,3900,4076,4035,4152,3818,3605,3635
"Hexim2",151,243,275,282,241,216,200,219
"Hey1",158,250,247,265,243,211,168,135
"Hey2",3,2,4,6,3,1,2,2
"Heyl",1114,1573,1417,1701,1583,1005,573,1082
"Hfe",105,232,221,223,200,214,261,257
"Hfe2",1803,3154,4593,3238,3371,3419,2503,2954
"Hgd",2,0,0,1,0,2,1,1
"Hgf",499,1450,1514,1705,1361,1641,3027,2680
"Hgfac",5,7,15,8,12,8,6,8
"Hgh1",291,593,637,611,598,563,652,666
"Hgs",2090,4382,3839,3844,4273,4562,4540,4124
"Hgsnat",1148,2514,2375,2255,2403,2543,3488,3227
"Hhat",488,759,919,933,667,526,510,586
"Hhatl",208,291,372,273,319,308,236,278
"Hhex",22,38,37,43,38,44,36,50
"Hhip",69,194,97,94,205,174,136,76
"Hhipl1",138,305,212,208,368,326,387,289
"Hhipl2",4,7,5,9,9,12,8,6
"Hiat1",1102,2086,1931,2259,2458,2264,2234,2407
"Hiatl1",1472,2714,2548,3038,3169,3275,2835,3010
"Hibadh",1496,2666,3095,2924,2632,2611,2639,2706
"Hibch",434,935,957,1009,1104,1037,960,1020
"Hic1",5,2,3,5,8,7,8,2
"Hic2",73,156,136,150,163,177,206,155
"Hid1",760,1838,1476,1376,1767,2224,2133,1676
"Hif1a",3691,10433,6207,8764,10025,12099,11728,10911
"Hif1an",1648,3202,3524,2953,3163,2949,2931,2922
"Hif3a",0,1,4,2,1,0,0,1
"Higd1a",1294,2757,1773,2106,2707,3355,3159,2907
"Higd1b",0,1,1,0,0,1,0,0
"Higd2a",658,1431,1538,1372,1347,1493,1750,1513
"Hilpda",321,638,561,568,598,810,1162,1134
"Hils1",0,7,6,4,8,4,3,6
"Hinfp",173,361,377,342,320,362,427,379
"Hint1",3006,5864,6518,5833,5693,5595,6187,6565
"Hint2",165,321,352,356,319,346,339,307
"Hint3",113,181,195,196,218,207,166,184
"Hip1",3067,5215,6751,6224,5466,4855,4659,5136
"Hip1r",1109,1870,2236,2154,1907,1593,1570,1708
"Hipk1",2142,4616,3802,4722,5153,5352,5441,5298
"Hipk2",160,394,275,305,449,355,472,307
"Hipk3",2079,5491,3374,4750,5374,5494,4587,4629
"Hipk4",22,43,45,43,40,35,33,40
"Hira",1055,1931,2182,2049,2035,1974,2382,2314
"Hirip3",465,724,706,893,720,530,529,646
"Hist1h1a",1,2,4,1,5,4,3,2
"Hist1h1b",6,8,10,10,11,8,10,6
"Hist1h1c",1752,2913,2480,2388,3287,3137,2527,2802
"Hist1h1d",16,22,16,24,38,26,17,29
"Hist1h1e",4,33,25,15,37,43,20,31
"Hist1h1t",1,1,0,1,1,1,1,1
"Hist1h2ab",1,1,1,3,2,0,1,2
"Hist1h2ac",2,5,2,4,9,7,4,5
"Hist1h2ad",3,6,5,10,4,9,1,4
"Hist1h2ae",7,9,9,6,6,1,6,5
"Hist1h2af",0,0,1,1,1,2,0,0
"Hist1h2ag",1,2,4,8,5,1,2,1
"Hist1h2ah",0,1,1,1,3,0,2,1
"Hist1h2ai",2,2,1,0,3,0,0,0
"Hist1h2ak",0,2,1,1,1,1,1,1
"Hist1h2an",0,1,1,0,0,1,0,0
"Hist1h2bb",1,2,3,2,21,6,1,16
"Hist1h2bc",313,694,805,602,786,840,690,796
"Hist1h2be",23,29,22,28,30,47,37,28
"Hist1h2bf",0,1,1,0,2,0,4,0
"Hist1h2bg",16,25,15,21,42,26,25,29
"Hist1h2bh",2,6,3,4,6,5,2,2
"Hist1h2bj",8,5,1,4,2,0,1,5
"Hist1h2bk",3,1,1,3,2,1,0,5
"Hist1h2bl",0,3,1,0,1,1,3,1
"Hist1h2bm",0,1,2,1,0,1,0,1
"Hist1h2bn",1,1,0,0,3,1,2,2
"Hist1h2bp",1,0,1,2,0,2,1,1
"Hist1h3a",3,2,0,3,1,1,0,0
"Hist1h3b",4,2,1,3,2,1,1,5
"Hist1h3c",4,2,3,5,4,4,0,2
"Hist1h3d",6,12,7,6,5,15,12,4
"Hist1h3e",2,1,2,2,0,1,2,0
"Hist1h3f",1,3,1,1,2,1,3,0
"Hist1h3g",2,5,2,3,0,1,0,0
"Hist1h3h",1,0,1,0,2,1,0,0
"Hist1h3i",4,2,1,6,3,1,1,0
"Hist1h4a",2,1,2,2,3,3,5,3
"Hist1h4b",1,0,0,1,2,2,1,0
"Hist1h4c",3,2,1,3,3,1,0,3
"Hist1h4d",1,3,4,1,4,4,3,1
"Hist1h4f",1,0,0,1,0,0,0,2
"Hist1h4h",4,7,8,7,9,6,3,10
"Hist1h4i",49,91,66,65,97,104,91,94
"Hist1h4k",0,3,3,0,3,0,1,2
"Hist1h4n",4,3,3,1,5,6,3,5
"Hist2h2ab",0,0,2,1,0,0,1,0
"Hist2h2ac",0,2,2,0,0,1,1,1
"Hist2h2bb",2,10,14,4,16,13,17,16
"Hist2h2be",25,42,71,57,50,49,41,40
"Hist2h3b",0,3,0,0,0,0,1,2
"Hist2h4",1,3,0,2,6,6,7,6
"Hist3h2a",104,225,180,182,246,238,277,303
"Hist3h2ba",0,1,0,0,2,4,2,2
"Hist3h2bb-ps",0,1,1,1,0,1,0,2
"Hist4h4",2,2,1,2,2,2,3,3
"Hivep1",744,1860,1015,1444,1916,2189,1781,1428
"Hivep2",861,2503,1493,1888,2697,2915,2588,2229
"Hivep3",56,122,76,125,114,88,123,124
"Hjurp",121,93,113,117,99,72,89,101
"Hk1",5383,10545,9408,9553,10216,10663,10539,9460
"Hk1os",2,10,5,10,6,14,14,5
"Hk2",1160,3130,2207,2184,3299,4681,6481,5360
"Hkdc1",1,1,0,1,3,0,1,2
"Hlcs",232,529,479,503,602,589,676,617
"Hlf",11,126,25,23,116,276,394,260
"Hltf",228,786,422,530,580,742,727,697
"Hlx",376,551,530,644,557,560,571,602
"Hmbox1",178,364,308,329,427,321,342,299
"Hmbs",628,1138,1322,1172,1169,1124,1298,1203
"Hmces",612,1095,1203,1098,1072,951,1078,1071
"Hmcn1",178,400,251,318,472,426,296,261
"Hmg20a",1037,1945,1853,2027,1871,2066,2073,1918
"Hmg20b",1155,2003,2329,2149,2021,1868,1778,1888
"Hmga1",38,40,25,30,42,36,62,62
"Hmga2",972,2213,1352,1778,2473,2665,3346,2918
"Hmga2-ps1",242,538,577,560,592,575,812,680
"Hmgb1",4929,6176,7192,8059,6714,5360,5295,6459
"Hmgb1-rs17",0,0,1,0,0,0,1,1
"Hmgb2",2088,2600,2399,3261,2850,1555,1342,2100
"Hmgb3",638,755,1022,1050,884,507,465,738
"Hmgcl",562,1130,1292,1121,1082,1106,1129,1215
"Hmgcll1",4,4,4,5,7,3,3,6
"Hmgcr",2900,4728,4142,4861,5147,4438,4291,4286
"Hmgcs1",4728,8806,6942,8585,9777,9320,7993,7815
"Hmgcs2",0,1,1,1,0,2,0,2
"Hmgn1",6269,10268,11755,12059,10004,9029,8960,9839
"Hmgn2",1676,2801,3201,3533,2819,1857,1598,2308
"Hmgn3",752,1356,1398,1455,1432,1196,1103,1302
"Hmgn5",25,90,74,63,90,97,88,85
"Hmgxb3",1049,2328,2351,1982,2168,2145,2428,2304
"Hmgxb4",741,1321,1077,1424,1484,1278,1218,1374
"Hmha1",7,23,18,15,37,41,40,42
"Hmmr",702,1337,891,1259,1055,633,426,796
"Hmox1",1100,3678,3310,2395,3424,4890,9114,8213
"Hmox2",1081,1827,1940,1776,1733,1764,1908,1863
"Hmx2",19,23,31,28,34,9,10,22
"Hn1",4153,6793,8179,7649,6894,6114,5573,6005
"Hn1l",1868,2622,2848,3165,2806,1993,1879,2415
"Hnf1a",2,4,2,2,1,1,5,2
"Hnf1b",1,2,0,4,4,1,5,1
"Hnf4a",1,3,0,2,0,0,0,0
"Hnf4aos",1,2,0,1,0,0,0,2
"Hnmt",3,18,11,8,30,19,16,18
"Hnrnpa0",6212,10536,11976,12793,11021,10175,10572,11190
"Hnrnpa1",125,145,150,187,171,126,166,169
"Hnrnpa2b1",9839,17878,16717,19845,18820,15946,14234,16530
"Hnrnpa3",555,1040,700,1011,876,859,810,855
"Hnrnpab",14271,23254,27642,26788,23911,20205,21400,23838
"Hnrnpc",6305,9823,11006,11054,10233,8597,8620,9743
"Hnrnpd",3003,4828,5535,6235,5035,4477,4205,4839
"Hnrnpdl",3426,6194,8188,8676,6905,5765,6244,7132
"Hnrnpf",6511,6709,7300,7527,7228,6669,6889,7048
"Hnrnph1",6124,10720,11313,13023,11479,9602,8481,10324
"Hnrnph2",3020,5319,4614,5622,5578,5790,5172,5402
"Hnrnph3",150,217,215,240,260,217,184,199
"Hnrnpk",17429,28274,32051,32666,29298,26508,26013,28681
"Hnrnpl",5950,9551,11164,10981,9263,8514,8535,9150
"Hnrnpll",1704,3170,3284,3678,3416,3164,3025,3240
"Hnrnpm",4022,7190,6388,7976,7773,6887,5838,6520
"Hnrnpr",2608,4616,4699,5280,4829,4437,4040,4662
"Hnrnpu",8336,17009,15704,19423,18958,16982,15366,17203
"Hnrnpul1",3899,6297,6420,6788,6615,5564,5463,5727
"Hnrnpul2",2639,4677,5069,5364,4972,4424,4379,4779
"Hoga1",74,140,109,125,158,189,184,139
"Homer1",316,767,508,684,727,721,561,539
"Homer3",606,1218,1094,975,1168,1097,1303,1212
"Homez",236,390,507,418,415,487,453,417
"Hook1",5,7,4,8,12,10,10,7
"Hook2",425,844,751,759,856,951,1091,984
"Hook3",703,2342,1215,1444,1906,2021,1887,2018
"Hopx",380,600,809,785,503,377,341,415
"Hormad2",6,7,8,8,14,4,4,7
"Hotair",54,153,172,190,152,149,189,165
"Hotairm1",58,95,103,113,83,95,105,112
"Hoxa1",84,150,184,158,118,123,127,147
"Hoxa10",980,1793,2184,2114,1889,1906,1933,2148
"Hoxa11",569,1015,1352,1130,1009,1112,1309,1328
"Hoxa11os",502,1000,1101,980,932,1114,1304,1190
"Hoxa13",38,60,74,75,45,49,60,40
"Hoxa2",24,57,35,52,52,49,49,46
"Hoxa3",60,108,95,120,104,85,91,127
"Hoxa4",20,29,31,32,34,25,21,34
"Hoxa5",80,142,141,166,157,115,103,131
"Hoxa6",15,30,34,27,30,21,23,31
"Hoxa7",187,256,361,359,338,321,315,336
"Hoxa9",429,748,976,966,789,828,902,938
"Hoxaas2",15,31,34,28,38,25,16,28
"Hoxaas3",10,9,12,14,12,3,3,8
"Hoxb13",0,0,2,1,1,0,0,0
"Hoxb2",1,1,2,1,0,3,2,0
"Hoxb3",7,28,17,15,31,26,23,30
"Hoxb4",16,17,34,34,28,23,24,16
"Hoxb5",3,2,0,7,2,2,2,1
"Hoxb6",4,4,3,4,3,0,1,2
"Hoxb7",0,4,4,1,6,4,2,3
"Hoxb8",1,0,0,1,0,0,2,1
"Hoxb9",0,0,2,0,1,0,0,1
"Hoxc10",1073,1875,2058,2004,1788,1789,1631,1725
"Hoxc11",336,637,760,691,584,555,656,608
"Hoxc12",35,49,56,62,51,29,41,47
"Hoxc13",331,603,774,710,642,623,668,774
"Hoxc4",180,370,326,373,372,410,348,370
"Hoxc5",31,48,94,86,74,56,67,63
"Hoxc6",209,492,449,478,503,653,658,644
"Hoxc8",21,41,51,57,49,35,47,50
"Hoxc9",317,631,799,729,637,603,687,616
"Hp",17,431,77,34,409,704,3366,3103
"Hp1bp3",5084,8870,10427,10043,9449,8933,9778,9728
"Hpca",0,0,1,0,3,0,1,1
"Hpcal1",1337,2528,2345,2262,2577,2523,2563,2317
"Hpd",0,0,1,2,1,2,1,0
"Hpdl",14,21,39,21,26,28,26,28
"Hpgd",156,339,398,470,331,430,349,383
"Hpgds",0,1,0,3,2,1,1,0
"Hpn",0,0,3,0,1,0,0,2
"Hprt",2492,4094,4090,4718,4403,4073,3953,4466
"Hps1",411,940,618,694,947,1156,1135,900
"Hps3",327,639,714,713,721,680,815,833
"Hps4",411,735,675,783,727,790,813,801
"Hps5",849,1643,1650,1735,1713,1608,1692,1616
"Hps6",525,972,939,938,854,915,912,885
"Hpse",633,1074,1091,1191,1140,1158,1770,1742
"Hpx",3,10,13,9,6,11,12,14
"Hr",1051,1447,1705,1855,1556,997,971,1243
"Hras",973,1911,2228,1877,1791,1707,1828,1852
"Hrasls",6,8,13,10,4,4,2,6
"Hrc",1494,2933,4441,3136,3305,3380,2494,2982
"Hrct1",11,32,33,28,23,27,23,17
"Hrg",0,3,0,1,1,0,0,2
"Hrh1",13,28,12,25,20,17,14,14
"Hrh3",7,2,9,10,9,7,2,11
"Hrsp12",325,598,574,650,700,731,652,637
"Hs1bp3",979,2166,2106,1897,2087,2344,2622,2449
"Hs2st1",3980,7547,7507,7753,7868,7404,6760,6743
"Hs3st1",41,76,46,65,76,109,106,78
"Hs3st3a1",89,136,107,156,153,93,102,142
"Hs3st3b1",48,84,90,93,69,79,53,81
"Hs3st5",3,15,7,6,11,14,10,7
"Hs6st1",1938,3688,3275,3436,3644,3775,3583,3508
"Hs6st2",1,4,1,4,1,0,0,3
"Hsbp1",2653,4910,5487,5126,4708,4864,4708,4761
"Hsbp1l1",3,3,2,2,3,5,4,4
"Hscb",133,335,328,281,329,429,452,398
"Hsd11b1",1703,5723,5978,4580,6269,8656,9296,7270
"Hsd11b2",5,13,15,14,10,11,8,10
"Hsd17b1",5,6,11,13,17,21,32,20
"Hsd17b10",1179,2231,2640,2343,1893,2100,2255,2213
"Hsd17b11",636,1444,1349,1303,1493,1774,2071,1735
"Hsd17b12",2769,5722,5153,5063,5989,6598,7717,6855
"Hsd17b13",5,5,3,7,8,10,9,7
"Hsd17b14",6,22,9,11,20,32,38,26
"Hsd17b2",0,0,2,0,0,2,1,0
"Hsd17b4",2665,5167,5889,5562,4970,5146,5391,5293
"Hsd17b7",787,1511,1340,1574,1886,1928,1723,1613
"Hsd3b3",0,5,2,1,5,1,1,4
"Hsd3b4",0,1,0,0,1,1,0,0
"Hsd3b7",402,1201,980,835,1198,1435,1792,1468
"Hsdl1",431,942,900,796,880,972,1100,932
"Hsdl2",1045,1912,1820,2104,1914,1887,1640,1831
"Hsf1",1341,2479,2694,2409,2455,2321,2299,2236
"Hsf2",768,1533,1474,1522,1633,1624,1484,1559
"Hsf2bp",78,105,142,146,120,103,69,85
"Hsf4",157,265,317,253,288,301,285,293
"Hsf5",1,4,1,3,2,2,0,4
"Hsh2d",1,1,1,1,1,2,3,3
"Hsp90aa1",8607,19019,11534,14976,16765,19481,15862,16197
"Hsp90ab1",61863,111995,116772,113787,115164,113078,109849,108063
"Hsp90b1",16706,48652,28222,37213,48024,63772,60506,54051
"Hspa12a",863,1583,1272,1626,1577,1289,1320,1478
"Hspa12b",119,174,166,192,174,180,199,151
"Hspa13",1580,4390,3087,3753,4046,4905,4602,4226
"Hspa14",1239,2069,2404,2433,2195,1950,2076,2264
"Hspa1a",116,251,230,226,244,256,243,250
"Hspa1b",872,1684,1644,1516,1613,1636,1642,1498
"Hspa1l",59,137,137,126,147,137,127,136
"Hspa2",505,891,818,868,852,900,798,781
"Hspa4",6502,13149,12651,14664,14631,13930,12400,13271
"Hspa4l",1147,2548,2415,2539,2773,2912,2995,3157
"Hspa5",19452,55130,37677,40790,59524,90965,92919,76801
"Hspa8",31858,49818,51514,49641,49254,51242,49515,49615
"Hspa9",14174,29523,32765,28904,30384,32453,38875,36679
"Hspb1",4332,7694,6365,5980,7751,8743,7862,6071
"Hspb11",311,760,596,614,701,866,777,720
"Hspb2",477,492,748,575,556,499,417,467
"Hspb3",68,84,175,120,109,97,75,103
"Hspb6",631,948,1077,1107,875,701,619,823
"Hspb7",589,955,1734,978,1140,993,724,1055
"Hspb8",3339,6696,8052,6137,6538,6951,6441,6676
"Hspb9",3,9,3,9,4,4,3,11
"Hspbap1",249,428,628,543,466,487,524,547
"Hspbp1",498,891,1045,946,880,834,895,900
"Hspd1",6564,11421,13185,13929,12403,11489,12178,13500
"Hspe1",2178,4459,4732,4366,4111,4003,4420,4455
"Hspg2",24663,48778,37887,43686,48091,44321,40269,38866
"Hsph1",2858,5630,6055,5631,6295,6343,6203,5888
"Htatip2",55,158,121,97,148,166,203,152
"Htatsf1",768,2192,1568,2058,2078,2137,1791,1907
"Htr1b",8,12,13,17,25,20,35,27
"Htr1d",23,24,21,32,16,16,10,16
"Htr2a",2,24,6,6,16,26,24,13
"Htr2b",166,195,301,282,251,198,112,193
"Htr6",4,8,2,3,4,3,5,2
"Htr7",27,59,32,39,67,44,30,52
"Htra1",9803,18031,22164,19386,18136,16228,18577,21586
"Htra2",1080,1827,2291,1956,1733,1643,1866,1919
"Htra3",1285,2427,2459,2497,2127,2578,1972,1664
"Htra4",5,3,9,11,13,11,9,12
"Htt",1467,2813,2840,2819,2882,2518,2867,2846
"Hunk",24,36,34,44,34,12,10,24
"Hus1",328,664,548,712,724,666,597,610
"Hus1b",0,1,2,0,1,3,3,0
"Huwe1",5532,12056,10203,11638,12830,11591,11426,11522
"Hvcn1",18,61,31,31,67,99,86,69
"Hyal1",122,326,292,280,315,408,572,441
"Hyal2",770,1487,1894,1538,1405,1379,1479,1515
"Hyal3",13,27,18,27,17,40,34,34
"Hydin",7,6,3,9,6,0,0,8
"Hyi",204,382,429,381,341,377,415,333
"Hykk",45,69,81,86,90,90,80,79
"Hyls1",316,441,429,533,458,359,280,378
"Hyou1",4324,12114,8547,8462,11061,15342,16498,12656
"Hypk",1407,2737,3188,2889,2797,2695,2463,2745
"I830077J02Rik",1,1,1,1,1,0,0,1
"Iah1",391,735,818,685,720,831,856,765
"Iapp",0,1,1,0,0,0,1,0
"Iars",3532,7207,7824,7057,8077,7991,8637,8558
"Iars2",1917,3607,4142,3955,3790,3782,4139,4039
"Iba57",160,313,299,261,354,327,338,286
"Ibtk",1262,2957,2367,2917,2962,3019,2823,3031
"Ica1",332,652,515,584,668,697,674,639
"Ica1l",9,24,14,12,17,15,14,10
"Icam1",3,4,6,6,2,0,4,4
"Icam2",3,0,3,3,2,2,2,2
"Icam4",11,10,10,14,12,10,9,8
"Icam5",20,37,46,38,42,33,39,35
"Ice1",1803,3863,3241,3778,4111,3650,3746,4020
"Ice2",166,543,423,480,439,524,487,523
"Ick",676,1438,1390,1581,1520,1674,1759,1722
"Icmt",2366,4755,4504,4419,4597,4459,4939,4873
"Icosl",1,1,1,1,2,1,2,2
"Ict1",588,1165,1232,1115,1168,1078,1120,1129
"Id1",707,1197,1055,1187,1168,1053,923,962
"Id2",1341,2026,1446,1976,2155,2061,1454,1614
"Id3",2115,3243,3303,3782,3066,2678,1955,2149
"Id4",6,4,3,7,4,3,3,2
"Ide",1719,3915,3482,3863,4065,4296,4158,4167
"Idh1",5294,9740,10769,10455,10116,10025,10296,9762
"Idh2",3758,6918,7798,7249,6585,6598,6257,6016
"Idh3a",2508,4140,5196,5086,4457,3791,3555,4221
"Idh3b",1973,3721,4004,3733,3700,3698,3646,3606
"Idh3g",2225,4336,5023,4335,3991,3967,3818,4024
"Idi1",958,1282,862,1211,1413,1319,1062,1044
"Idi2",0,0,1,0,0,1,1,0
"Idnk",224,391,450,404,415,444,524,482
"Ido1",0,1,3,0,0,1,3,2
"Ido2",0,4,3,4,9,3,5,6
"Ids",1397,3448,2125,2954,3319,3501,3004,2786
"Idua",148,372,332,287,335,459,404,349
"Ier2",3079,4906,2339,4145,5132,4507,3946,3621
"Ier3",1351,3225,1380,1974,3228,4525,8281,7430
"Ier3ip1",1479,2711,2875,3025,2817,2805,2896,2853
"Ier5",1910,3071,3295,3411,3207,3000,3095,3350
"Ier5l",406,776,750,777,708,730,672,703
"Iffo1",2971,5371,6934,5922,5438,4964,4214,4735
"Iffo2",1175,2090,1783,2082,2189,2003,2008,1842
"Ifi202b",862,2138,1132,1823,1957,2430,2199,2136
"Ifi203",227,565,301,494,543,606,582,533
"Ifi204",744,1700,952,1397,1674,1972,1709,1692
"Ifi205",2,6,2,4,7,4,5,2
"Ifi27",2755,4471,4069,4423,5035,4109,3688,3814
"Ifi27l2a",33,62,39,51,99,55,44,19
"Ifi30",587,1194,1233,1098,1157,1130,1079,1150
"Ifi35",453,782,865,832,781,797,809,753
"Ifi44",14,46,13,21,105,53,41,36
"Ifi44l",3,0,0,4,4,2,1,3
"Ifi47",102,193,110,162,210,181,120,154
"Ifih1",99,209,99,156,235,190,177,151
"Ifit1",43,148,36,63,228,269,241,217
"Ifit1bl1",2,7,6,4,6,3,3,8
"Ifit1bl2",0,5,2,2,6,2,3,4
"Ifit2",334,956,612,773,955,969,875,795
"Ifit3",87,187,60,120,396,265,197,172
"Ifit3b",21,61,24,40,118,75,63,39
"Ifitm1",105,260,158,207,227,281,346,288
"Ifitm10",101,112,115,143,146,92,74,112
"Ifitm2",2902,7751,6858,6220,7033,8905,10220,8756
"Ifitm3",4759,11202,9071,8478,10604,12750,14884,13005
"Ifitm5",7,9,29,16,9,9,18,21
"Ifitm6",9,39,16,13,28,44,76,55
"Ifna13",1,0,1,1,0,0,0,0
"Ifnar1",1947,3890,3977,3927,4010,4284,4806,4328
"Ifnar2",1208,2669,2700,2587,2762,3307,3922,3529
"Ifne",0,0,1,0,0,3,3,1
"Ifng",0,4,3,1,8,10,4,0
"Ifngr1",1706,3075,2801,3026,3224,3309,3310,3133
"Ifngr2",1514,2923,3145,3010,2972,2951,2929,2926
"Ifnk",0,1,0,0,1,0,1,0
"Ifnlr1",3,12,14,8,11,8,7,6
"Ifnz",1,6,8,3,6,6,5,7
"Ifrd1",1576,2629,2636,2878,3196,2851,4787,4943
"Ifrd2",436,713,850,856,722,611,697,742
"Ift122",985,2180,2014,1864,2042,2163,2221,1863
"Ift140",716,1400,1328,1298,1285,1276,1370,1244
"Ift172",892,2072,1603,1684,1996,2079,2126,1803
"Ift20",789,1485,1413,1461,1384,1506,1527,1465
"Ift22",316,698,620,627,651,735,701,632
"Ift27",374,771,783,738,756,857,816,728
"Ift43",866,1383,1407,1480,1350,1433,1343,1366
"Ift46",1266,2585,2881,2583,2422,2596,2877,2737
"Ift52",924,1857,1789,1752,1732,1889,1949,1852
"Ift57",709,1300,1391,1484,1457,1446,1431,1373
"Ift74",251,684,489,523,606,702,629,643
"Ift80",739,1903,1200,1725,1808,1836,1435,1521
"Ift81",376,1063,643,904,1051,1180,920,910
"Ift88",269,574,511,584,646,630,602,603
"Igbp1",1300,2727,2603,2448,2628,2903,2951,2813
"Igdcc3",1,0,0,1,0,0,0,1
"Igdcc4",1319,2818,2890,2947,2520,2966,2642,2402
"Igf1",1257,2327,2204,2724,1840,948,514,1828
"Igf1r",1342,3149,2063,2766,3103,3653,3267,2864
"Igf2",10675,15964,29833,24838,17429,14124,11248,14488
"Igf2bp1",4,5,5,5,4,7,6,3
"Igf2bp2",868,2994,1681,1852,3309,4958,5260,3891
"Igf2bp3",32,71,40,50,53,61,63,62
"Igf2os",14,19,37,35,23,15,6,12
"Igf2r",3664,8202,6708,6971,8650,9215,9024,7314
"Igfals",2,6,8,5,3,10,7,4
"Igfbp1",0,1,1,0,0,0,2,0
"Igfbp2",7092,14507,11188,12748,12911,13954,10691,8264
"Igfbp3",187,185,274,331,174,76,137,255
"Igfbp4",6308,15999,22660,17305,13913,18654,23881,20305
"Igfbp5",28555,62003,57862,53633,68819,70794,59089,52417
"Igfbp6",1939,3612,4726,4021,3422,3701,3703,3526
"Igfbp7",11084,16006,18650,18523,16525,14495,11041,14574
"Igflr1",24,43,48,45,57,64,44,62
"Igfn1",34,70,97,75,63,51,41,47
"Ighmbp2",352,737,738,649,699,677,711,733
"Igip",42,133,77,90,109,169,126,161
"Igll1",2,1,4,2,2,3,2,0
"Iglon5",77,116,84,117,130,89,74,100
"Igsf10",374,929,785,955,794,829,851,807
"Igsf11",32,77,72,71,107,125,119,85
"Igsf23",1,5,2,1,5,4,3,4
"Igsf3",1956,3939,3793,4078,3975,4213,4735,4207
"Igsf5",14,24,21,19,33,14,13,13
"Igsf6",2,8,4,7,8,3,7,7
"Igsf8",1671,3033,3366,3099,2921,2826,3156,3225
"Igsf9",41,54,42,59,44,51,33,35
"Igsf9b",1,7,1,3,0,0,1,2
"Igtp",109,189,192,214,267,220,193,172
"Ihh",1,5,5,5,5,8,7,4
"Iigp1",18,22,3,25,40,20,19,18
"Ik",2682,5091,5514,5771,5673,5551,5269,5506
"Ikbip",2408,4840,3958,5035,4910,4975,4199,4439
"Ikbkap",1467,2747,3216,3034,2680,2604,2672,2740
"Ikbkb",1198,2319,2485,2295,2512,2427,2540,2530
"Ikbke",203,493,409,416,530,621,648,545
"Ikbkg",1513,3978,3725,3307,4142,4923,5480,4664
"Ikzf1",0,2,1,0,0,1,0,0
"Ikzf2",140,421,262,341,302,313,260,329
"Ikzf4",2,5,4,14,5,5,6,4
"Ikzf5",432,887,610,767,803,870,742,716
"Il10",1,0,0,0,0,1,2,1
"Il10rb",654,1394,1396,1283,1334,1622,1763,1494
"Il11",20,25,36,36,38,26,24,46
"Il11ra1",315,524,575,544,522,554,600,515
"Il12a",165,272,220,276,307,288,206,217
"Il12b",1,1,2,1,3,2,7,10
"Il12rb1",61,171,145,127,148,179,191,196
"Il12rb2",8,10,13,18,15,15,13,14
"Il13ra1",1895,4064,3295,3920,4358,5035,7015,6671
"Il13ra2",48,384,163,176,407,822,1660,1348
"Il15",45,62,72,72,56,39,41,51
"Il15ra",13,23,25,26,19,18,22,30
"Il16",43,113,90,84,113,157,136,107
"Il17b",5,4,11,10,1,0,0,3
"Il17c",1,3,0,1,5,2,2,1
"Il17d",6,8,10,16,10,8,7,11
"Il17ra",1009,1766,1423,1728,1816,1667,1857,1819
"Il17rb",0,5,3,1,5,6,3,3
"Il17rc",1071,2028,2100,2043,1831,1949,2070,2059
"Il17rd",556,898,907,976,1032,832,748,850
"Il17re",18,22,30,30,18,18,19,25
"Il18",186,400,311,342,343,317,246,256
"Il18bp",21,46,45,38,43,46,51,37
"Il18r1",2,0,3,3,3,1,4,2
"Il18rap",196,241,365,393,235,135,411,478
"Il19",1,4,1,1,1,1,1,12
"Il1a",11,35,20,21,53,102,180,163
"Il1b",52,115,185,105,150,145,124,146
"Il1bos",0,1,1,1,1,0,1,1
"Il1f10",2,3,0,2,2,5,6,4
"Il1f9",8,30,6,12,39,60,255,223
"Il1r1",1840,3883,3467,4407,4227,4757,5045,4753
"Il1r2",2,6,2,3,4,3,1,4
"Il1rap",300,821,402,617,962,1156,1139,1016
"Il1rl1",134,219,428,424,280,223,767,816
"Il1rl2",0,0,0,0,2,3,2,0
"Il1rn",405,702,800,761,591,736,702,677
"Il2",1,4,3,4,0,2,5,3
"Il20rb",25,36,46,34,35,23,16,33
"Il21r",5,6,9,7,9,5,6,17
"Il22ra1",1,0,1,1,1,3,1,2
"Il23a",0,1,1,0,3,2,4,1
"Il23r",9,17,5,14,10,6,3,15
"Il25",2,1,0,2,0,0,0,0
"Il27",0,4,0,1,1,0,0,0
"Il27ra",66,109,110,133,108,126,100,102
"Il2rb",42,90,71,74,80,74,45,47
"Il2rg",219,461,283,352,465,397,319,286
"Il33",570,1471,832,1232,1663,2179,2065,1455
"Il34",257,452,346,377,522,497,422,394
"Il3ra",372,761,673,660,714,844,969,867
"Il4i1",3,6,3,6,0,5,4,4
"Il4ra",2836,6430,5951,5456,6196,6847,9205,8446
"Il6",53,191,61,133,249,500,1260,1148
"Il6ra",176,431,399,418,469,545,642,553
"Il6st",5184,11951,10480,10850,12474,13579,15587,13188
"Il7",32,69,47,62,63,31,26,61
"Ildr2",251,671,427,520,755,788,656,500
"Ilf2",2047,3627,4400,4006,3568,3192,3683,3767
"Ilf3",2762,4558,5130,5226,4631,4100,4624,4746
"Ilk",5363,8128,9266,9106,7918,7013,6740,7440
"Ilkap",1228,2067,2434,2349,2113,1898,1915,2035
"Ilvbl",942,1957,1824,1752,1881,2047,2242,2022
"Immp1l",410,825,837,812,809,895,788,799
"Immp2l",63,104,141,105,113,110,107,102
"Immt",3917,6804,8031,7492,7251,7063,7151,7449
"Imp3",441,904,1003,931,855,996,1206,1030
"Imp4",612,1112,1180,1101,1198,1048,1040,1118
"Impa1",1271,2174,2357,2441,2448,2154,2087,2364
"Impa2",247,315,400,445,329,251,282,337
"Impact",1554,4007,3373,3569,4485,5382,5505,4811
"Impad1",1510,4756,3044,3951,4049,4032,3915,3737
"Impdh1",2570,4971,5119,4801,4944,5123,4753,4797
"Impdh2",4231,6436,8014,7739,5936,4970,5500,6273
"Impg2",7,31,7,19,20,20,12,14
"Ina",2,2,0,2,1,0,2,1
"Inadl",541,1090,1342,1067,1176,1182,1011,1045
"Inafm1",157,345,315,328,319,385,363,354
"Inafm2",903,1807,2174,2001,1851,1990,2257,2288
"Inca1",35,71,56,62,53,58,64,54
"Incenp",1750,2217,2319,2871,2337,1287,1174,1764
"Inf2",4235,7753,8053,8150,7795,7522,8285,8143
"Ing1",1202,2028,2285,2284,2065,2117,2309,2212
"Ing2",262,470,531,511,491,494,468,501
"Ing3",328,709,559,674,759,717,758,656
"Ing4",987,2096,2153,1910,2090,2045,2136,2117
"Ing5",301,497,589,608,581,524,589,616
"Inha",47,104,100,94,108,104,94,75
"Inhba",152,471,300,333,390,325,405,456
"Inhbb",8000,18811,19944,17700,17653,20561,21459,18908
"Inhbe",0,0,1,0,2,0,2,0
"Inip",455,736,915,987,871,764,857,989
"Inmt",0,2,0,2,6,2,1,1
"Ino80",729,1705,1348,1712,1758,1758,1894,1854
"Ino80b",371,764,791,678,721,689,786,773
"Ino80c",988,1796,1818,1801,1942,2108,1949,1786
"Ino80d",449,1614,733,1142,1473,1419,1267,1218
"Ino80dos",22,44,32,49,36,44,47,28
"Ino80e",547,722,727,732,745,691,744,755
"Inpp1",202,402,443,422,402,337,392,386
"Inpp4a",393,908,706,757,948,890,793,748
"Inpp4b",214,492,434,446,440,321,190,461
"Inpp5a",746,1416,1333,1301,1439,1619,1648,1479
"Inpp5b",892,1630,1729,1726,1717,1657,2002,1876
"Inpp5d",14,25,16,18,26,19,12,12
"Inpp5e",516,1067,1018,956,955,1074,1217,1087
"Inpp5f",496,1092,816,1143,1167,1110,1005,1034
"Inpp5j",8,21,21,17,25,43,33,13
"Inpp5k",759,1773,1616,1516,1639,1737,1968,1865
"Inppl1",5965,11102,12489,10636,11181,10194,9822,10398
"Ins2",13,51,31,26,55,55,30,36
"Insc",213,198,160,285,200,47,28,167
"Insig1",1516,2905,1652,2028,3110,3545,4009,3082
"Insig2",2163,4860,4520,4833,5255,6703,6960,6249
"Insl6",6,15,21,14,24,16,13,11
"Insr",933,2533,1995,2164,2561,3135,3129,2686
"Ints1",1437,2938,2811,2801,2830,2627,2841,2695
"Ints10",847,1607,1517,1583,1660,1627,1786,1801
"Ints12",497,976,850,987,1092,1025,915,1040
"Ints2",515,1201,1011,1223,1186,1086,966,1117
"Ints3",1939,3439,3510,3568,3445,3207,3240,3378
"Ints4",1042,1757,1955,1938,1778,1684,1725,1811
"Ints5",543,1045,1095,1049,891,895,888,949
"Ints6",472,994,817,1045,960,926,790,943
"Ints7",1422,2494,2345,2593,2320,2103,2268,2291
"Ints8",1059,2266,1864,2217,2290,2291,1823,1990
"Ints9",718,1287,1311,1298,1218,1208,1211,1266
"Intu",183,508,405,397,545,565,514,464
"Invs",488,917,834,874,970,1040,1050,967
"Ip6k1",2723,5888,5778,5516,5470,6052,6640,5811
"Ip6k2",721,1152,1557,1454,1225,1108,1303,1393
"Ip6k3",780,1490,1543,1325,1422,1640,1268,1161
"Ipcef1",0,2,0,1,1,0,1,0
"Ipmk",691,1543,1415,1448,1685,1797,2042,2016
"Ipo11",1168,2172,2018,2479,2215,2206,1970,2066
"Ipo13",1283,2367,2876,2511,2499,2313,2582,2612
"Ipo4",2692,5069,5454,5265,5133,5233,5709,5312
"Ipo5",6002,10638,11447,12134,11075,10740,11387,12028
"Ipo7",1757,4416,3235,4189,4009,4226,3771,4096
"Ipo8",1851,3587,3757,3723,3856,3608,3609,3680
"Ipo9",4458,7536,7945,8216,7691,6549,6923,7072
"Ipp",348,682,619,628,718,705,645,657
"Ippk",484,864,1015,925,952,854,795,832
"Iqca",1,2,1,2,1,2,3,0
"Iqcb1",223,481,466,513,464,528,489,497
"Iqcc",412,626,704,647,662,611,680,707
"Iqcd",15,36,29,25,41,38,22,30
"Iqce",415,857,846,825,925,886,981,902
"Iqcg",17,51,37,36,47,72,46,44
"Iqch",0,3,3,6,2,3,1,4
"Iqck",17,40,33,24,28,41,42,24
"Iqgap1",7368,14105,11700,14184,15642,14249,13881,13474
"Iqgap2",2,4,6,9,6,1,2,5
"Iqgap3",1508,2095,1836,2451,2138,1301,1032,1360
"Iqsec1",2169,4294,4003,4078,4487,4481,4326,4057
"Iqsec2",613,1245,1328,1220,1237,1175,1282,1196
"Iqsec3",42,30,69,60,55,11,8,53
"Iqub",0,1,0,0,3,0,0,2
"Irak1",2344,4298,4240,4397,4442,4160,4218,4213
"Irak1bp1",268,509,513,578,637,643,672,640
"Irak2",527,1209,1198,1097,1167,1294,1362,1231
"Irak3",82,161,155,165,171,223,250,204
"Irak4",307,587,523,579,582,680,710,631
"Ireb2",1161,3562,2041,2650,2835,2977,2613,2746
"Irf1",1135,2168,2446,2267,2076,1822,1945,2124
"Irf2",636,1159,1297,1353,1184,1302,1413,1353
"Irf2bp1",888,1526,1599,1603,1447,1410,1484,1486
"Irf2bp2",1705,3055,2213,2752,3308,3680,3422,3116
"Irf2bpl",4100,7087,5954,6889,7231,7307,7012,6826
"Irf3",873,1441,1831,1578,1482,1452,1357,1380
"Irf4",1,0,1,4,3,0,2,2
"Irf5",53,76,81,89,84,52,48,58
"Irf6",63,129,108,100,130,144,103,79
"Irf7",73,178,88,113,239,177,164,145
"Irf9",429,916,685,754,1105,980,1110,890
"Irg1",0,0,0,0,1,0,4,3
"Irgc1",1,1,1,3,1,2,3,1
"Irgm1",941,1533,1222,1577,1921,1484,1194,1396
"Irgm2",117,230,167,210,348,265,244,239
"Irgq",1199,2659,2673,2278,2583,2733,2821,2597
"Irs1",2992,5644,4797,5794,6138,5886,4415,4401
"Irs2",296,616,390,439,644,590,645,548
"Irs3",7,19,25,22,14,23,24,11
"Irx2",158,242,350,320,280,281,302,304
"Irx3",596,830,921,983,861,719,527,777
"Irx5",370,564,623,680,563,568,476,565
"Isca1",1667,2419,2609,2570,2453,2513,2387,2458
"Isca2",522,971,1139,958,1026,969,987,1029
"Iscu",1130,2388,2694,2197,2298,2396,2413,2357
"Isg15",110,210,140,177,297,248,234,202
"Isg20",255,487,423,433,476,538,518,420
"Isg20l2",1678,2743,3066,3010,2617,2334,2482,2750
"Isl1",2,1,0,2,0,0,2,2
"Isl2",104,147,214,173,147,120,119,131
"Islr",14343,20012,27845,28230,18304,14727,10911,14869
"Islr2",48,89,96,84,64,49,31,46
"Ism1",37,78,62,60,85,69,75,92
"Ism2",29,55,40,58,21,23,25,44
"Isoc1",692,1216,1195,1426,1305,1115,1114,1289
"Isoc2a",169,337,340,312,330,311,347,328
"Isoc2b",16,26,38,32,30,45,43,34
"Ispd",120,173,206,224,206,182,174,191
"Israa",1,0,0,1,1,0,0,0
"Ist1",1723,2861,3065,2895,2943,2848,2743,2786
"Isx",50,69,130,83,78,51,40,100
"Isy1",711,1511,1616,1506,1466,1370,1425,1412
"Isyna1",1068,1960,1990,1852,1853,1883,2094,1935
"Itch",1511,3469,2522,3563,3550,3577,3207,3234
"Itfg1",5555,11001,11132,11551,11750,12086,12175,12360
"Itfg2",436,849,871,874,826,832,924,853
"Itfg3",2709,5432,5404,5025,5073,5798,5315,5092
"Itga1",100,186,137,202,173,152,100,162
"Itga10",294,728,556,489,704,850,558,401
"Itga11",2468,3712,3116,3938,3560,2549,1995,3036
"Itga2",1,1,0,1,0,0,2,1
"Itga2b",78,146,128,138,127,144,143,133
"Itga3",2441,4176,5219,5131,3842,3613,3791,3763
"Itga4",271,822,491,493,788,688,572,549
"Itga5",7690,14615,16395,15489,14332,13330,13503,13869
"Itga6",1477,3221,3666,3565,3636,3812,2945,2804
"Itga7",23265,51631,51939,44495,51107,53509,49594,44566
"Itga8",29,50,35,62,42,26,24,27
"Itga9",12,9,39,25,10,3,3,17
"Itgad",0,2,0,1,1,0,1,1
"Itgae",11,15,20,16,22,6,5,17
"Itgal",2,4,9,6,3,8,9,11
"Itgam",5,13,14,8,9,11,9,11
"Itgav",3937,10234,6609,9008,9608,9943,9093,8957
"Itgb1",28121,51483,51259,55177,56916,53703,49300,52517
"Itgb1bp1",689,1375,1544,1347,1400,1404,1781,1716
"Itgb1bp2",1323,1838,3248,2411,2076,1219,1001,1898
"Itgb2",22,92,30,34,88,150,187,133
"Itgb3",960,2106,1677,1833,2035,2305,3462,3069
"Itgb3bp",168,296,221,300,320,333,223,235
"Itgb4",157,276,234,224,267,282,238,206
"Itgb5",9121,21298,17432,16689,19930,23380,21355,18635
"Itgb6",215,433,400,394,471,456,281,346
"Itgb7",7,48,11,15,61,71,191,171
"Itgb8",27,137,75,70,99,161,150,86
"Itgbl1",46,75,71,88,82,42,29,68
"Itih1",3,4,3,6,7,3,1,5
"Itih2",17,31,15,27,35,27,26,32
"Itih3",3,4,5,7,3,6,1,1
"Itih4",5,14,9,9,6,14,16,11
"Itih5",11,39,18,30,51,62,60,28
"Itk",0,0,0,0,1,2,1,0
"Itln1",0,5,2,1,0,2,5,5
"Itm2a",69,145,150,106,196,113,89,187
"Itm2b",22538,46692,49430,46952,46464,52508,47690,45237
"Itm2c",5220,10640,11222,10203,9692,10841,11790,10437
"Itpa",1256,2145,2892,2433,2169,2055,2024,2203
"Itpk1",316,644,667,675,600,726,898,724
"Itpka",0,3,3,3,6,5,3,9
"Itpkb",485,717,844,903,703,474,453,677
"Itpkc",428,845,884,783,833,811,933,852
"Itpr1",597,1087,983,1165,1144,1008,1043,1145
"Itpr2",541,1202,747,1064,1347,1488,1620,1402
"Itpr3",2405,5812,4509,4494,5594,5732,7631,6105
"Itprip",1919,3787,3948,3552,3653,3441,3804,3984
"Itpripl1",194,305,265,332,265,212,236,239
"Itpripl2",4814,8909,8003,8831,10213,9198,10760,10615
"Itsn1",2539,4058,4685,4912,4306,3672,3523,3956
"Itsn2",352,1088,621,754,905,906,894,863
"Ivd",1023,2001,2339,2005,2025,1892,1838,1851
"Ivl",0,1,0,0,2,2,2,2
"Ivns1abp",11694,23439,23623,23432,26184,26845,27255,28230
"Iws1",1217,2892,2091,2680,3122,3023,2464,2463
"Iyd",5,6,11,12,4,7,12,10
"Izumo1",0,0,0,1,1,1,0,1
"Izumo4",64,93,112,110,85,113,99,98
"Jade1",813,2160,1807,2033,1919,1878,1590,1915
"Jade2",440,841,632,826,844,896,1063,885
"Jade3",120,301,216,261,286,238,257,274
"Jag1",476,707,639,831,815,589,570,782
"Jag2",907,1445,1226,1426,1459,1386,1043,1036
"Jagn1",805,1478,1708,1538,1422,1483,1657,1768
"Jak1",4245,8241,7187,8586,8972,9203,9293,9249
"Jak2",1147,3143,2023,2786,2934,3589,3354,3158
"Jak3",59,156,81,106,148,161,173,170
"Jakmip1",51,80,106,76,98,99,71,104
"Jakmip3",0,2,0,0,3,2,4,4
"Jam2",1606,3291,3139,3315,3527,3544,2607,2704
"Jam3",866,1424,1738,1669,1341,1277,1284,1455
"Jarid2",360,766,912,904,881,871,839,874
"Jazf1",35,75,47,80,65,41,48,68
"Jchain",3,4,4,6,2,5,2,3
"Jdp2",1918,3437,3263,3546,3260,2955,2958,3251
"Jkamp",720,1445,1364,1372,1499,1733,1642,1572
"Jmjd1c",528,1797,984,1214,1632,1802,1726,1527
"Jmjd4",415,691,824,746,767,675,681,730
"Jmjd6",1415,2667,2319,2441,2459,2850,2969,2636
"Jmjd7",2,0,3,0,3,1,2,0
"Jmjd8",263,469,391,416,475,496,490,415
"Jmy",918,2269,1610,2035,2253,2536,2361,2252
"Josd1",2474,4582,5368,5084,4643,4608,5356,5256
"Josd2",470,898,860,833,817,793,757,784
"Jph1",842,1619,1849,1677,1696,1642,1297,1568
"Jph2",6356,11823,14398,12054,11337,10882,9541,9820
"Jph3",1,0,1,1,1,2,3,2
"Jph4",1,2,1,1,0,0,0,1
"Jpx",31,46,27,57,48,44,42,45
"Jrk",415,798,783,784,771,700,723,820
"Jrkl",92,316,220,238,230,301,289,275
"Jsrp1",1259,2521,2616,2179,2499,2669,1982,1938
"Jtb",815,1695,1973,1708,1736,1920,2110,2026
"Jun",3492,7109,4598,5695,8037,8696,7961,6325
"Junb",8281,12858,9191,12227,13255,11746,12190,12469
"Jund",3250,7072,4974,5308,6895,8074,7414,5947
"Jup",3871,6852,7868,6676,6716,6554,4946,5350
"Kalrn",547,895,900,1021,1003,870,888,921
"Kank1",183,256,368,301,302,271,262,314
"Kank2",5563,9467,10531,10685,9803,8489,7713,8468
"Kank3",139,247,271,244,276,237,226,216
"Kank4",0,5,3,3,0,4,4,0
"Kank4os",15,20,21,27,24,25,15,24
"Kansl1",1088,2289,1831,2249,2460,2477,2297,2311
"Kansl1l",423,1058,771,877,996,1062,932,875
"Kansl2",4021,7030,7177,6506,6960,7215,8752,8344
"Kansl3",1625,3316,3959,3620,3380,3381,4014,3853
"Kantr",81,274,183,240,304,394,331,258
"Kars",3719,6875,8220,7367,6783,6290,6497,6847
"Kat2a",1279,2463,2774,2553,2421,2251,2607,2639
"Kat2b",1215,2421,2407,2719,2678,2742,2597,2613
"Kat5",892,1634,1614,1623,1669,1562,1689,1629
"Kat6a",1284,3130,1975,2753,3171,2809,2558,2551
"Kat6b",510,1334,949,1199,1270,1372,1360,1183
"Kat7",2868,5272,4996,5264,5235,4791,4902,4937
"Kat8",469,928,885,913,912,927,1012,1004
"Katna1",875,1609,1563,1607,1729,1682,1600,1656
"Katnal1",542,1231,1039,1182,1339,1310,1233,1134
"Katnal2",14,37,18,26,35,34,28,22
"Katnb1",835,1520,1750,1635,1433,1259,1436,1563
"Katnbl1",776,1733,1671,1743,1687,1778,1471,1609
"Kazald1",102,188,282,231,148,151,157,177
"Kbtbd11",607,1929,1273,1201,1753,2632,2841,1965
"Kbtbd12",22,36,35,32,52,32,25,27
"Kbtbd13",1,2,6,1,6,0,1,4
"Kbtbd2",1493,2696,2594,2908,3031,2789,2651,2764
"Kbtbd3",59,129,110,113,127,149,113,129
"Kbtbd4",727,1449,1447,1397,1367,1372,1328,1317
"Kbtbd6",11,27,16,20,23,9,5,15
"Kbtbd7",190,460,305,430,472,503,393,408
"Kbtbd8",21,55,28,40,55,43,29,46
"Kcmf1",2277,4328,4621,4309,4520,4349,4255,4569
"Kcna1",0,2,1,0,0,2,1,1
"Kcna3",0,2,0,0,4,1,2,0
"Kcna4",6,12,14,21,13,11,19,21
"Kcna6",1,3,0,6,2,3,4,1
"Kcna7",15,25,35,27,23,20,13,28
"Kcnab1",37,83,58,68,112,97,75,52
"Kcnab2",79,170,123,154,139,160,206,200
"Kcnab3",136,210,214,227,185,180,146,173
"Kcnb1",199,446,325,339,468,447,317,423
"Kcnc1",15,39,49,27,44,33,20,28
"Kcnc2",85,185,124,157,217,230,230,212
"Kcnc3",2,12,6,4,14,9,16,16
"Kcnc4",1,0,2,0,1,0,0,0
"Kcnd1",79,151,152,156,139,159,159,134
"Kcnd2",0,2,1,0,0,2,1,0
"Kcne2",1,1,1,2,0,0,1,1
"Kcne4",28,75,54,52,47,69,78,70
"Kcnf1",353,496,561,590,509,360,246,401
"Kcng2",2,1,2,3,2,0,1,2
"Kcnh1",109,176,142,149,188,134,80,118
"Kcnh2",277,347,358,452,287,185,139,228
"Kcnh3",2,5,1,4,1,2,3,4
"Kcnh4",1,0,0,1,0,1,1,0
"Kcnh5",1,1,0,1,0,0,0,0
"Kcnh6",0,0,1,0,0,0,1,1
"Kcnh7",6,15,8,8,9,12,10,3
"Kcnip2",0,0,1,1,3,2,3,5
"Kcnip3",8,7,8,12,19,9,14,10
"Kcnip4",6,13,12,13,9,11,15,14
"Kcnj11",2,3,7,3,4,1,1,7
"Kcnj12",184,322,245,250,394,341,235,290
"Kcnj13",1,3,5,3,2,2,6,0
"Kcnj14",1,0,2,0,0,0,3,1
"Kcnj15",1,1,2,1,0,1,5,2
"Kcnj16",15,34,20,31,38,65,56,35
"Kcnj2",200,507,345,428,529,617,516,421
"Kcnj3",0,0,0,0,1,1,7,0
"Kcnj4",3,4,2,3,3,2,2,3
"Kcnj6",0,0,2,0,0,1,0,3
"Kcnj8",0,0,1,0,1,1,1,4
"Kcnj9",0,1,5,1,1,0,1,1
"Kcnk10",1,0,0,1,2,0,0,0
"Kcnk12",11,29,11,14,21,15,16,14
"Kcnk13",44,58,57,66,46,31,18,51
"Kcnk15",0,0,0,1,0,1,0,1
"Kcnk2",177,307,223,276,340,314,327,370
"Kcnk4",4,10,8,7,4,7,2,11
"Kcnk5",206,370,334,353,412,346,478,456
"Kcnk6",24,35,40,33,39,43,39,40
"Kcnk7",9,5,4,8,6,3,0,6
"Kcnma1",6,10,5,6,12,36,45,61
"Kcnmb1",6,10,10,6,8,5,3,9
"Kcnmb2",1,1,0,2,0,1,0,2
"Kcnmb4",29,19,20,15,11,29,22,15
"Kcnmb4os1",0,1,1,0,0,3,0,0
"Kcnmb4os2",7,10,6,13,8,5,6,10
"Kcnn1",264,475,429,472,455,473,418,452
"Kcnn3",326,808,795,774,799,656,558,737
"Kcnn4",550,1026,992,1017,1003,922,1032,1019
"Kcnq1",4,7,11,4,0,1,1,7
"Kcnq1ot1",5,28,28,19,25,32,34,35
"Kcnq4",844,1536,1467,1324,1551,1363,1084,1205
"Kcnrg",4,14,7,13,13,13,15,15
"Kcnt2",4,4,1,6,3,3,3,0
"Kcnu1",9,17,18,18,29,24,28,19
"Kcp",48,61,77,95,75,60,50,51
"Kctd1",275,491,542,529,582,492,475,501
"Kctd10",3100,5410,6324,5823,5126,5089,5579,5014
"Kctd11",1944,2558,2723,3164,2618,1810,1672,2621
"Kctd12",72,146,107,161,107,40,27,84
"Kctd12b",52,123,96,124,82,90,94,102
"Kctd13",154,356,356,290,314,316,337,374
"Kctd14",24,21,31,38,25,21,18,23
"Kctd15",712,1297,1290,1372,1312,1330,1452,1386
"Kctd17",1881,3369,3390,3464,3091,2922,3057,3090
"Kctd18",364,661,701,758,726,642,588,678
"Kctd19",0,2,2,0,1,1,4,1
"Kctd2",686,1455,1564,1376,1372,1495,1646,1522
"Kctd20",1543,2967,3066,2988,2919,2497,2783,2845
"Kctd21",105,235,260,206,271,251,255,259
"Kctd3",1297,2365,2413,2381,2473,2190,2161,2309
"Kctd5",2166,3644,4417,4150,3642,3235,3106,3635
"Kctd6",341,584,509,590,582,625,587,542
"Kctd7",319,597,774,682,559,569,543,556
"Kctd9",1459,2561,2769,2815,2829,2585,2251,2597
"Kdelc1",1175,1944,2346,2347,2140,2041,2116,2270
"Kdelc2",1014,1891,1608,2055,2137,2394,2284,2197
"Kdelr1",4130,7534,7463,7064,7257,8161,7802,7433
"Kdelr2",5077,9052,9260,9464,9030,9457,9213,9243
"Kdelr3",2818,5185,4889,4959,4905,5271,4824,4672
"Kdm1a",3443,6064,6765,6838,6370,5741,5380,5752
"Kdm1b",376,804,727,746,809,961,894,832
"Kdm2a",2490,5046,4753,5127,5290,5376,5586,5272
"Kdm2b",762,1114,1244,1224,1170,1122,1159,1133
"Kdm3a",1467,3379,2459,3140,3580,4187,4343,3867
"Kdm3b",1850,3790,3492,3501,3921,3909,4017,3765
"Kdm4a",1999,4177,3880,3817,4308,4103,4758,4329
"Kdm4b",1355,3082,2136,2402,2834,3657,3924,2984
"Kdm4c",631,1434,1110,1424,1540,1577,1395,1497
"Kdm4d",1,4,1,2,6,5,5,5
"Kdm5a",999,2969,1860,2457,2572,2853,2672,2596
"Kdm5b",1867,3622,4063,4004,3853,4197,4410,4254
"Kdm5c",4441,8395,7366,8058,8454,8108,8219,7885
"Kdm6a",575,1575,1199,1433,1475,1638,1558,1569
"Kdm6b",1301,2897,2455,2560,2987,3049,3104,2915
"Kdm7a",341,1156,713,779,952,1106,1186,1165
"Kdm8",98,153,148,165,168,136,127,143
"Kdr",0,0,1,1,0,2,1,1
"Kdsr",606,1596,1384,1340,1703,2064,2731,2397
"Keap1",1556,2956,3015,2928,2828,2966,3270,3076
"Khdrbs1",4438,7224,8291,9060,7908,7061,6631,7581
"Khdrbs3",286,478,373,472,492,416,319,429
"Khk",190,448,481,449,401,471,561,449
"Khnyn",619,1400,1113,1171,1358,1455,1647,1406
"Khsrp",3298,5657,5479,5913,5970,5621,5657,5585
"Kidins220",3186,7230,7193,6987,7729,8320,7811,7217
"Kif11",864,1931,1009,1674,1441,804,533,1005
"Kif13a",1010,1866,1919,1904,2092,1992,2123,1911
"Kif13b",449,1104,883,889,1185,1100,1260,965
"Kif14",402,647,467,708,621,269,205,435
"Kif15",226,552,294,414,340,200,160,360
"Kif16b",510,1116,892,1089,1265,1346,1278,1141
"Kif17",4,7,4,5,12,10,15,2
"Kif18a",88,216,136,181,105,109,74,146
"Kif18b",1088,1304,1329,1707,1322,696,548,888
"Kif19a",57,80,81,88,83,42,44,80
"Kif1a",33,127,139,111,104,143,282,222
"Kif1b",2954,7721,6423,6997,7898,8091,7517,7275
"Kif1bp",1552,2968,3001,2983,3175,3363,3168,2948
"Kif1c",6860,12589,13146,12253,12201,11150,11979,11786
"Kif20a",2552,3110,3396,4167,3447,1695,1353,2146
"Kif20b",86,200,182,180,210,128,115,215
"Kif21a",246,956,560,791,924,1062,1103,995
"Kif21b",442,1098,1009,969,1101,1251,1854,1499
"Kif22",1241,1443,1655,1954,1530,810,706,1090
"Kif23",1161,1738,1406,2042,1666,905,595,1150
"Kif24",416,655,779,810,600,420,357,525
"Kif26a",20,15,40,30,34,2,1,35
"Kif26b",888,1958,1328,1496,1945,1434,1426,1603
"Kif27",6,8,5,9,9,10,15,10
"Kif2a",787,1756,1404,1723,1724,1715,1584,1743
"Kif2c",1432,1793,1903,2357,1793,988,714,1215
"Kif3a",653,1934,1276,1536,1816,2086,1829,1625
"Kif3b",1466,2907,2860,2978,3260,3075,3157,3093
"Kif3c",1022,2175,2136,1987,2163,2312,2599,2266
"Kif4",750,1253,827,1408,1211,655,477,808
"Kif5a",31,60,79,70,58,51,73,64
"Kif5b",2050,6520,4228,4411,4826,5051,4948,5400
"Kif5c",503,867,870,978,999,830,614,780
"Kif6",2,14,12,5,8,10,9,10
"Kif7",252,541,571,536,563,507,560,578
"Kif9",47,100,118,75,115,157,130,117
"Kifap3",2374,5281,4621,5178,5333,6069,5066,4660
"Kifc1",893,989,1024,1214,915,502,413,684
"Kifc2",47,85,67,84,122,112,91,105
"Kifc3",2123,3550,4581,4056,3443,2953,2755,3187
"Kifc5b",526,603,589,741,599,343,273,400
"Kin",258,565,435,577,573,585,503,548
"Kirrel",5472,10435,9334,10430,10594,10090,10838,10297
"Kirrel3",212,245,420,432,236,91,104,231
"Kiss1r",29,73,62,50,64,73,67,57
"Kitl",357,1750,588,821,1276,2005,2173,1702
"Kiz",525,1125,832,994,1200,1392,1146,1019
"Klb",1,2,4,4,2,2,3,7
"Klc1",4995,8863,10363,9212,9198,8616,8216,8701
"Klc2",1287,2482,2621,2329,2453,2400,2486,2388
"Klc3",95,170,171,172,204,187,152,131
"Klc4",476,967,1080,933,930,990,1071,971
"Klf1",7,6,6,9,5,4,5,7
"Klf10",2293,3191,3110,3725,3416,2554,2123,3232
"Klf11",533,1095,903,1102,1239,1398,1271,1226
"Klf12",15,40,32,38,55,65,48,39
"Klf13",2666,4216,3788,4459,4498,3871,3517,4037
"Klf15",15,52,19,24,41,75,126,124
"Klf16",663,1119,1052,1155,1099,1015,1000,1051
"Klf2",507,1175,713,828,1240,1610,1454,947
"Klf3",787,1930,1556,1686,1944,2035,1943,1684
"Klf4",727,2252,919,1138,2582,3813,4234,2988
"Klf5",875,1393,1583,1575,1583,1311,1106,1361
"Klf6",2763,7258,4235,5641,7946,8579,8141,7017
"Klf7",41,144,95,92,108,114,113,83
"Klf8",9,16,8,12,17,7,4,5
"Klf9",327,1126,658,723,974,1303,1625,1373
"Klhdc1",163,388,289,325,389,455,429,446
"Klhdc10",2762,4962,6197,5734,5103,4549,4531,4760
"Klhdc2",2892,5141,6100,5565,5085,5157,5558,5572
"Klhdc3",1687,3203,3743,3142,3053,2944,3216,3304
"Klhdc4",608,1095,1260,1097,1065,965,1022,1083
"Klhdc7a",6,8,10,5,11,2,3,5
"Klhdc8a",1209,1814,1873,2053,1786,1418,1385,1617
"Klhdc8b",145,283,254,252,281,272,268,252
"Klhdc9",159,252,333,283,244,211,265,295
"Klhl1",1,0,0,1,1,0,0,0
"Klhl10",8,20,14,16,23,10,18,30
"Klhl11",97,213,170,216,241,183,178,182
"Klhl12",771,1499,1679,1548,1573,1497,1435,1506
"Klhl13",554,1106,1154,1048,1365,1184,855,1093
"Klhl15",44,99,77,81,68,96,95,104
"Klhl17",391,753,770,793,756,784,847,809
"Klhl18",531,1075,1155,1047,1058,1018,1043,1036
"Klhl2",569,1121,1129,1107,1103,1084,1129,1243
"Klhl20",1057,1878,1958,2186,2083,1876,1912,2014
"Klhl21",1852,3747,4349,3715,3722,3676,4653,4518
"Klhl22",781,1394,1539,1544,1332,1235,1310,1416
"Klhl23",244,368,400,486,339,256,248,326
"Klhl24",742,2680,1708,1993,2534,3218,3313,2732
"Klhl25",644,1143,1289,1243,1043,977,1146,1186
"Klhl26",1257,2125,2556,2419,2102,1974,1981,2193
"Klhl28",63,187,101,133,163,163,147,142
"Klhl29",1,4,1,3,1,0,1,1
"Klhl3",2,8,1,3,3,2,2,6
"Klhl30",2666,6745,6224,4479,6869,8306,6285,5531
"Klhl31",372,764,767,805,813,798,477,553
"Klhl32",7,13,7,15,9,10,6,6
"Klhl33",51,119,119,115,94,103,80,96
"Klhl34",40,48,82,65,64,31,15,58
"Klhl35",0,0,2,0,2,0,0,2
"Klhl36",75,160,150,128,114,120,140,126
"Klhl38",3,7,4,6,6,8,4,9
"Klhl40",638,1302,1461,1112,1275,1260,938,1029
"Klhl41",6235,10759,15912,11933,11958,11434,8527,10617
"Klhl42",574,1050,1087,1228,1112,1129,1171,1223
"Klhl5",1488,2610,2888,2981,2926,2993,2660,2573
"Klhl6",3,11,5,7,4,6,6,4
"Klhl7",773,1626,1484,1830,1730,1858,1633,1756
"Klhl8",322,635,811,681,611,605,613,661
"Klhl9",1298,3254,2315,3109,3248,3612,2795,2798
"Klk10",37,31,57,59,47,45,27,36
"Klk11",10,9,23,16,15,15,7,4
"Klk12",0,0,1,1,0,1,1,0
"Klk1b16",2,0,2,3,0,0,0,0
"Klk1b22",10,35,26,26,43,36,47,43
"Klk1b27",2,1,3,2,1,1,0,1
"Klk1b9",1,0,0,2,0,0,0,2
"Klk8",0,4,3,1,3,5,1,5
"Klk9",0,2,1,0,1,3,0,1
"Klra2",6,23,17,7,20,16,23,27
"Klrb1a",24,17,13,34,22,17,6,11
"Klrg1",0,0,0,1,0,1,1,0
"Klrg2",30,78,62,51,67,73,70,76
"Kmo",1,0,1,1,0,1,0,0
"Kmt2a",1128,2877,1888,2578,2856,2824,2777,2533
"Kmt2b",793,1649,1559,1548,1668,1534,1629,1546
"Kmt2c",484,1418,845,1140,1306,1364,1182,1203
"Kmt2d",1375,3135,2688,2913,3248,3575,3372,3166
"Kmt2e",1107,3373,1788,2453,3025,3209,3115,2743
"Kndc1",2,3,2,3,1,4,2,2
"Kng1",3,59,17,7,72,103,893,822
"Kng2",76,1522,453,298,1561,2765,7858,6449
"Knop1",1262,2468,2341,2552,2786,2618,2574,2684
"Knstrn",1607,2208,1954,2605,2284,1285,968,1559
"Kntc1",646,949,570,1057,946,537,391,636
"Kpna1",1500,3174,3013,3180,3585,3559,3198,3434
"Kpna2",4525,5479,6046,6871,5724,3787,3365,4638
"Kpna3",1565,3702,2670,3524,3344,3508,2956,3213
"Kpna4",2152,4573,4336,4861,4722,4571,4170,4538
"Kpna6",3249,6203,7033,6419,6533,6170,6148,6043
"Kpnb1",11576,18214,21768,23059,20405,16445,17301,19630
"Kprp",0,3,1,0,2,7,3,1
"Kptn",204,377,322,349,358,351,326,324
"Kras",1432,3761,2679,3178,3286,3464,3026,3203
"Krba1",257,572,529,501,521,527,558,484
"Krcc1",889,2030,1667,2035,2023,2183,1914,2057
"Kremen1",7356,13061,12046,13327,12977,12903,11222,10939
"Kremen2",1,1,3,3,1,0,0,2
"Kri1",450,911,928,885,904,918,1074,1053
"Krit1",561,1482,1036,1280,1335,1333,1213,1353
"Krr1",692,1667,1260,1468,1718,1650,1389,1498
"Krt10",102,185,155,181,181,226,183,177
"Krt13",16,56,31,26,42,75,55,37
"Krt14",269,328,227,380,254,195,132,207
"Krt16",4,3,0,4,3,2,4,2
"Krt18",0,2,5,0,1,5,3,1
"Krt19",99,228,107,137,219,226,185,162
"Krt222",0,3,4,1,3,2,4,2
"Krt23",0,1,2,0,2,1,0,0
"Krt24",0,0,1,1,0,1,0,0
"Krt28",2,1,0,2,1,1,0,1
"Krt31",3,11,20,8,7,9,8,7
"Krt33a",1,0,2,2,0,1,0,0
"Krt33b",0,0,2,1,1,2,0,1
"Krt7",4,11,9,8,11,19,20,12
"Krt78",1,1,0,1,1,0,0,0
"Krt8",1,5,7,2,1,1,1,2
"Krt80",580,2016,793,917,2049,2792,3084,1994
"Krt9",2,3,10,4,3,2,0,3
"Krtcap2",1653,3408,3363,3165,3300,3718,4303,4031
"Krtcap3",39,74,75,83,88,85,68,71
"Ksr1",259,456,453,457,436,420,513,458
"Ksr2",1,2,0,2,2,1,1,2
"Kti12",447,729,871,831,818,720,742,824
"Ktn1",746,2394,1615,1708,2006,2263,2106,2211
"Kxd1",592,1389,1245,1142,1271,1492,1508,1304
"Ky",7,8,13,15,3,2,1,5
"L1cam",513,1532,597,843,1783,2188,2016,1135
"L2hgdh",364,650,680,815,737,644,558,687
"L3hypdh",192,363,414,395,326,304,298,334
"L3mbtl2",885,1412,1509,1519,1373,1251,1366,1488
"L3mbtl3",305,725,685,656,733,766,737,613
"l7Rn6",821,1513,1513,1502,1588,1610,1415,1569
"Lacc1",323,528,499,621,542,482,408,490
"Lace1",237,521,472,475,548,593,605,571
"Lactb",357,616,771,750,675,601,563,710
"Lactb2",598,1451,1197,1393,1478,1584,1509,1330
"Lad1",9,17,20,17,26,7,7,18
"Lag3",12,22,29,24,17,11,15,10
"Lage3",301,585,747,609,621,596,633,687
"Lama1",275,422,339,435,380,219,178,400
"Lama2",1624,3841,2786,3369,4130,4120,3286,2859
"Lama3",3,9,4,5,6,7,6,5
"Lama4",1009,2320,1797,1907,2319,2913,3067,2637
"Lama5",4900,10222,8813,8918,10408,10123,10982,9897
"Lamb1",7974,15687,15502,15909,16457,15915,19979,19208
"Lamb2",3633,6679,6538,6635,6454,6144,6259,6158
"Lamb3",884,1063,1507,1449,1123,546,367,933
"Lamc1",6290,11455,12312,12373,12247,10974,12513,12837
"Lamc2",373,928,785,683,989,989,831,772
"Lamc3",13,36,36,25,41,40,33,35
"Lamp1",17953,42616,40210,35049,41565,51557,53790,46475
"Lamp2",7502,20338,14570,17832,21278,26037,23939,21905
"Lamtor1",1301,2519,2667,2245,2292,2398,2536,2337
"Lamtor2",798,1641,1677,1613,1636,1588,1742,1703
"Lamtor3",1354,2181,2625,2326,2311,2305,2676,2617
"Lamtor4",445,879,1004,852,850,979,1022,899
"Lamtor5",1323,2676,2696,2480,2489,2580,2571,2672
"Lancl1",1039,2061,2104,2019,1887,2035,1987,2100
"Lancl2",458,879,828,995,907,852,819,861
"Lancl3",60,214,144,173,197,175,205,170
"Lap3",1879,3490,4020,3750,3601,3552,3642,3666
"Laptm4a",19886,41426,44424,40443,41854,43908,42663,41787
"Laptm4b",1855,3878,4042,3697,3660,3992,4270,4097
"Laptm5",1,1,1,1,3,0,0,0
"Large",1521,3349,3260,2984,3454,4071,4662,4137
"Larp1",3184,6846,6161,6589,7237,7257,7118,6739
"Larp1b",359,529,740,689,552,461,401,542
"Larp4",1064,3310,1939,2283,2505,2613,2502,2495
"Larp4b",920,2418,1612,2128,2235,2268,2267,2224
"Larp6",245,676,558,546,648,862,1277,956
"Larp7",691,1266,1157,1436,1262,1132,976,1103
"Lars",3157,6372,7148,6818,7090,7175,7229,7174
"Lars2",1651,2728,2881,2588,2498,2491,2549,2451
"Las1l",964,1627,2176,2069,1892,1661,1738,1864
"Lasp1",5997,11417,10484,11025,11028,10707,10982,9981
"Lat",4,12,6,5,3,10,13,6
"Lat2",29,48,33,53,60,60,45,45
"Lats1",1283,3720,2084,2926,3342,3417,3153,3158
"Lats2",1920,3665,3556,3825,3925,4093,3949,4006
"Lax1",5,10,9,15,17,9,6,14
"Layn",661,1311,1341,1288,1423,1471,2150,1985
"Lbh",2497,4719,4470,4524,4630,4819,4262,3851
"Lbp",109,254,302,199,299,226,209,268
"Lbr",1171,1969,1803,2227,2104,1813,1855,2147
"Lbx1",16,10,12,21,14,5,2,18
"Lbx2",2,2,2,3,5,5,4,4
"Lca5",185,452,376,420,440,387,374,410
"Lca5l",3,21,6,9,11,16,14,14
"Lcat",15,43,48,41,31,23,20,32
"Lce1f",1,1,1,1,1,0,0,1
"Lce1g",0,4,5,3,1,5,21,18
"Lck",8,27,29,23,27,23,48,48
"Lclat1",1838,3566,3453,3671,3875,4023,4189,3678
"Lcmt1",585,1024,1099,1096,1044,1036,997,994
"Lcmt2",256,440,405,402,423,497,487,461
"Lcn2",25,173,90,66,178,316,2044,1792
"Lcor",26,60,42,44,59,59,46,47
"Lcorl",82,202,168,163,175,213,201,197
"Lcp1",0,1,1,1,1,2,1,1
"Lct",6,3,2,8,7,3,1,1
"Lctl",12,19,22,22,20,25,11,16
"Ldah",1352,2639,2669,2566,2767,2699,2733,2810
"Ldb1",1753,3433,3824,3486,3344,3413,3863,3522
"Ldb3",1877,3419,4219,3494,3993,3932,2823,3384
"Ldha",31067,60185,44622,50157,58068,62583,60094,56563
"Ldhal6b",4,3,5,6,5,4,1,8
"Ldhb",308,617,806,628,572,541,553,601
"Ldhc",1,0,1,1,0,0,0,2
"Ldhd",4,3,11,11,8,15,12,10
"Ldlr",4606,8963,8130,8259,9070,9435,10241,9268
"Ldlrad2",1,1,3,1,3,1,1,2
"Ldlrad3",1765,3125,3770,3433,3453,3660,3609,3939
"Ldlrad4",423,750,767,800,743,551,571,676
"Ldlrap1",1054,1908,2054,2041,1855,1808,1907,1932
"Ldoc1l",67,116,71,93,111,101,89,97
"Leap2",2,7,1,2,2,5,4,2
"Lef1",492,966,870,929,967,940,914,930
"Lefty1",1,6,8,2,7,3,8,1
"Lekr1",18,56,35,54,71,71,58,57
"Lemd1",0,1,2,3,1,5,1,2
"Lemd2",1641,3247,3338,3115,3292,3500,3970,3835
"Lemd3",574,1223,990,1197,1313,1302,1195,1281
"Lenep",24,77,55,60,53,82,74,56
"Leng1",215,388,493,426,413,321,399,445
"Leng8",777,1765,1824,1773,1947,2052,2130,1976
"Leng9",101,164,172,172,172,153,172,162
"Leo1",616,1202,1228,1266,1365,1247,1099,1295
"Lepr",4,13,7,9,16,11,10,20
"Leprot",2863,5063,5032,4979,5143,5206,5093,5001
"Leprotl1",1652,3432,3351,3289,3576,4356,4521,4409
"Letm1",1294,2380,2847,2528,2410,2343,2838,2863
"Letm2",76,197,213,174,229,239,226,188
"Letmd1",618,1112,1053,1120,1200,1146,1138,1100
"Lfng",372,434,471,586,430,281,225,327
"Lgals1",49465,90295,93735,88925,86318,79887,67931,72574
"Lgals12",5,3,5,7,5,3,2,8
"Lgals2",66,97,82,91,106,101,99,115
"Lgals3",7373,20547,15973,13841,19944,25875,36333,29777
"Lgals3bp",1456,3178,2295,2467,3591,3364,3605,3020
"Lgals4",5,3,6,4,1,5,5,3
"Lgals7",1,0,3,4,0,0,0,0
"Lgals8",1908,3646,3563,3799,4040,4147,4266,4358
"Lgals9",1290,2461,2367,2570,2292,2093,2258,2208
"Lgalsl",195,459,277,374,465,538,407,386
"Lgi2",6,12,14,15,10,24,23,14
"Lgi3",1,3,4,7,5,4,7,5
"Lgi4",8,13,11,15,4,6,7,15
"Lgmn",3652,8484,8158,7337,7897,9215,11650,9714
"Lgr4",492,964,832,1036,998,1147,1005,933
"Lgr5",60,59,69,92,51,5,4,57
"Lgr6",10,13,40,27,19,21,23,30
"Lhfp",2110,3994,4049,4328,3869,4262,4400,3954
"Lhfpl1",2,4,3,2,5,1,0,0
"Lhfpl2",1976,3920,3855,3704,4043,4102,5149,4983
"Lhfpl4",6,11,4,10,20,10,8,14
"Lhpp",80,156,146,132,141,164,148,125
"Lhx2",28,45,23,41,42,25,22,27
"Lhx6",255,411,403,479,410,363,359,400
"Lhx8",5,12,33,17,16,21,34,30
"Lhx9",131,197,184,252,157,132,100,131
"Lias",691,1243,1572,1428,1331,1237,1249,1372
"Lif",589,800,588,834,974,704,578,929
"Lifr",2467,6219,4066,5475,6158,6806,5273,5016
"Lig1",1199,1549,1461,1882,1574,956,870,1180
"Lig3",1343,2705,2833,2776,3001,2796,2733,2794
"Lig4",155,424,327,354,375,378,366,407
"Lilr4b",1,1,1,1,1,6,11,20
"Lilrb4a",1,2,0,2,4,9,33,20
"Lima1",7752,15416,18771,18413,16918,16999,16748,16677
"Limch1",96,149,220,155,227,77,65,214
"Limd1",1587,2943,3334,3163,2860,2969,3168,3154
"Limd2",896,1404,1524,1584,1354,1101,1087,1315
"Lime1",295,530,554,596,575,622,611,561
"Limk1",747,1795,1599,1462,1734,1753,1668,1411
"Limk2",1057,1918,2473,2174,1958,1724,1936,2201
"Lims1",3030,8490,5678,7458,7057,7272,5982,6309
"Lims2",93,226,200,192,185,277,348,344
"Lin28a",3,3,7,2,3,3,1,1
"Lin37",352,663,768,677,622,633,603,575
"Lin52",235,446,544,491,513,501,549,607
"Lin54",264,598,459,541,604,531,471,516
"Lin7a",3,6,3,8,4,3,4,1
"Lin7b",2,2,6,1,17,10,8,3
"Lin7c",739,2153,1107,1670,1702,1730,1524,1718
"Lin9",241,493,315,462,473,345,262,420
"Linc-md1",39,70,198,134,67,48,71,80
"Lincenc1",5,5,5,8,7,4,5,8
"Lincpint",1,4,1,1,3,2,3,3
"Lincppara",162,218,185,246,234,248,214,199
"Lingo1",35,46,55,58,46,28,17,45
"Lingo2",15,22,9,21,14,15,10,9
"Lingo3",1,3,3,2,4,2,5,8
"Lingo4",10,32,17,15,21,2,1,10
"Lins",371,599,615,674,664,603,603,643
"Lipa",1762,3694,3269,3361,3716,4234,4290,3833
"Lipc",5,15,7,13,18,16,16,21
"Lipe",273,358,462,472,329,320,390,391
"Lipg",87,99,87,134,119,45,50,102
"Liph",2,7,7,7,2,8,7,8
"Lipk",0,2,3,2,0,0,0,0
"Lipm",2,1,0,3,1,0,0,0
"Lipn",0,0,1,0,3,2,0,2
"Lipt1",202,333,352,421,323,280,278,331
"Lipt2",53,108,82,90,81,86,94,94
"Litaf",3615,8299,7340,7038,7636,9570,10576,9081
"Lix1",370,582,494,671,493,432,198,338
"Lix1l",3545,6273,7718,7251,6007,5992,6283,6109
"Llgl1",2110,3951,3867,3795,3785,3767,3920,3796
"Llgl2",20,25,23,27,22,19,25,24
"Llph",732,931,1041,1006,1120,1047,1049,1121
"Lman1",5071,10295,8782,11382,10785,11130,9779,10163
"Lman1l",156,243,232,235,258,260,221,206
"Lman2",5595,10653,11016,10533,10250,9839,10261,10383
"Lman2l",837,1756,1550,1553,1619,1814,1676,1511
"Lmbr1",254,665,554,587,670,787,898,833
"Lmbr1l",314,660,656,615,549,688,775,743
"Lmbrd1",1539,3657,3140,3145,3819,4444,4509,4176
"Lmbrd2",96,413,216,216,321,286,285,279
"Lmcd1",543,975,930,927,820,838,821,868
"Lmf1",774,1555,1332,1305,1439,1657,1614,1509
"Lmf2",3314,5502,5268,5730,5313,5017,5041,5040
"Lmln",55,158,115,121,160,159,111,145
"Lmna",23822,38494,46855,44297,37632,31138,28925,31567
"Lmnb1",1590,2033,2000,2639,2273,1228,955,1396
"Lmnb2",2941,4311,4938,5262,4557,3297,2686,3349
"Lmntd2",0,3,1,1,3,3,2,1
"Lmo1",16,26,21,33,32,16,22,39
"Lmo2",4,12,6,11,7,12,5,3
"Lmo4",1222,2481,2386,2431,2611,3140,3733,3464
"Lmo7",2522,5429,4701,4734,6271,6458,5008,4833
"Lmod1",675,914,1373,1434,965,783,633,775
"Lmod2",672,1493,1670,1399,1578,1752,1152,1463
"Lmod3",872,2036,2062,1873,2288,2296,1586,1880
"Lmtk2",615,1247,1022,1133,1323,1267,1285,1337
"Lmtk3",10,24,18,22,34,34,31,19
"Lnp",421,1173,807,979,1042,1157,981,1032
"Lnpep",486,1839,924,1247,1331,1264,1290,1126
"Lnx1",154,275,179,252,280,289,227,190
"Lnx2",356,600,696,726,642,612,590,586
"LOC100049077",0,1,0,2,1,1,1,1
"LOC100503496",1,2,2,3,1,5,4,2
"LOC100504703",1,1,5,2,2,2,1,5
"LOC100505025",7,14,17,17,13,10,7,12
"LOC105246506",8,5,8,9,2,6,11,3
"LOC106740",156,341,300,353,380,460,410,448
"Loh12cr1",201,403,515,416,352,378,476,467
"Lonp1",2570,5414,4817,4728,5317,6397,7068,6019
"Lonp2",3044,5596,5879,5764,5625,5280,5202,5434
"Lonrf1",206,396,349,413,423,455,444,419
"Lonrf3",72,216,95,140,144,205,274,271
"Lor",5,7,2,5,7,6,5,8
"Lox",21029,59247,39114,49930,57373,67174,57245,58567
"Loxhd1",5,12,2,8,10,6,8,9
"Loxl1",9053,15257,15541,16274,14318,12954,11867,13671
"Loxl2",1411,2448,1939,2313,2762,2621,2324,2371
"Loxl3",2204,3672,3382,3796,3617,3016,2885,3138
"Loxl4",882,1363,1418,1654,1299,978,1000,1390
"Lpar1",1618,3033,3466,3593,3421,3287,3129,3497
"Lpar2",46,98,97,82,119,100,107,112
"Lpar3",245,342,452,484,330,196,131,266
"Lpar4",62,165,155,151,128,105,161,225
"Lpar6",122,249,261,301,273,295,223,246
"Lpcat1",393,709,581,642,661,618,689,611
"Lpcat2",26,48,28,53,43,56,54,64
"Lpcat2b",0,2,1,1,3,2,0,2
"Lpcat3",1438,2791,3022,2740,2721,2776,2771,2674
"Lpcat4",298,513,678,601,508,465,534,545
"Lpgat1",2007,5952,3852,4557,5765,7231,8503,7481
"Lpin1",383,670,818,776,797,863,1061,943
"Lpin2",1153,2251,2065,2270,2360,2424,2251,2046
"Lpin3",1432,2906,2789,2607,2861,2753,2540,2493
"Lpl",931,2693,2810,2809,2712,2972,2948,2981
"Lpp",1849,6094,2724,4398,4874,5046,3946,3970
"Lppos",27,45,46,42,44,54,54,40
"Lppr2",675,1303,1360,1287,1226,1337,1353,1345
"Lppr3",226,615,427,432,581,744,819,622
"Lppr4",0,0,1,0,0,1,1,2
"Lpxn",2,8,10,3,3,3,2,2
"Lrba",509,1121,988,1098,1227,1220,1018,1053
"Lrch1",886,1807,1765,1952,1906,1981,1832,1812
"Lrch2",141,448,254,310,308,305,329,351
"Lrch3",800,1542,1303,1651,1610,1611,1568,1505
"Lrfn1",1,1,0,1,0,2,2,1
"Lrfn3",276,465,450,476,472,491,466,423
"Lrfn4",669,1406,1269,1259,1290,1421,1551,1402
"Lrguk",5,12,5,6,16,12,21,13
"Lrif1",228,595,409,460,493,717,700,697
"Lrig1",2719,5689,4254,4980,5389,5725,5937,5069
"Lrig2",661,1727,1286,1514,1822,2173,2202,2042
"Lrig3",1148,1975,1727,2044,1989,1830,1786,2001
"Lrmp",2,5,3,4,2,1,3,1
"Lrp1",28938,72796,51354,54159,74209,80660,91162,71365
"Lrp10",4679,9532,8919,8245,8891,10033,10043,9212
"Lrp11",415,794,808,728,808,758,622,698
"Lrp12",1328,2458,2592,2663,2759,2848,3237,3104
"Lrp2",2,4,4,3,7,7,8,10
"Lrp2bp",1,17,5,7,24,31,20,6
"Lrp4",3077,6198,6441,6160,6134,6017,4936,4962
"Lrp5",3871,8418,6870,7360,8034,9433,9622,8143
"Lrp6",1266,3625,2280,3033,3279,3492,3246,3015
"Lrp8",209,447,243,339,506,457,564,550
"Lrpap1",2463,4853,6277,5266,4696,4955,5689,5570
"Lrpprc",1497,3002,3169,3151,3083,3102,3135,3217
"Lrr1",95,98,93,144,101,59,35,97
"Lrrc1",306,518,620,627,585,521,473,582
"Lrrc10b",14,43,104,59,41,40,40,37
"Lrrc14",688,1343,1411,1346,1281,1337,1394,1417
"Lrrc14b",43,91,91,79,77,94,88,80
"Lrrc15",38,75,131,106,56,29,35,49
"Lrrc16a",539,951,939,1095,1025,1045,974,1027
"Lrrc16b",2,5,3,4,2,2,2,4
"Lrrc17",4548,5962,8447,8917,6160,4350,3544,4710
"Lrrc19",4,5,5,7,8,9,8,5
"Lrrc2",15,39,33,28,37,36,28,39
"Lrrc20",745,1571,1648,1442,1611,1607,1725,1650
"Lrrc23",3,11,6,10,6,12,16,8
"Lrrc24",35,69,72,77,64,73,77,92
"Lrrc26",1,3,6,2,8,3,3,3
"Lrrc27",96,171,135,148,207,203,220,193
"Lrrc28",446,696,752,786,728,650,603,727
"Lrrc29",36,87,113,96,79,73,98,81
"Lrrc3",1,1,0,2,1,0,0,2
"Lrrc30",18,34,38,25,36,25,15,25
"Lrrc32",499,920,737,773,879,892,723,789
"Lrrc34",4,3,1,9,10,10,11,6
"Lrrc39",141,273,310,277,296,267,192,231
"Lrrc4",35,40,42,51,52,26,26,32
"Lrrc40",741,1300,1285,1512,1322,1121,1011,1258
"Lrrc41",2520,4475,5193,4769,4290,4184,4248,4337
"Lrrc42",1070,1802,2159,1958,1811,1730,1780,1776
"Lrrc45",536,1096,882,978,1066,1146,1102,1118
"Lrrc46",21,55,35,41,34,41,29,29
"Lrrc47",770,1498,1482,1337,1513,1349,1495,1515
"Lrrc48",0,8,4,4,9,9,4,6
"Lrrc49",458,827,774,901,886,1003,1145,1087
"Lrrc4c",123,232,165,253,211,166,138,193
"Lrrc51",78,167,121,124,159,203,195,177
"Lrrc55",9,24,22,10,28,16,11,40
"Lrrc56",30,81,65,53,68,70,57,63
"Lrrc57",458,725,845,847,899,896,854,923
"Lrrc58",1350,4204,2091,2977,3530,4458,3568,3401
"Lrrc59",6944,11769,13304,12695,11902,10539,10864,11542
"Lrrc61",207,401,331,319,332,411,409,345
"Lrrc66",1,3,3,3,7,5,5,3
"Lrrc7",0,0,0,0,1,2,0,1
"Lrrc71",2,9,8,2,5,8,6,9
"Lrrc73",32,68,73,71,46,73,56,61
"Lrrc74b",5,24,14,12,14,26,30,24
"Lrrc75a",438,748,794,799,686,646,661,679
"Lrrc75b",442,747,893,951,701,567,644,788
"Lrrc8a",972,1916,1743,1811,1884,1755,2032,2024
"Lrrc8b",191,359,223,300,406,348,301,264
"Lrrc8c",337,580,503,615,658,569,521,559
"Lrrc8d",320,658,640,594,691,728,868,860
"Lrrc8e",206,350,345,376,320,359,377,395
"Lrrc9",0,1,0,1,4,0,1,2
"Lrrcc1",155,334,252,293,334,404,362,385
"Lrrd1",16,14,14,18,7,14,13,13
"Lrrfip1",3277,6521,6178,6890,7327,7439,6599,6239
"Lrrfip2",862,1715,1751,1833,1854,1923,2103,2007
"Lrriq3",11,15,18,19,26,22,27,18
"Lrrk1",3142,5661,6465,6084,5582,4741,4676,5189
"Lrrk2",853,2237,1396,1900,2157,2144,2074,2003
"Lrrn1",1621,3539,3815,3486,4041,4675,3219,3052
"Lrrn2",3,7,5,4,3,2,3,2
"Lrrn3",13,38,24,37,21,17,24,23
"Lrrn4",0,0,0,0,1,1,1,0
"Lrrn4cl",32,77,51,58,85,115,106,92
"Lrrtm2",29,56,20,59,45,28,20,35
"Lrrtm3",1,0,0,1,0,1,0,0
"Lrrtm4",0,0,1,0,2,0,1,2
"Lrsam1",455,1101,1048,890,1063,1086,1160,1037
"Lrtm1",10,9,19,16,16,3,1,20
"Lrtm2",1,0,1,3,2,1,0,1
"Lrwd1",614,1189,1174,1137,1121,1055,1118,1066
"Lsg1",1230,2303,2817,2477,2422,2365,2498,2550
"Lsm1",609,1119,1216,1121,1121,1049,1195,1233
"Lsm10",314,621,630,581,600,719,778,624
"Lsm11",450,705,731,840,723,654,653,786
"Lsm12",750,1195,1298,1432,1430,1342,1236,1323
"Lsm14a",3182,6165,5687,6411,6847,6746,6375,6639
"Lsm14b",1747,3239,3531,3395,3361,3098,3652,3597
"Lsm2",581,938,998,1031,824,699,738,798
"Lsm3",685,1153,1194,1250,1090,892,886,1006
"Lsm4",655,1045,1147,1174,1039,918,902,979
"Lsm5",381,639,669,709,704,558,496,600
"Lsm6",1708,2497,3307,3335,2506,1917,1936,2505
"Lsm7",434,652,762,723,652,559,612,638
"Lsm8",646,1007,1190,1241,1107,961,1072,1190
"Lsmem1",2,2,8,4,6,5,3,6
"Lsp1",3291,5182,5305,5495,5482,4584,3735,4230
"Lsr",6,20,16,16,17,28,42,16
"Lss",788,1564,1047,1291,1740,1676,1871,1592
"Lst1",2,3,6,3,0,2,3,8
"Lta",1,9,4,3,11,6,10,9
"Lta4h",2514,4797,4871,4739,4718,4542,4466,4562
"Ltb4r1",0,0,1,0,0,0,2,2
"Ltb4r2",1,0,0,2,2,0,0,1
"Ltbp1",4653,7637,10060,9874,7822,7012,8558,9252
"Ltbp2",6030,11678,10809,11740,11969,11597,12469,11872
"Ltbp3",8988,17072,15619,16396,16460,17015,16875,15940
"Ltbp4",3042,5212,4483,5299,5104,4175,3525,3583
"Ltbr",2127,4513,4435,4130,4197,4884,5812,5332
"Ltc4s",63,83,106,106,79,77,57,73
"Ltk",0,1,1,0,2,2,0,0
"Ltn1",1038,2579,1873,2296,2473,2493,2176,2361
"Ltv1",826,1500,1704,1673,1705,1602,1691,1884
"Luc7l",1568,2768,3234,3289,2937,2703,2906,3117
"Luc7l2",2052,4961,4006,4922,4880,4699,4142,4526
"Luc7l3",644,1578,1721,1946,1476,1411,1596,1735
"Lum",25,71,45,48,111,150,76,50
"Lurap1",56,99,142,89,106,86,108,100
"Lurap1l",1712,2973,4015,3640,2941,2437,2418,2812
"Luzp1",2267,5137,3804,4900,5126,4798,4244,4664
"Luzp4",0,5,2,3,3,5,3,5
"Lvrn",64,139,116,115,162,204,225,192
"Lxn",453,918,981,1014,847,930,989,882
"Ly6a",3866,11857,7028,7060,11661,15221,22584,16757
"Ly6c1",541,2044,1042,1180,2037,2905,3155,2169
"Ly6c2",118,747,411,393,792,1061,1178,787
"Ly6d",11,8,51,29,23,15,4,15
"Ly6e",12012,21594,22907,22601,20438,19396,20458,19996
"Ly6f",3,4,1,3,4,0,0,0
"Ly6g5b",3,3,5,4,3,6,6,0
"Ly6g6c",3,4,2,0,2,1,1,4
"Ly6g6d",0,0,1,0,2,0,0,1
"Ly6i",1,3,2,2,3,11,4,0
"Ly75",514,993,869,1041,1068,923,1062,993
"Ly9",1,0,0,2,1,0,0,0
"Ly96",72,162,129,146,182,211,251,246
"Lyar",438,826,890,995,934,768,820,1042
"Lyl1",7,9,6,13,17,17,16,7
"Lyn",442,811,681,710,769,809,750,769
"Lynx1",1965,3920,4376,3899,3841,3429,3547,3614
"Lypd6",265,444,438,517,422,411,310,367
"Lypd6b",17,52,29,33,43,63,79,90
"Lypla1",1515,3329,2950,3279,3501,3617,3136,3326
"Lypla2",958,1742,1998,1866,1671,1602,1818,1840
"Lyplal1",150,260,191,256,242,295,204,237
"Lyrm1",76,158,164,129,180,156,154,175
"Lyrm2",396,798,815,800,792,821,860,856
"Lyrm4",197,345,396,376,374,335,399,375
"Lyrm5",571,1128,1175,1189,1129,1333,1155,1253
"Lyrm7",22,54,51,63,50,70,68,54
"Lyrm9",111,282,293,234,297,294,306,302
"Lysmd1",112,133,131,125,162,140,160,133
"Lysmd2",249,416,504,529,408,390,445,526
"Lysmd3",237,864,424,507,617,619,591,613
"Lysmd4",317,576,623,604,579,562,551,569
"Lyst",412,1508,618,903,1532,1833,1775,1285
"Lyve1",0,2,0,0,4,2,1,1
"Lyz2",21,31,32,33,35,22,20,32
"Lyzl4",1,0,0,1,0,0,4,1
"Lzic",977,1789,2149,1834,1822,1683,1857,1946
"Lztfl1",227,683,480,529,611,629,584,652
"Lztr1",2071,3986,4163,3929,3741,3914,4446,4021
"Lzts1",74,133,174,140,161,129,117,77
"Lzts2",1792,3732,3817,3508,3482,3952,4279,3842
"Lzts3",505,937,824,903,911,926,838,830
"M1ap",22,29,16,25,31,28,34,25
"M6pr",3823,7555,7724,7758,7896,8459,9153,8788
"Maats1",6,20,13,9,23,21,24,24
"Mab21l1",0,3,3,0,3,1,1,0
"Mab21l3",50,97,144,102,80,102,104,99
"Macc1",41,165,70,84,113,191,109,91
"Macf1",6680,20044,12303,15609,19128,18745,14823,15662
"Macrod1",541,1364,1227,1086,1179,1539,1722,1408
"Macrod2",3,5,7,4,14,9,2,9
"Mad1l1",751,1248,1496,1431,1308,963,1054,1238
"Mad2l1",1368,1731,1833,2309,1800,1022,818,1404
"Mad2l1bp",540,997,1037,1003,999,894,867,992
"Mad2l2",311,511,554,559,509,497,593,570
"Madd",459,978,683,782,968,1124,1176,1027
"Maea",3489,6142,7705,6881,6336,6229,6291,6312
"Maf",485,1241,964,1072,1137,1372,1077,995
"Maf1",2301,4904,5057,4486,4610,5103,5873,5230
"Mafa",70,98,115,96,100,69,47,89
"Mafb",9,12,8,10,14,18,18,13
"Maff",509,1402,701,826,1335,2029,3098,2554
"Mafg",528,1161,1031,992,1324,1278,1644,1401
"Mafk",873,1861,1835,1702,1967,2225,2527,2236
"Mag",0,1,0,0,1,0,0,1
"Magea3",1,3,4,0,0,3,1,3
"Magea5",0,1,2,0,1,0,0,1
"Magea8",14,30,41,33,34,39,39,34
"Mageb18",2,4,7,2,8,5,6,9
"Mageb3",1,2,3,2,2,2,0,1
"Mageb4",0,1,0,1,0,2,0,0
"Maged1",18794,35874,39694,37719,34817,34488,35433,34299
"Maged2",2435,4416,4864,4669,4193,3911,3677,3781
"Magee1",781,1323,1539,1599,1416,1475,1380,1277
"Magef1",47,97,201,131,86,97,139,131
"Magi1",309,597,427,518,671,675,683,706
"Magi2",31,67,67,83,85,73,86,90
"Magi3",687,2058,1420,1691,1877,2057,1821,1673
"Magix",3,2,11,7,1,1,3,4
"Magoh",989,1835,2043,2004,1917,1677,1799,1804
"Magohb",228,469,496,518,524,421,431,501
"Magt1",1230,4056,2030,2670,3573,4568,3649,3219
"Mak",0,1,1,0,1,0,0,1
"Mak16",967,1491,1571,1646,1569,1351,1467,1643
"Mal",44,56,104,73,85,37,31,110
"Mal2",1,1,1,0,0,4,4,0
"Malat1",1491,8126,4995,5275,9376,11102,12055,9264
"Malsu1",253,559,620,497,555,558,635,656
"Malt1",129,345,277,358,321,402,384,323
"Mamdc2",811,1319,1806,1544,1622,1522,1177,1503
"Mamdc4",50,101,93,86,78,79,79,63
"Maml1",1201,2250,2101,2229,2182,2190,2298,2339
"Maml2",312,775,485,715,647,616,531,630
"Maml3",463,995,782,902,1096,1155,1098,987
"Mamld1",1,1,8,3,6,0,1,4
"Mamstr",81,140,125,141,119,133,89,96
"Man1a",70,191,98,126,194,205,203,155
"Man1a2",878,2571,1676,2139,2308,2316,2198,2247
"Man1b1",2616,4801,4853,4855,4784,4684,5126,4813
"Man1c1",2745,4468,4688,5108,4496,4176,3630,3991
"Man2a1",2165,5965,3562,5291,5834,5595,5646,5198
"Man2a2",3436,6551,6266,6429,6350,6244,5893,5328
"Man2b1",1643,3545,2763,2841,3333,3645,3441,3066
"Man2b2",1407,3121,2644,2561,2822,3209,3208,2861
"Man2c1",804,1706,1782,1637,1580,1690,1896,1630
"Man2c1os",6,3,6,8,7,3,5,7
"Manba",390,1080,884,778,1012,1227,1176,919
"Manbal",857,1335,1479,1330,1293,1252,1350,1389
"Manea",418,1417,764,917,1130,1468,1452,1301
"Maneal",3,2,4,8,7,10,7,6
"Manf",3908,9660,7582,7230,9039,11893,11878,9852
"Mannr",0,4,3,1,4,6,5,2
"Mansc1",4,10,11,6,9,5,9,8
"Mansc4",4,3,3,7,6,8,7,8
"Maoa",1614,3793,3507,3433,3876,4145,5399,5494
"Maob",8,27,17,11,18,28,21,28
"Map1a",2993,5883,6596,6089,6146,5581,5829,5674
"Map1b",3714,8907,6331,8317,8872,8565,6526,6711
"Map1lc3a",1660,3308,3740,3071,3070,3348,3247,2936
"Map1lc3b",4427,10107,9419,8054,9146,11726,12982,11108
"Map1s",1154,2060,2195,2115,2139,2031,1887,2038
"Map2",195,454,233,347,523,431,285,355
"Map2k1",2950,5968,5051,5181,5840,6830,7439,6831
"Map2k2",1848,3621,4102,3516,3575,3690,3770,3660
"Map2k3",2687,4876,5626,5185,4822,4386,4350,4492
"Map2k3os",57,75,118,116,90,103,109,119
"Map2k4",1700,2984,3165,3252,3308,3198,2894,3007
"Map2k5",595,1235,1352,1227,1186,1227,1462,1368
"Map2k6",85,214,177,168,185,179,197,167
"Map2k7",1357,2745,2746,2521,2617,2604,2691,2671
"Map3k1",99,292,194,235,264,359,344,287
"Map3k10",821,1578,1689,1514,1538,1449,1556,1553
"Map3k11",739,1450,1471,1378,1407,1374,1369,1243
"Map3k12",487,948,1020,923,882,960,1121,1019
"Map3k13",18,42,31,42,38,58,54,47
"Map3k14",674,1238,1491,1374,1253,1056,1005,1128
"Map3k15",5,14,13,12,17,13,6,25
"Map3k19",13,38,34,24,39,24,18,27
"Map3k2",561,2250,1010,1268,1752,1987,1932,1702
"Map3k3",1207,2284,2446,2296,2338,2141,2570,2348
"Map3k4",1134,2251,2200,2219,2375,2330,2422,2235
"Map3k5",29,49,55,55,64,55,62,52
"Map3k6",205,394,351,379,374,390,410,400
"Map3k7",2536,4822,4277,4908,5260,5034,4635,4723
"Map3k7cl",225,345,241,320,381,395,264,217
"Map3k8",136,439,389,362,545,835,1146,834
"Map3k9",49,105,81,84,99,91,79,83
"Map4",10177,19192,19899,19823,20364,19522,19655,18617
"Map4k1",13,17,15,21,12,11,12,6
"Map4k2",387,785,620,684,755,747,669,670
"Map4k3",548,1298,818,1143,1336,1539,1331,1180
"Map4k4",11052,22206,23175,22466,24212,23194,24191,23069
"Map4k5",912,2310,1803,2105,2404,2383,2168,2215
"Map6",1689,2976,3192,3097,2935,2896,3297,3293
"Map6d1",12,14,14,24,17,10,12,16
"Map7",25,18,31,48,19,17,17,20
"Map7d1",6749,12044,13773,12497,12074,11063,10200,11013
"Map9",57,211,103,154,158,194,181,154
"Mapk1",5311,9916,11538,11014,10394,10170,10727,10843
"Mapk10",0,1,1,0,2,0,0,1
"Mapk11",411,716,703,764,712,635,654,745
"Mapk12",540,1070,1019,947,1074,1040,1027,1052
"Mapk13",29,41,46,51,45,39,47,59
"Mapk14",1824,3715,4072,3669,3581,3669,4328,4004
"Mapk15",9,49,24,21,56,64,42,53
"Mapk1ip1",127,324,276,286,311,389,383,380
"Mapk1ip1l",3282,5017,5686,5695,5447,4923,4819,5222
"Mapk3",2814,5600,5174,5216,5237,5566,5937,5311
"Mapk4",45,88,72,66,100,74,65,79
"Mapk6",3879,7435,6839,7452,8479,8218,8054,8139
"Mapk7",692,1312,1276,1279,1278,1386,1392,1312
"Mapk8",704,1458,1313,1486,1556,1508,1277,1549
"Mapk8ip1",1078,2044,1743,1781,1993,1910,1585,1610
"Mapk8ip3",1694,3371,3373,3335,3476,3530,3341,3350
"Mapk9",1132,2198,1996,2347,2374,2388,2292,2282
"Mapkap1",1682,3174,3367,3375,3439,3288,3368,3245
"Mapkapk2",3594,7129,7212,6571,6733,6950,7377,7136
"Mapkapk3",15,36,43,30,47,37,28,36
"Mapkapk5",836,1763,1717,1595,1775,1722,1792,1770
"Mapkbp1",798,1828,1873,1682,1795,1609,1697,1681
"Mapre1",4965,9450,9221,10100,9900,8846,8092,8875
"Mapre2",886,1718,1560,1772,1781,1849,2009,1874
"Mapre3",1652,2962,3878,3249,2996,3272,3052,3061
"Mapt",23,44,47,39,62,84,65,54
"Marcks",8575,17319,12796,17094,17242,18605,15229,15127
"Marcksl1",1672,2926,2842,2952,2696,2684,2612,2701
"Marf1",1171,2622,2619,2629,2759,2913,2986,2886
"Mark1",1,24,14,9,30,60,71,56
"Mark2",1552,3159,3039,3036,3066,2896,2925,2965
"Mark3",2252,3895,4365,4442,4335,4005,3773,4105
"Mark4",539,1076,1097,958,999,1015,1051,952
"Mars",3280,6696,7109,6257,6650,6657,7216,7011
"Mars2",201,342,420,397,427,304,274,316
"Marveld1",1748,3271,3631,3499,3121,3355,3566,3635
"Marveld2",1,1,1,3,1,8,4,0
"Marveld3",0,1,0,0,2,3,3,1
"Mas1",0,2,1,0,1,1,1,0
"Masp1",1194,3104,3148,2946,2926,3625,6143,4744
"Masp2",3,3,1,9,3,6,5,12
"Mast1",90,228,188,167,227,222,255,237
"Mast2",2908,5326,5517,5212,5606,5263,5224,5432
"Mast3",1050,1938,2106,1915,1934,1877,1856,1917
"Mast4",1511,2867,2674,2836,3000,2885,2660,2869
"Mastl",372,777,489,726,572,433,332,498
"Mat1a",0,4,3,0,3,1,3,1
"Mat2a",6783,11720,13811,13406,12724,11639,12097,12981
"Mat2b",1501,3015,3333,3051,3006,3161,3292,3366
"Matk",8,19,16,12,25,27,27,14
"Matn2",5081,8621,9987,10458,8561,8763,8803,8489
"Matn3",36,38,17,47,27,2,3,35
"Matn4",7,5,3,7,5,10,20,20
"Matr3",2700,7684,4958,6414,5936,6937,5774,6340
"Mau2",1257,2479,2393,2442,2521,2442,2556,2423
"Mavs",915,1786,2126,1818,1752,1725,1860,1866
"Max",1482,2837,3206,3160,2936,2839,3075,3167
"Maz",2450,4329,3795,4176,4280,3922,3922,3745
"Mb",2773,3079,7155,5021,3603,1429,792,3193
"Mb21d1",149,240,177,286,249,155,156,217
"Mb21d2",201,365,377,392,379,354,393,436
"Mbd1",754,1478,1562,1494,1497,1474,1549,1541
"Mbd2",1630,3053,3262,3408,3324,3504,3648,3630
"Mbd3",2573,4688,4881,4709,4711,4324,4370,4473
"Mbd4",113,203,180,245,190,144,131,175
"Mbd5",331,849,590,673,785,899,757,712
"Mbd6",537,1213,1131,1057,1161,1354,1385,1289
"Mbip",259,578,392,502,587,595,524,536
"Mblac1",41,59,58,63,52,47,57,76
"Mblac2",52,180,109,126,143,193,218,194
"Mbnl1",2588,7363,5576,6325,5791,6560,5813,5977
"Mbnl2",1386,4591,2561,3247,3884,4685,4354,3909
"Mbnl3",70,245,130,161,175,159,166,222
"Mboat1",475,751,738,912,767,588,492,589
"Mboat2",339,573,641,595,597,515,391,507
"Mboat4",1,7,9,5,6,4,5,10
"Mboat7",880,1732,1494,1553,1596,1676,1736,1532
"Mbp",52,101,92,89,100,111,105,100
"Mbtd1",370,1153,682,813,973,1033,869,893
"Mbtps1",5489,10963,11470,11031,10418,10369,11029,10324
"Mbtps2",416,1227,846,1135,1187,1316,1196,1115
"Mc1r",0,2,1,1,1,2,0,0
"Mc4r",18,17,29,37,21,8,9,19
"Mc5r",0,0,3,4,1,2,8,2
"Mcam",212,269,315,398,263,175,159,197
"Mcat",625,1305,1409,1270,1224,1211,1309,1382
"Mcc",244,393,395,507,451,480,440,475
"Mccc1",457,803,1051,950,838,864,875,861
"Mccc1os",2,6,5,6,0,5,6,2
"Mccc2",400,717,804,770,710,762,795,726
"Mcee",109,251,243,217,229,266,247,220
"Mcf2l",248,640,540,551,744,799,944,742
"Mcfd2",1936,3822,4128,3868,3976,4240,5030,4834
"Mchr1",278,291,312,426,250,149,115,226
"Mcl1",4888,8956,9217,9064,9621,9522,9828,9827
"Mcm10",398,466,464,614,523,245,192,361
"Mcm2",1854,2547,2748,3201,2534,1552,1647,2227
"Mcm3",1873,2506,2417,2981,2526,1431,1334,2047
"Mcm3ap",1849,3532,3366,3422,3637,3287,3408,3400
"Mcm4",1744,2599,2306,3239,2589,1882,1544,2250
"Mcm5",1723,2025,1881,2583,1847,927,725,1366
"Mcm6",2949,3958,4204,5284,3931,2257,2256,3240
"Mcm7",2304,3146,3285,3735,3163,2053,2210,3022
"Mcm8",135,235,173,240,272,181,154,204
"Mcm9",180,309,269,290,357,326,318,335
"Mcmbp",1163,2093,2111,2283,2209,2004,2096,2248
"Mcoln1",769,2149,1532,1437,2166,2746,2883,2225
"Mcoln2",0,0,1,0,1,0,1,2
"Mcoln3",1,4,1,2,4,6,0,4
"Mcph1",586,884,869,1041,1002,924,902,1021
"Mcpt1",4,7,8,9,7,12,7,4
"Mcpt2",0,1,0,0,1,1,1,0
"Mcpt4",0,0,1,0,1,2,2,1
"Mcpt8",141,355,257,196,338,445,303,279
"Mcrs1",1284,2306,2374,2215,2119,2062,2172,2130
"Mctp1",13,46,10,20,32,59,42,25
"Mctp2",11,27,13,25,19,18,25,20
"Mcts1",903,1596,1976,1786,1673,1473,1334,1644
"Mcts2",107,256,290,252,262,276,280,288
"Mcu",1499,2450,3204,2795,2680,2293,2188,2564
"Mcur1",549,1060,837,930,1219,1374,1283,1089
"Mdc1",1197,1983,1768,2146,2199,1693,1862,1840
"Mdfi",69,117,151,141,102,66,54,82
"Mdfic",1703,3425,3061,3628,3700,3785,4045,4118
"Mdga1",119,132,157,199,137,55,54,135
"Mdh1",4361,7812,9340,8504,7929,7423,7124,7542
"Mdh1b",3,1,1,3,4,5,3,5
"Mdh2",6598,11823,14453,12854,11399,10954,11054,11635
"Mdk",4,5,5,5,10,7,4,11
"Mdm1",303,566,483,583,619,607,538,531
"Mdm2",2383,4287,4198,4689,4963,4766,4805,5406
"Mdm4",1417,3867,2706,3860,3730,3677,3225,3422
"Mdn1",877,1962,1817,2118,2277,1883,2091,2060
"Mdp1",873,1530,1882,1745,1589,1678,1734,1774
"Me1",2934,4818,4887,5158,5273,5369,5377,5222
"Me2",1070,1924,1877,2068,1990,1838,1859,1845
"Me3",64,153,172,153,127,119,100,121
"Mea1",976,1859,1858,1616,1648,1738,1880,1778
"Meaf6",369,675,640,669,694,679,740,705
"Mecom",131,234,206,275,257,304,218,237
"Mecp2",1407,3190,2530,3080,3438,3458,3494,3242
"Mecr",346,724,855,707,673,717,728,765
"Med1",1497,3183,2761,3183,3462,3143,2979,3044
"Med10",752,1346,1478,1410,1364,1352,1415,1430
"Med11",294,585,640,531,543,543,559,631
"Med12",1442,2647,2691,2907,2851,2726,3046,2880
"Med12l",6,11,8,10,11,12,13,16
"Med13",755,2442,1195,1596,2043,2158,1838,1879
"Med13l",1008,2385,1742,2137,2658,2730,2547,2232
"Med14",1300,2850,2366,2808,2767,2224,1941,2397
"Med15",1983,3754,3741,3733,3669,3380,3431,3492
"Med16",919,1843,1940,1748,1810,1836,1932,1868
"Med17",960,1772,1871,1868,1805,1830,1924,2008
"Med18",142,249,310,305,259,227,242,254
"Med19",638,1158,1226,1172,1239,1158,1139,1194
"Med20",712,1332,1643,1496,1363,1318,1431,1512
"Med21",852,1529,1650,1670,1709,1753,1525,1593
"Med22",1543,2687,3272,2991,2556,2344,2732,2754
"Med23",1100,2136,2182,2189,2185,2275,2448,2346
"Med24",1141,2273,2426,2189,2179,2144,2409,2332
"Med25",1010,1750,2014,1906,1746,1721,1845,1902
"Med26",352,645,572,619,625,588,604,642
"Med27",501,864,1048,962,797,798,850,891
"Med28",1187,2358,2306,2199,2111,2262,2284,2360
"Med29",318,536,626,518,482,505,532,534
"Med30",1116,2225,2089,2124,2364,2519,2264,2076
"Med31",319,600,657,632,583,570,655,649
"Med4",713,1254,1262,1386,1268,1109,1097,1200
"Med6",523,946,1136,1047,1026,983,925,1031
"Med7",663,1353,1271,1479,1340,1442,1147,1335
"Med8",734,1367,1535,1347,1434,1279,1346,1418
"Med9",581,972,1061,1002,1002,973,962,998
"Med9os",4,7,10,10,19,6,4,3
"Medag",1970,3476,2413,3495,3848,3710,3203,3592
"Mef2a",3338,9240,6861,7990,7498,7036,5245,6620
"Mef2b",1,1,1,1,0,1,0,0
"Mef2c",1005,2169,2032,1773,2157,1141,613,2218
"Mef2d",2157,3878,4302,3669,4093,3705,3830,3731
"Mefv",0,2,1,1,5,1,2,0
"Megf10",3031,6398,5199,6205,6615,6345,4454,5295
"Megf11",4,17,10,10,7,7,6,13
"Megf6",392,490,796,811,442,245,185,426
"Megf8",3308,7433,5448,5788,6989,7129,7432,6198
"Megf9",90,232,154,172,168,173,164,177
"Mei1",0,1,2,0,0,0,0,1
"Meig1",3,4,3,3,3,2,1,3
"Meis1",314,549,778,686,626,612,713,712
"Meis2",557,1386,1153,1277,1555,1927,1918,1616
"Meis3",192,452,417,364,499,489,505,465
"Melk",924,1106,1036,1442,1104,574,394,824
"Memo1",2266,3933,4262,4094,3966,3690,3231,3755
"Men1",1412,2764,2808,2657,2604,2629,2785,2643
"Meox1",16,22,27,33,23,14,8,10
"Mep1a",7,3,3,7,5,4,3,2
"Mepce",995,1858,1902,1862,1901,1966,2008,2010
"Mertk",113,248,228,262,290,257,202,247
"Mesdc1",1116,1957,1714,1826,1975,2054,1778,1769
"Mesdc2",2534,4953,5854,5285,4882,5191,6058,5595
"Mesp2",1,0,0,1,5,0,0,3
"Mest",2012,2586,3718,3969,2064,1140,804,1276
"Met",1241,2436,2115,2586,2572,2287,1892,1983
"Metap1",1527,2676,3066,2865,2763,2633,2819,2964
"Metap1d",149,295,337,318,312,394,364,364
"Metap2",5521,9474,10059,11020,10370,9444,8043,9167
"Metrn",327,614,618,596,535,481,487,498
"Metrnl",710,1535,1436,1313,1519,1650,1757,1707
"Mettl1",227,450,441,416,431,378,440,483
"Mettl10",295,576,536,592,601,640,613,576
"Mettl13",480,829,1086,939,865,774,973,893
"Mettl14",594,1086,944,1126,1088,994,890,1019
"Mettl15",261,393,418,472,428,391,330,395
"Mettl16",718,1276,1396,1420,1360,1192,1211,1332
"Mettl17",334,629,644,633,675,654,615,596
"Mettl18",128,242,250,230,211,207,226,258
"Mettl2",500,1015,990,996,991,921,1023,1085
"Mettl20",162,291,433,357,316,282,336,367
"Mettl21a",1002,2103,2044,1962,2103,2467,2352,1993
"Mettl21b",8,13,10,13,16,16,16,18
"Mettl21c",0,1,2,0,2,2,1,2
"Mettl22",218,394,522,419,401,411,401,402
"Mettl23",301,621,590,513,591,652,648,590
"Mettl24",46,84,92,81,71,63,39,67
"Mettl25",191,408,335,358,389,376,406,439
"Mettl3",516,849,886,899,910,846,922,969
"Mettl4",214,444,295,395,434,422,378,383
"Mettl5",164,324,351,338,352,323,351,337
"Mettl6",589,1113,1329,1191,1117,1061,1267,1316
"Mettl7a1",547,1382,1432,1178,1563,1841,1889,1635
"Mettl7a2",0,1,2,1,0,0,0,0
"Mettl7a3",0,0,0,1,1,0,2,1
"Mettl7b",0,1,1,0,1,2,7,8
"Mettl8",456,815,1004,861,846,714,772,797
"Mettl9",2171,3683,3519,4021,3875,4178,3968,3998
"Mex3a",623,1345,1565,1543,1346,1319,1311,1326
"Mex3b",541,1121,925,1141,1197,1150,1055,1054
"Mex3c",1068,2334,1890,2513,2271,2329,2065,2242
"Mex3d",1029,2153,2221,2067,2241,2296,2397,2177
"Mfap1a",651,1120,975,1258,1215,1244,1038,1226
"Mfap1b",162,278,319,295,326,289,314,348
"Mfap2",263,465,456,483,366,418,333,394
"Mfap3",958,1784,1748,1904,1932,1819,1736,1866
"Mfap3l",1106,3275,2104,2283,2984,3431,2585,2451
"Mfap4",64,63,94,114,66,16,12,54
"Mfap5",2044,3519,3682,3650,3539,3184,2349,3018
"Mff",2311,4285,4907,4549,4440,4749,4446,4570
"Mfge8",5357,10644,10574,9837,9809,10277,10690,10370
"Mfhas1",430,853,672,736,989,994,976,988
"Mfi2",1,0,2,4,0,0,0,4
"Mfn1",1309,2472,2521,2605,2666,2568,2274,2448
"Mfn2",2620,4856,5317,5010,4842,4519,4747,4684
"Mfng",2,4,9,4,2,3,2,0
"Mfsd1",2642,6571,5658,5278,6705,8283,9193,7635
"Mfsd10",398,701,685,765,712,676,793,782
"Mfsd11",1244,2770,2635,2373,2686,3261,3342,2672
"Mfsd12",220,452,522,470,470,455,516,448
"Mfsd2a",285,396,359,409,463,317,238,319
"Mfsd2b",5,14,8,8,7,9,11,10
"Mfsd3",197,349,395,377,298,408,410,353
"Mfsd4",197,298,290,348,348,316,296,308
"Mfsd5",1399,2790,2940,2745,2780,3255,3884,3518
"Mfsd6",101,271,174,218,351,461,348,297
"Mfsd7a",433,776,1004,749,795,846,714,848
"Mfsd7b",179,396,360,446,429,561,635,613
"Mfsd7c",11,26,33,19,17,20,21,24
"Mfsd8",242,561,546,508,575,571,547,576
"Mfsd9",147,306,235,271,296,357,346,321
"Mga",597,1908,1166,1437,1661,1807,1660,1600
"Mgam",546,1438,723,957,1579,1967,1675,1229
"Mgarp",508,1053,752,861,1033,1348,1409,1389
"Mgat1",2171,4123,4171,4084,3972,3836,4305,4191
"Mgat2",2446,4677,5103,5121,5092,5377,5328,5039
"Mgat3",1368,2770,2219,2345,2638,3037,3352,2900
"Mgat4a",21,43,38,47,58,47,30,40
"Mgat4b",2701,5045,5578,5265,4873,5071,5329,5112
"Mgat4e",1,0,1,1,0,2,1,0
"Mgat5",147,325,287,284,362,322,492,345
"Mgat5b",0,1,1,0,1,2,1,0
"Mgea5",2176,4672,4086,4517,4958,5322,4887,4713
"Mgl2",267,518,686,550,503,514,588,688
"Mgll",536,694,735,755,679,348,230,612
"Mgme1",259,468,540,544,538,611,611,566
"Mgmt",2,7,8,4,6,13,11,5
"Mgp",3778,13742,11044,9240,11922,17990,17011,10609
"Mgrn1",2303,4716,4907,4544,4609,4559,4771,4406
"Mgst1",633,2316,1390,1264,2205,3450,4892,3964
"Mgst2",103,336,250,251,310,455,617,548
"Mgst3",479,1062,1114,1012,1033,992,938,846
"Mia",0,0,1,2,1,1,1,0
"Mia3",1952,5638,3326,4157,5117,5561,5178,4929
"Miat",13,38,89,76,50,16,18,55
"Mib1",371,1066,644,799,1050,856,842,810
"Mib2",973,2075,1796,1753,1970,2175,2338,2120
"Mical1",1749,3400,4212,3647,3292,3270,3640,3426
"Mical2",5014,8701,7972,9148,9346,7915,7988,8335
"Mical3",913,1950,1769,1803,2038,2061,1936,1763
"Micalcl",14,32,23,24,32,34,33,25
"Micall1",1077,1982,1567,1666,2187,1949,1848,1796
"Micall2",824,1539,1565,1621,1473,1440,1529,1372
"Micu1",3599,7404,7924,6881,7064,7284,7267,6646
"Micu2",2591,4583,4758,4976,5013,4848,4304,4419
"Micu3",93,239,150,203,238,279,236,236
"Mid1",1051,1644,1893,1640,1745,1581,1554,1681
"Mid1ip1",1240,2434,2734,2270,2649,2713,3191,2930
"Mid2",314,994,550,728,788,851,622,693
"Midn",4467,8325,9188,8306,8357,7762,6846,7367
"Mief1",1365,2608,2714,2547,2593,2583,2652,2664
"Mief2",482,897,1245,928,951,963,881,920
"Mien1",510,1134,1049,962,1092,1296,1370,1239
"Mier1",745,2358,1371,1758,1864,2055,1908,1970
"Mier2",810,1469,1533,1495,1474,1569,1627,1527
"Mier3",394,1076,751,943,921,974,824,899
"Mif",7749,16703,13017,13334,15866,19078,20459,17422
"Mif4gd",250,501,479,443,512,532,502,523
"Miip",240,387,477,436,388,316,340,434
"Mill2",21,74,26,43,59,69,71,54
"Milr1",158,374,229,264,399,491,432,299
"Mina",424,799,732,748,689,644,704,773
"Mink1",2098,4204,4295,4090,4169,3958,4522,4259
"Minos1",2016,3607,4444,3910,3588,3343,3607,3729
"Minpp1",1603,2894,3102,3023,2867,2951,2944,2982
"Mios",480,994,849,1006,1063,1016,948,948
"Mip",0,6,2,2,2,1,2,0
"Mipep",587,1071,1071,1032,1040,1015,944,1019
"Mipol1",35,94,56,71,117,102,90,65
"Mir103-2",1,1,2,2,1,0,1,0
"Mir106b",0,2,0,1,1,0,0,3
"Mir1191",5,13,20,13,12,13,21,14
"Mir1191b",2,0,1,0,0,0,0,1
"Mir1249",5,5,9,9,7,8,15,14
"Mir1258",1,1,1,0,5,3,3,3
"Mir125a",1,1,0,2,1,1,1,1
"Mir1291",14,7,21,22,13,12,23,25
"Mir133a-1",1,0,3,2,1,0,0,0
"Mir133a-2",0,4,5,4,4,2,2,1
"Mir140",0,4,2,0,6,1,1,1
"Mir143",1,2,4,2,7,9,9,5
"Mir143hg",50,90,128,160,101,92,83,90
"Mir145a",10,12,7,12,10,12,7,10
"Mir146",0,0,1,1,0,0,0,1
"Mir155hg",9,10,24,29,17,20,62,40
"Mir16-1",3,1,1,3,3,0,2,1
"Mir17hg",31,51,75,99,65,56,58,84
"Mir181d",0,1,0,2,0,1,0,1
"Mir1839",4,5,3,5,1,2,2,7
"Mir185",1,0,0,1,0,0,0,1
"Mir186",2,8,6,3,8,9,14,9
"Mir1894",3,7,11,9,6,6,4,2
"Mir1898",5,13,7,12,7,11,10,10
"Mir1907",1,2,1,1,1,0,1,0
"Mir191",0,0,0,0,1,1,1,0
"Mir1929",1,1,1,2,1,2,0,0
"Mir1930",1,0,2,3,0,0,3,3
"Mir1932",2,0,2,2,0,4,2,0
"Mir194-1",1,2,3,3,0,2,0,3
"Mir1943",0,1,2,1,0,1,5,5
"Mir1945",1,1,3,1,1,0,1,1
"Mir1949",3,7,16,8,10,4,11,12
"Mir1956",1,1,2,1,3,5,2,1
"Mir1964",0,0,1,0,0,1,1,0
"Mir1968",5,5,9,4,12,6,5,4
"Mir196b",2,9,11,10,3,7,12,9
"Mir199a-1",2,5,1,2,5,4,6,7
"Mir206",3,7,7,6,9,5,1,2
"Mir210",0,2,1,2,0,2,9,5
"Mir215",3,2,1,2,5,3,3,3
"Mir221",2,7,1,3,4,2,2,5
"Mir224",0,1,1,1,0,0,0,1
"Mir22hg",1230,2581,2247,2653,2943,3278,2970,2923
"Mir23a",6,5,11,6,16,13,10,8
"Mir24-2",26,25,59,50,22,26,42,50
"Mir25",3,11,14,8,12,5,11,5
"Mir26b",0,0,2,1,1,1,3,2
"Mir27a",7,5,9,3,6,7,8,9
"Mir296",1,2,2,2,4,1,0,0
"Mir29a",0,0,1,0,1,2,0,1
"Mir301",0,1,1,0,2,1,1,0
"Mir3058",0,2,0,0,1,2,2,1
"Mir3060",2,6,13,9,9,7,4,10
"Mir3061",20,27,28,26,29,43,26,19
"Mir3064",82,145,233,252,153,141,225,249
"Mir3068",4,4,4,7,2,3,3,5
"Mir3091",3,8,2,4,0,4,2,4
"Mir30c-1",0,0,0,1,0,1,0,1
"Mir30d",0,0,1,0,1,0,0,1
"Mir31",10,18,28,18,24,31,44,36
"Mir3100",0,5,2,0,3,1,3,2
"Mir3101",3,5,6,7,15,7,7,8
"Mir3113",4,10,8,7,16,9,11,8
"Mir324",1,2,1,1,1,1,0,1
"Mir330",0,1,1,0,0,0,2,0
"Mir335",0,0,2,1,0,1,1,0
"Mir339",0,1,1,1,2,1,1,0
"Mir343",0,0,3,1,1,3,1,2
"Mir345",4,3,6,6,4,6,7,5
"Mir3470a",0,2,2,0,1,3,3,3
"Mir3470b",0,0,2,1,1,1,2,1
"Mir3471-1",1,0,0,2,0,1,3,0
"Mir3473c",0,1,2,3,2,2,0,2
"Mir3473e",0,0,1,1,0,0,1,0
"Mir3473g",0,0,1,0,0,1,1,0
"Mir34a",2,0,1,3,1,0,0,0
"Mir34c",0,0,1,1,0,0,0,1
"Mir365-2",0,3,6,2,7,3,5,8
"Mir374b",0,0,1,1,1,0,0,1
"Mir378b",1,1,2,1,2,0,7,0
"Mir3960",16,17,13,20,22,26,19,21
"Mir421",1,2,0,3,3,3,1,2
"Mir423",0,1,0,0,0,0,1,1
"Mir425",0,4,2,6,4,6,6,3
"Mir450b",0,0,1,1,0,0,1,0
"Mir466i",0,3,1,0,0,0,1,1
"Mir467c",3,6,10,9,4,5,5,5
"Mir491",0,2,0,2,0,1,0,1
"Mir5098",1,1,1,1,1,1,4,2
"Mir5100",1,0,0,0,0,1,1,2
"Mir5119",2,1,2,3,0,3,3,3
"Mir5133",4,30,31,30,40,26,34,35
"Mir5619",0,0,1,0,0,1,0,1
"Mir5620",0,2,1,0,0,0,2,0
"Mir568",16,35,21,31,37,38,33,32
"Mir615",0,0,2,1,0,0,2,1
"Mir6358",2,4,1,2,0,2,3,1
"Mir6362",0,0,2,0,3,1,0,3
"Mir6385",4,7,7,5,1,2,5,8
"Mir6386",4,3,4,8,5,4,9,5
"Mir6395",0,0,4,1,2,0,0,1
"Mir6397",0,0,1,1,0,0,0,1
"Mir6399",1,0,0,1,0,0,1,0
"Mir6403",3,2,5,2,2,4,5,2
"Mir6516",5,9,22,17,10,7,17,20
"Mir677",1,7,3,2,2,3,2,0
"Mir680-2",0,1,0,0,0,2,2,0
"Mir682",50,63,80,78,66,62,70,62
"Mir684-1",24,8,12,13,13,13,11,7
"Mir687",0,2,0,1,1,2,0,0
"Mir688",0,2,2,0,3,0,0,0
"Mir6907",0,0,1,0,0,0,1,1
"Mir6909",1,1,0,0,0,1,1,1
"Mir6912",0,1,1,1,1,0,1,0
"Mir6913",2,1,1,2,0,0,0,1
"Mir6928",1,0,1,1,0,0,0,0
"Mir6929",0,0,2,1,0,3,0,1
"Mir6931",5,7,9,10,5,6,6,6
"Mir6935",23,44,26,36,33,34,28,26
"Mir6939",0,3,0,1,1,1,3,1
"Mir6941",0,1,1,0,1,0,0,2
"Mir6942",2,1,0,2,1,0,2,3
"Mir6945",1,2,2,0,4,0,0,4
"Mir6948",5,2,1,1,4,1,3,3
"Mir6954",0,2,0,0,1,0,2,2
"Mir6955",2,4,1,2,1,3,3,4
"Mir6960",0,0,0,1,0,0,1,1
"Mir6966",0,2,1,0,1,2,0,1
"Mir697",3,3,5,5,5,1,6,6
"Mir6976",2,1,0,4,0,0,0,2
"Mir6979",2,0,0,2,0,0,1,0
"Mir6990",4,1,11,7,4,5,5,3
"Mir6993",0,2,0,0,0,1,0,1
"Mir6998",1,0,1,1,1,1,1,0
"Mir6999",3,2,3,4,2,1,2,4
"Mir7-1",28,51,28,38,48,40,46,45
"Mir7001",9,4,22,17,8,9,8,5
"Mir7013",2,3,4,7,4,2,2,2
"Mir7014",0,3,0,1,1,4,0,4
"Mir7025",3,0,2,2,0,2,1,2
"Mir7026",0,1,2,3,0,1,2,2
"Mir7027",0,1,0,0,0,2,1,4
"Mir7028",0,0,3,0,4,1,3,1
"Mir703",11,128,163,182,145,183,167,195
"Mir7030",1,0,0,3,1,1,1,2
"Mir7031",0,0,0,1,1,0,1,0
"Mir7035",0,1,1,0,1,0,0,0
"Mir7036b",1,0,0,0,0,2,1,0
"Mir7041",2,0,1,2,0,1,0,3
"Mir7051",0,1,3,1,0,1,0,0
"Mir7052",6,8,9,7,9,9,7,6
"Mir7061",1,2,4,2,1,1,1,1
"Mir7063",0,4,3,0,1,2,0,0
"Mir7079",6,10,2,6,7,1,2,5
"Mir7081",1,0,1,1,0,0,0,0
"Mir7087",0,0,1,1,1,0,0,1
"Mir7115",2,3,1,1,2,1,3,4
"Mir7117",0,2,1,0,0,1,0,0
"Mir7211",0,1,0,0,1,1,1,1
"Mir7237",0,2,3,0,2,0,0,4
"Mir7240",1,1,1,0,0,0,0,3
"Mir744",1,1,1,0,0,0,1,0
"Mir761",0,5,2,7,5,5,10,7
"Mir7660",0,2,1,0,2,1,1,0
"Mir7662",5,9,9,9,8,10,13,11
"Mir7664",0,2,1,1,0,3,5,1
"Mir7666",2,1,0,3,3,3,3,3
"Mir7667",1,0,0,0,3,5,2,7
"Mir7669",0,0,2,0,2,1,0,1
"Mir7673",3,1,2,3,5,3,1,2
"Mir7674",3,3,3,3,4,3,3,6
"Mir8091",2,5,1,4,4,9,5,10
"Mir8094",0,2,10,6,6,10,8,10
"Mir8102",0,1,2,0,1,1,2,0
"Mir8103",0,0,1,0,0,2,0,2
"Mir8105",1,0,0,0,0,2,2,1
"Mir8112",1,1,2,1,1,1,1,1
"Mir8116",1,0,3,1,0,1,2,0
"Mir9-2",1,1,0,1,0,0,0,0
"Mir93",0,1,1,0,2,1,0,1
"Mir99ahg",10,17,28,18,20,25,27,28
"Mira",183,324,403,371,313,346,365,350
"Mirc35hg",0,2,0,0,2,1,2,2
"Mirlet7a-1",0,2,0,1,1,1,0,0
"Mirlet7d",9,8,27,23,14,9,14,27
"Mirlet7e",0,1,0,0,0,1,2,0
"Mirlet7f-1",2,0,2,3,6,2,2,5
"Mirlet7i",0,1,0,1,2,2,6,1
"Mis12",1064,1829,1781,2055,1938,1718,1636,1909
"Mis18a",322,431,404,543,452,308,299,398
"Mis18bp1",128,245,146,239,193,152,92,190
"Misp",2,6,10,6,8,6,6,9
"Mitd1",216,400,489,517,464,413,475,535
"Mitf",184,581,350,442,534,754,714,561
"Mki67",936,2060,1160,1718,1684,1164,776,1743
"Mkks",788,1439,1435,1380,1469,1602,1531,1510
"Mkl1",2048,3659,3490,3722,3406,3340,3140,3276
"Mkl2",780,1660,1452,1571,1842,1860,1769,1560
"Mkln1",1454,2886,3036,2960,2927,2808,2407,2736
"Mkln1os",4,9,8,6,16,15,14,12
"Mknk1",665,1384,1325,1273,1388,1587,1651,1597
"Mknk2",2836,6443,6124,5271,6279,6803,6369,5354
"Mkrn1",900,2045,1907,1764,1906,2081,2493,2314
"Mkrn2",630,1162,1313,1155,1203,1219,1359,1355
"Mkrn2os",6,13,17,17,10,16,14,24
"Mkrn3",9,24,28,21,28,23,27,25
"Mks1",206,373,378,406,400,375,377,378
"Mkx",14,43,29,38,48,43,47,61
"Mlana",0,3,0,1,9,8,4,0
"Mlc1",3,3,3,7,2,3,2,1
"Mlec",10103,20526,18278,18246,20525,19974,19555,17393
"Mlf1",17,17,23,29,26,27,13,20
"Mlf2",5194,8935,9435,9312,8562,8318,8553,8630
"Mlh1",364,601,620,677,596,525,479,561
"Mlh3",159,401,233,314,309,391,361,285
"Mlip",6,8,8,5,6,14,13,6
"Mlkl",603,1048,869,992,1192,1137,1097,1079
"Mllt1",1568,2875,2805,2913,2712,2430,2511,2639
"Mllt10",477,1097,885,1045,1084,1161,1083,1129
"Mllt11",807,1318,1844,1420,1404,1470,1366,1575
"Mllt3",335,787,515,672,669,710,580,683
"Mllt4",1336,2791,2289,2662,3246,3131,3127,3092
"Mllt6",1302,2868,2493,2449,2795,2783,2989,2728
"Mlph",4,13,1,5,7,19,12,8
"Mlst8",350,611,658,599,552,516,597,607
"Mlx",834,1537,1717,1508,1487,1526,1656,1602
"Mlxip",885,1757,1845,1812,1821,1755,1945,2038
"Mlycd",425,768,798,739,757,920,860,832
"Mmaa",360,710,789,707,715,777,685,751
"Mmab",416,899,865,797,918,910,869,836
"Mmachc",523,895,1051,933,893,969,913,944
"Mmadhc",2533,4687,5517,4973,4611,4545,4469,4535
"Mmd",3221,7398,7787,7026,6774,8033,12441,11038
"Mme",13,42,34,21,39,44,35,53
"Mmel1",7,6,10,15,6,2,3,7
"Mmgt1",1354,2561,1980,2751,2722,2784,2401,2512
"Mmgt2",390,803,810,771,784,895,955,873
"Mmp10",3,17,6,4,11,18,62,39
"Mmp11",1313,3690,3192,2667,3472,4739,5596,4673
"Mmp12",0,1,6,0,0,1,5,3
"Mmp13",0,11,2,0,25,42,240,199
"Mmp14",15130,26468,30790,29203,27986,26816,28083,27827
"Mmp15",1496,2708,2917,2485,2582,2452,1693,2140
"Mmp16",108,178,107,172,206,143,136,208
"Mmp17",10,14,7,14,16,9,5,15
"Mmp19",1238,2549,2554,2558,2357,2418,2933,2690
"Mmp2",23208,49092,46063,44365,46282,50935,51540,46044
"Mmp23",311,551,601,546,519,480,404,433
"Mmp24",1,1,4,1,2,2,2,4
"Mmp25",3,4,5,6,4,2,2,4
"Mmp27",0,0,1,0,3,3,4,1
"Mmp28",177,393,384,348,425,474,705,490
"Mmp3",4,35,20,10,29,67,231,116
"Mmp8",6,41,11,11,50,100,63,20
"Mmp9",83,99,199,177,73,63,63,100
"Mmrn2",2,0,2,4,4,2,2,2
"Mms19",852,1668,1694,1675,1645,1732,1835,1635
"Mms22l",332,494,432,561,475,259,244,389
"Mn1",245,294,294,364,330,220,141,308
"Mnat1",1351,2327,2823,2744,2661,2337,2162,2384
"Mnd1",148,263,227,313,269,224,181,197
"Mnd1-ps",1,1,0,1,0,0,0,0
"Mnda",203,454,231,379,443,505,434,395
"Mndal",32,95,60,71,102,93,107,100
"Mns1",53,104,62,115,99,61,50,75
"Mnt",649,1582,1225,1265,1523,1798,1864,1578
"Mob1a",1246,2471,1898,2524,2574,2233,2395,2379
"Mob1b",323,870,543,671,774,702,699,725
"Mob2",567,1140,1352,1105,1190,1153,1141,1193
"Mob3a",1215,2131,2418,2326,2026,1822,1735,1866
"Mob3b",86,157,128,130,143,124,72,171
"Mob3c",176,369,406,384,393,452,447,417
"Mob4",1541,3392,2939,3467,3275,3318,2654,3071
"Mocos",43,134,78,78,123,169,227,186
"Mocs1",465,1218,1265,1039,1093,1423,2172,1727
"Mocs2",835,1553,1811,1774,1632,1584,1711,1903
"Mocs3",179,306,337,296,279,293,268,289
"Mog",4,10,7,8,6,5,6,5
"Mogat1",0,0,1,0,1,1,1,1
"Mogat2",139,235,254,243,234,263,303,294
"Mogs",1425,2624,2807,2826,2469,2568,2965,2932
"Mok",87,157,148,170,172,178,178,133
"Mon1a",224,453,412,396,436,470,450,394
"Mon1b",471,846,775,845,880,973,972,874
"Mon2",2498,5198,4616,4856,5446,5368,5597,5091
"Morc1",3,0,0,3,0,1,0,0
"Morc2a",2043,4014,4280,4161,4002,3819,4027,4093
"Morc2b",2,2,3,3,3,3,2,4
"Morc3",1053,2508,2050,2585,2576,2690,2339,2345
"Morc4",409,696,922,795,763,643,578,651
"Morf4l1",9186,16890,20245,19611,17999,17176,17388,19009
"Morf4l1-ps1",801,145,155,163,131,130,148,171
"Morf4l2",12186,20705,22598,22232,20965,19888,18664,20144
"Morn1",24,63,81,52,58,86,101,80
"Morn2",95,143,134,162,135,153,119,114
"Morn3",3,3,6,4,2,4,7,2
"Morn4",534,1077,1149,1003,989,1064,1122,1132
"Morn5",4,2,8,6,5,9,8,6
"Mos",3,3,2,4,1,1,0,0
"Mospd1",684,1308,1468,1423,1483,1436,1422,1633
"Mospd2",350,1156,649,851,1030,1148,1068,998
"Mospd3",429,668,725,776,620,722,688,678
"Mospd4",0,2,4,2,3,3,2,5
"Mov10",480,888,818,887,820,795,775,681
"Mov10l1",9,16,17,14,14,19,15,16
"Moxd1",3,2,2,3,1,1,0,0
"Mpc1",476,352,427,408,384,404,339,413
"Mpc2",739,1217,1477,1396,1269,1269,1161,1247
"Mpdu1",566,1032,986,1028,1029,946,976,989
"Mpdz",1372,3232,2220,3095,3193,2889,2352,2704
"Mpeg1",2,20,5,4,15,23,36,26
"Mpg",462,740,745,750,723,715,670,699
"Mphosph10",403,1044,834,951,894,933,884,1074
"Mphosph6",473,710,742,805,795,786,619,695
"Mphosph8",196,676,478,517,546,486,508,650
"Mphosph9",217,516,402,518,507,527,512,471
"Mpi",1033,1777,2365,1922,1832,1725,1606,1768
"Mplkip",330,572,629,636,588,658,564,566
"Mpnd",1114,2256,2334,2154,2168,2244,2332,2066
"Mpo",1,1,0,2,1,0,0,0
"Mpp1",1572,2984,3355,3189,2844,2514,2598,2778
"Mpp2",289,589,455,472,546,597,528,454
"Mpp3",15,20,52,31,19,9,8,24
"Mpp4",2,10,8,1,8,6,9,11
"Mpp5",419,1191,732,879,856,1043,921,916
"Mpp6",504,899,905,964,979,860,783,1079
"Mpp7",8,13,10,14,12,7,4,11
"Mppe1",323,501,547,551,478,457,507,514
"Mprip",10327,18201,19579,19080,18652,17153,16857,17280
"Mpst",711,1424,1342,1324,1266,1356,1437,1251
"Mpv17",964,2137,1952,1861,2041,2301,2405,2198
"Mpv17l",75,189,168,201,200,291,309,283
"Mpv17l2",373,745,774,696,723,844,869,770
"Mpz",1,8,7,7,7,4,6,5
"Mpzl1",841,1482,1681,1690,1474,1356,1622,1746
"Mpzl3",21,23,19,23,27,23,16,16
"Mr1",993,1751,1959,2330,1780,1607,1604,1940
"Mrap2",0,1,1,0,1,2,1,1
"Mras",944,1763,1796,1770,1768,1784,2031,1882
"Mrc1",5,10,9,16,10,4,5,6
"Mrc2",6791,13336,11917,12548,12535,12302,11622,11252
"Mre11a",632,1122,1113,1266,1205,963,1054,1086
"Mreg",126,222,280,247,247,329,672,664
"Mrfap1",7837,11551,13899,12758,11040,10917,11475,11942
"Mrgbp",474,952,824,774,1079,1291,1420,1150
"Mrgprd",0,1,3,0,1,1,0,1
"Mrgpre",171,485,313,308,449,674,755,553
"Mrgprf",660,1181,1527,1397,1064,1035,958,990
"Mri1",517,847,1286,1103,798,856,1094,1118
"Mrln",48,120,140,108,91,100,52,74
"Mrm1",236,478,506,472,432,443,631,560
"Mro",4,7,8,6,5,7,5,4
"Mroh1",977,2940,1942,1756,2798,3439,4025,2956
"Mroh2a",2,6,4,5,7,8,4,2
"Mroh4",3,5,4,3,0,1,1,4
"Mroh6",9,15,11,12,10,15,10,16
"Mroh7",1,0,6,2,1,3,1,2
"Mroh8",0,7,3,3,0,7,6,2
"Mroh9",1,1,3,2,0,1,1,0
"Mrpl1",424,887,863,943,1007,898,788,914
"Mrpl10",1434,2514,2715,2744,2355,2492,2528,2474
"Mrpl11",681,1302,1615,1337,1364,1259,1351,1362
"Mrpl12",1428,2622,3138,2789,2523,2229,2373,2634
"Mrpl13",1774,3149,3440,3369,3111,2885,3006,3329
"Mrpl14",693,1465,1620,1410,1448,1430,1492,1467
"Mrpl15",1038,1821,2386,2081,1884,1735,1702,1921
"Mrpl16",678,1173,1523,1347,1153,1016,1022,1189
"Mrpl17",1145,2162,2479,2217,2100,1947,1936,1962
"Mrpl18",1256,2047,2509,2386,2087,1766,1747,2126
"Mrpl19",602,1124,1376,1163,1152,1032,1031,1144
"Mrpl2",812,1674,1986,1654,1695,1560,1837,1870
"Mrpl20",843,1472,1911,1723,1437,1297,1606,1795
"Mrpl21",667,1103,1543,1252,1116,1114,1131,1234
"Mrpl22",450,918,1165,942,890,800,876,965
"Mrpl23",539,970,967,947,901,908,1004,948
"Mrpl24",948,1584,1754,1619,1648,1669,1680,1785
"Mrpl27",511,823,962,880,810,775,889,863
"Mrpl28",1160,2139,2454,2185,1953,1955,1973,1898
"Mrpl3",1286,2352,3141,2640,2342,2246,2320,2681
"Mrpl30",1222,2338,2792,2409,2364,2388,2454,2423
"Mrpl32",584,984,1196,1150,1111,956,1012,1079
"Mrpl33",1381,2722,3217,2714,2744,2698,2998,2968
"Mrpl34",354,740,797,684,685,679,770,793
"Mrpl35",317,594,707,575,632,533,520,622
"Mrpl36",475,861,1027,939,920,958,992,948
"Mrpl37",947,1863,2109,1825,1756,1736,1756,1781
"Mrpl38",1110,2090,2404,2017,1986,2041,2214,2162
"Mrpl39",894,1690,1985,1768,1805,1711,1779,1878
"Mrpl4",801,1489,1708,1481,1369,1409,1508,1459
"Mrpl40",648,1207,1326,1250,1144,1123,1158,1324
"Mrpl41",492,892,1162,1007,873,809,909,980
"Mrpl42",1429,2403,2565,2544,2327,2244,1959,2125
"Mrpl43",910,1720,2038,1826,1687,1763,1856,1805
"Mrpl44",573,974,1188,1066,1004,1042,1080,1084
"Mrpl45",1084,1950,2166,1984,1985,1939,1885,1974
"Mrpl46",270,512,519,475,503,472,463,455
"Mrpl47",340,603,669,675,649,614,600,665
"Mrpl48",477,758,879,813,794,686,739,739
"Mrpl49",979,1787,2128,1851,1772,1624,1686,1768
"Mrpl50",902,1722,1988,1992,1900,1920,1778,2032
"Mrpl51",1083,1903,2373,2055,1811,1756,1781,1840
"Mrpl52",693,1242,1516,1326,1236,1185,1366,1316
"Mrpl53",602,975,1138,989,1027,926,953,933
"Mrpl54",453,856,917,785,873,891,891,820
"Mrpl55",256,489,527,451,421,434,465,434
"Mrpl57",300,576,749,651,605,561,640,698
"Mrpl9",1347,2604,2770,2606,2278,2179,2224,2374
"Mrps10",874,1585,1923,1737,1583,1549,1560,1618
"Mrps11",416,771,833,760,676,638,705,752
"Mrps12",336,666,716,637,653,632,644,688
"Mrps14",559,1030,1275,1176,1059,995,963,1075
"Mrps15",622,1057,1126,1161,1093,1094,1008,993
"Mrps16",756,1348,1496,1413,1229,1102,1127,1294
"Mrps17",1119,2029,2418,2196,1918,1902,2006,2130
"Mrps18a",657,1262,1379,1239,1168,1238,1186,1260
"Mrps18b",637,1074,1243,1104,1070,1060,1264,1213
"Mrps18c",605,991,1339,1184,1017,988,973,1011
"Mrps2",973,1817,1933,1838,1801,1758,1840,1914
"Mrps21",870,1635,1652,1528,1524,1520,1551,1484
"Mrps22",601,1040,1186,1103,1109,1044,998,1158
"Mrps23",1452,2550,3177,2680,2537,2356,2389,2643
"Mrps24",672,1187,1388,1239,1201,1225,1232,1194
"Mrps25",554,940,1188,1025,905,776,778,949
"Mrps26",707,1252,1345,1300,1213,1123,1172,1244
"Mrps27",631,1052,1180,1032,1051,920,984,1062
"Mrps28",288,474,534,531,481,413,493,514
"Mrps30",819,1504,1536,1484,1470,1440,1475,1482
"Mrps31",482,861,1060,990,959,881,837,948
"Mrps33",556,814,880,819,816,785,792,831
"Mrps34",821,1437,1691,1559,1366,1386,1423,1571
"Mrps35",458,783,846,834,796,720,741,806
"Mrps36",556,842,824,849,740,733,714,764
"Mrps5",736,1208,1440,1368,1219,1182,1129,1271
"Mrps6",521,912,904,804,915,818,1005,963
"Mrps7",1116,2042,2414,2040,1944,1771,1896,1996
"Mrps9",630,1240,1377,1283,1415,1222,1248,1298
"Mrrf",653,1172,1076,1088,1099,1190,1218,1247
"Mrs2",301,693,715,626,750,609,687,753
"Mrto4",962,1704,1977,1853,1740,1613,1782,1946
"Mrvi1",30,29,35,46,47,35,27,40
"Ms4a10",2,5,1,4,0,5,4,6
"Ms4a18",1,1,2,1,1,0,0,0
"Ms4a4d",339,458,498,552,571,334,219,570
"Ms4a6c",1,2,3,1,0,3,7,2
"Ms4a6d",1,4,6,3,2,4,4,5
"Ms4a8a",1,2,2,1,2,1,0,0
"Msantd1",0,0,2,2,2,3,0,1
"Msantd2",215,418,384,454,458,431,422,487
"Msantd3",556,1097,1136,1044,1039,957,1015,1000
"Msantd4",1595,3131,3551,3434,3301,3289,3063,3297
"Msc",94,153,130,155,170,155,104,115
"Msh2",781,1292,1392,1500,1450,1244,1333,1393
"Msh3",297,594,473,586,635,615,661,680
"Msh4",1,1,3,3,0,1,1,2
"Msh5",39,69,61,75,61,72,59,56
"Msh6",1303,1957,2010,2288,1992,1658,1707,2004
"Msi1",21,53,67,49,48,37,48,54
"Msi2",2731,7159,5160,5836,6445,6303,5517,5509
"Msl1",1817,3001,3110,3218,3170,3159,3114,3228
"Msl2",709,1882,1370,1711,1826,1900,1738,1805
"Msl3",1096,2044,2112,2199,2123,2021,2015,2116
"Msl3l2",71,166,115,132,211,188,198,207
"Msln",3651,7203,10365,7160,7646,8402,6982,7647
"Mslnl",1,6,4,2,7,5,7,4
"Msmo1",2450,5054,4047,4348,5516,6052,6209,5480
"Msn",22882,40421,41673,43040,44091,39776,38157,39750
"Msr1",6,12,10,13,26,22,18,13
"Msra",156,322,401,317,300,291,351,383
"Msrb1",571,970,1028,1007,914,942,878,888
"Msrb2",54,96,68,79,92,100,85,68
"Msrb3",4053,6100,6797,7797,6486,5170,4253,5685
"Mss51",130,224,310,248,251,215,144,213
"Mst1",3,8,8,4,13,8,11,6
"Mst1r",16,24,16,22,21,22,19,8
"Mstn",1,8,8,8,2,2,3,6
"Msto1",584,1040,1259,1149,988,917,953,914
"Msx1",69,86,95,93,77,69,92,94
"Msx1os",14,14,13,22,15,13,15,14
"Msx2",12,11,16,18,11,12,14,18
"Msx3",4,8,14,5,11,9,8,6
"Mt1",2393,8931,5813,5050,7752,13594,22650,19025
"Mt2",1819,7200,5149,4588,7124,12730,26351,22860
"Mt3",0,0,1,0,1,0,0,1
"Mta1",2749,4813,5215,5280,4919,4908,4999,4896
"Mta2",1692,3026,3269,3256,3065,2725,3000,3054
"Mta3",737,1333,1559,1525,1412,1316,1429,1448
"Mtag2",0,3,8,2,2,2,5,2
"Mtap",2428,4202,4693,5231,4728,4270,4406,4659
"Mtap7d3",4,19,16,15,28,6,11,15
"Mtbp",604,995,973,1109,1174,1053,1052,1170
"Mtch1",10356,17391,20720,19561,16374,14938,13776,14593
"Mtch2",3563,6449,7774,7046,6687,6427,6627,6994
"Mtcl1",863,1561,1656,1532,1648,1518,1330,1487
"Mtcp1",28,62,56,60,50,69,77,60
"Mtdh",3062,8754,6892,7320,7940,8927,8584,8168
"Mterf1a",76,140,131,135,126,120,131,126
"Mterf1b",49,72,86,94,87,111,107,115
"Mterf2",176,328,346,341,398,361,320,318
"Mterf3",427,823,724,889,961,946,840,1001
"Mterf4",439,902,953,901,867,868,899,912
"Mtf1",642,1442,1272,1281,1499,1480,1282,1362
"Mtf2",320,1046,811,964,903,960,945,1055
"Mtfmt",234,453,497,504,457,445,471,488
"Mtfp1",105,196,223,179,194,167,198,207
"Mtfr1",1157,2155,2331,2265,2473,2366,2499,2591
"Mtfr1l",2288,4778,5634,4697,4715,4738,5038,4944
"Mtfr2",233,238,273,360,276,134,98,205
"Mtg1",219,375,480,413,417,366,377,414
"Mtg2",327,661,689,627,650,697,733,730
"Mthfd1",1430,2419,3201,2970,2382,1994,2603,2812
"Mthfd1l",1564,3881,2001,2493,3574,4830,4617,3404
"Mthfd2",1299,3274,2730,2438,3339,4023,4647,4109
"Mthfd2l",256,557,548,572,583,582,665,645
"Mthfr",1168,2369,2469,2391,2441,2612,3080,2818
"Mthfs",47,63,82,87,88,85,119,104
"Mthfsd",236,530,522,484,495,472,468,496
"Mthfsl",89,111,146,126,124,135,158,171
"Mtif2",599,1372,1151,1369,1413,1407,1223,1354
"Mtif3",339,587,753,659,524,599,628,630
"Mtl5",13,35,40,38,27,36,32,27
"Mtm1",63,204,131,162,189,215,237,262
"Mtmr1",737,1473,1371,1568,1523,1553,1251,1324
"Mtmr10",716,1380,1390,1526,1654,1529,1506,1547
"Mtmr11",548,1032,973,1037,1007,1030,1190,1012
"Mtmr12",642,1194,1057,1255,1210,1168,1116,1190
"Mtmr14",605,1212,1254,1138,1066,1207,1234,1168
"Mtmr2",1643,2804,3147,3337,2901,2801,2813,3102
"Mtmr3",2006,4191,4012,3892,4183,4420,4914,4457
"Mtmr4",1341,2455,2766,2669,2439,2385,2632,2446
"Mtmr6",2481,4747,4811,5069,5085,4923,4806,5179
"Mtmr7",22,45,56,38,44,43,32,56
"Mtmr9",874,1717,1786,1698,1792,1577,1735,1686
"Mto1",444,698,911,797,694,687,782,807
"Mtor",1797,3696,3870,3498,3632,3784,4121,3942
"Mtpap",803,1544,1587,1742,1545,1622,1510,1600
"Mtpn",5382,12685,9900,12288,12366,12279,11702,11862
"Mtr",566,951,1052,1194,962,753,737,887
"Mtrf1",41,67,72,69,58,80,66,59
"Mtrf1l",127,287,305,289,271,267,235,301
"Mtrr",644,1124,1107,1157,1151,1088,1136,1258
"Mtss1",3159,6770,5566,6512,7492,8959,7916,6704
"Mtss1l",6017,10147,12299,11376,10207,8690,7266,9140
"Mttp",468,799,1047,920,935,938,740,843
"Mturn",539,1614,1097,1147,1499,2135,2222,1589
"Mtus1",757,1490,1211,1510,1430,1183,968,1307
"Mtus2",1,8,13,6,5,10,7,6
"Mtx1",717,1319,1320,1290,1278,1208,1315,1273
"Mtx2",1003,1874,1989,1995,1975,1778,1738,1950
"Mtx3",332,808,660,830,849,749,788,829
"Muc1",8,15,13,10,18,12,19,26
"Muc13",4,10,5,7,10,18,34,31
"Muc2",0,2,5,0,0,6,1,1
"Muc20",2,0,0,3,1,1,2,1
"Muc4",5,9,6,6,4,5,0,7
"Muc5b",1,1,1,1,1,0,1,0
"Muc6",0,1,0,0,0,1,2,2
"Mug1",0,2,2,0,0,3,3,2
"Mul1",711,1483,1369,1306,1401,1425,1559,1504
"Mum1",1226,1996,2471,2345,2164,1919,1986,1988
"Mum1l1",261,765,509,621,525,611,445,438
"Munc",8,25,31,15,28,30,18,20
"Mup10",0,1,3,0,1,1,1,0
"Mup12",0,0,1,0,0,1,1,0
"Mup13",1,1,1,1,0,0,1,0
"Mup20",1,1,1,2,2,1,2,1
"Mup3",0,2,4,4,1,2,3,3
"Mup7",2,0,0,1,1,0,1,1
"Mup9",0,0,1,0,0,0,1,1
"Murc",5035,9374,12133,9784,10374,10075,7626,9499
"Mus81",579,1085,1091,1019,985,1016,1052,983
"Musk",566,1504,1331,1258,1418,1492,1333,1136
"Mustn1",1441,3208,3272,2541,3128,3652,3332,2939
"Mut",970,2131,1773,2160,2206,2426,2180,2063
"Mutyh",49,112,100,92,113,75,53,77
"Mvb12a",646,1341,1230,1217,1184,1316,1534,1327
"Mvb12b",753,1684,1344,1374,1636,1843,2124,1811
"Mvd",495,1001,1003,865,1080,1165,1156,956
"Mvk",539,1022,961,962,956,960,894,862
"Mvp",3585,7411,7792,6864,7067,7346,7961,7082
"Mx1",8,11,4,7,18,24,25,16
"Mx2",23,50,22,37,61,63,59,50
"Mxd1",494,937,915,867,980,983,856,935
"Mxd3",369,390,395,578,369,163,104,268
"Mxd4",940,1824,2080,1982,1734,1498,1595,1530
"Mxi1",1330,2720,2512,2634,2718,3880,4325,3823
"Mxra7",3031,5904,5782,5528,5951,5658,4398,4374
"Mxra8",7298,13814,14808,13714,13112,14904,14176,12632
"Myadm",12235,22047,23685,23565,23636,24101,23941,22333
"Myadml2",8,16,28,18,12,25,10,19
"Myb",13,13,13,22,14,7,5,11
"Mybbp1a",4940,9033,11437,10010,9163,8069,10408,10288
"Mybl1",77,232,137,174,185,141,122,187
"Mybl2",479,495,371,605,501,210,157,353
"Mybpc1",134,178,303,226,228,40,24,245
"Mybpc2",89,138,256,158,166,96,82,163
"Mybph",9569,15018,22180,15919,15664,13041,9863,14404
"Myc",1184,2018,1676,1996,2252,2270,2529,2562
"Mycbp",588,827,1123,1137,962,780,655,834
"Mycbp2",661,2123,1301,1612,2080,2161,2310,2033
"Mycbpap",18,25,21,36,16,31,22,19
"Mycl",1258,2176,2062,2291,2184,1971,1448,1397
"Mycn",8,12,13,11,6,2,1,3
"Myd88",544,986,1193,1066,976,1102,1403,1311
"Mydgf",1638,3127,3395,3124,2947,2801,3055,3106
"Myef2",991,2018,1395,1963,2102,1774,1516,1700
"Myeov2",992,2072,2594,2179,1996,1976,2069,2141
"Myf5",376,1034,734,960,1159,1392,1236,939
"Myf6",20,17,33,27,26,28,20,19
"Myg1",826,1528,1701,1535,1475,1453,1600,1614
"Myh1",7407,12218,19028,13363,14715,11415,8196,13700
"Myh10",2853,5411,4651,5879,5682,4673,4338,4208
"Myh11",1,6,7,4,6,3,4,4
"Myh13",19,35,8,31,30,14,7,21
"Myh14",9,26,35,21,32,22,13,25
"Myh2",273,839,1255,862,1036,757,524,929
"Myh3",15423,25165,35461,29797,27607,23345,17996,25295
"Myh4",557,669,1500,963,727,271,214,702
"Myh6",80,146,272,205,173,55,29,205
"Myh7",612,627,1101,894,865,192,143,818
"Myh7b",62,121,138,125,149,86,72,150
"Myh8",875,1039,2205,1538,1340,307,230,1539
"Myh9",34834,63590,64325,66622,62694,53027,53816,53840
"Myl1",14117,24492,34467,24756,26035,23955,17351,22998
"Myl10",4,2,6,9,4,2,5,3
"Myl12a",22169,43084,48545,43696,42177,40948,35934,37441
"Myl12b",3359,9953,10520,9177,10721,10752,10440,8922
"Myl2",4,6,24,7,7,2,0,10
"Myl3",1,1,3,1,1,0,0,1
"Myl4",8190,11045,21259,13981,13295,7535,5519,13076
"Myl6",15931,26959,29590,29891,25809,21368,20380,22670
"Myl6b",1777,2569,3900,3078,2555,1830,1280,2282
"Myl9",4117,5357,8803,8126,4976,2871,1971,4346
"Mylip",507,885,1504,1206,970,756,770,1001
"Mylk",965,2173,2078,2047,2227,2333,2155,1875
"Mylk2",328,762,694,561,688,784,516,472
"Mylk3",14,22,21,27,9,13,7,21
"Mylk4",703,1111,1640,1385,1266,891,718,1235
"Mylpf",26598,51682,69311,49173,52613,49335,36426,43884
"Mynn",478,1233,872,1073,1123,1122,985,1089
"Myo10",6305,12385,13398,12871,13386,14067,13027,11993
"Myo15",2,3,2,3,2,1,4,2
"Myo16",0,2,0,1,0,1,0,1
"Myo18a",3688,7254,8153,7127,7233,6690,6600,6555
"Myo18b",179,250,290,266,274,188,118,213
"Myo19",340,593,546,620,579,513,543,589
"Myo1a",8,17,12,14,15,22,11,14
"Myo1b",837,1894,1191,1742,1955,1900,1730,1536
"Myo1c",11333,20475,23168,21415,20283,17783,18090,19092
"Myo1d",1425,3140,3044,2847,3117,3546,3513,3075
"Myo1e",2773,5122,5177,5212,5132,4914,4512,4377
"Myo1g",6,3,7,7,3,2,3,6
"Myo1h",30,61,58,63,67,67,85,95
"Myo3b",1,2,3,2,2,2,0,0
"Myo5a",1196,4151,2224,2865,3554,3783,3654,3655
"Myo5b",0,2,0,2,7,1,1,3
"Myo5c",0,5,2,2,2,5,5,1
"Myo6",335,838,725,754,951,994,994,948
"Myo7a",27,30,21,46,33,15,16,31
"Myo7b",2,7,7,4,4,7,11,12
"Myo9a",337,1206,600,793,885,1081,965,905
"Myo9b",2882,5653,5054,5306,5841,5148,5340,5292
"Myoc",1,1,4,3,4,2,2,1
"Myocd",1,5,0,3,0,1,0,0
"Myod1",4376,7076,7338,7441,7030,6474,4309,4750
"Myof",8963,16279,15919,17467,17861,16721,16592,15624
"Myog",15942,24952,36334,29670,26770,22355,16071,22508
"Myom1",1139,1742,2940,2232,2099,1656,1257,1944
"Myom2",7735,15857,19793,14723,16274,17157,13404,13687
"Myom3",1235,1963,3561,2480,2382,1937,1541,2230
"Myot",52,73,162,100,91,37,19,107
"Myoz1",12,23,20,25,17,29,17,27
"Myoz2",864,1349,2026,1486,1465,1232,957,1498
"Myoz3",0,3,1,0,2,1,2,3
"Mypn",296,474,707,541,508,432,322,499
"Mypop",246,420,562,491,456,438,438,449
"Myrf",110,247,186,185,213,293,241,170
"Myrfl",1,2,0,2,7,11,5,3
"Myrip",5,9,23,9,18,12,9,7
"Mysm1",191,650,368,442,524,605,542,617
"Myt1",0,0,0,1,5,1,1,2
"Myt1l",0,0,1,0,1,1,0,2
"Myzap",251,396,495,584,359,262,214,347
"Mzb1",0,0,0,0,0,5,2,2
"Mzf1",8,25,17,14,15,12,16,28
"Mzt1",1225,2638,1963,2770,2699,2941,2356,2623
"Mzt2",340,774,837,725,735,778,894,838
"N4bp1",2187,4281,4179,4559,4426,4518,4949,4908
"N4bp2",102,304,173,233,293,251,215,227
"N4bp2l1",13,84,63,33,76,162,260,230
"N4bp2l2",875,2030,1562,1892,1920,1862,1650,1815
"N4bp3",252,361,484,415,380,233,208,366
"N6amt1",278,530,600,637,604,591,655,685
"N6amt2",543,968,1040,1035,870,827,772,934
"Naa10",712,1203,1410,1344,1145,991,1008,1078
"Naa11",2,4,0,3,3,2,1,1
"Naa15",1118,3299,2161,2633,2488,2667,2325,2568
"Naa16",109,333,238,268,283,339,284,304
"Naa20",1096,1934,2443,2149,2014,1907,2074,2268
"Naa25",817,1722,1664,1844,1986,1864,1873,1849
"Naa30",786,1732,1595,1767,1755,1782,1470,1667
"Naa35",1266,2227,2328,2346,2444,2200,2210,2283
"Naa38",359,537,552,546,479,411,473,451
"Naa40",888,1459,1618,1620,1485,1335,1500,1522
"Naa50",3609,8383,7157,8732,7534,7065,6170,7261
"Naa60",1270,2248,2530,2419,2239,2244,2278,2483
"Naaa",507,789,887,953,843,887,990,1078
"Naalad2",215,425,377,455,413,413,394,429
"Naaladl1",12,5,20,18,19,12,9,15
"Nab1",966,2278,1699,2236,2360,2534,2326,2311
"Nab2",2312,4219,3970,3987,4132,4029,4003,3918
"Nabp1",382,1052,878,921,1051,1308,1157,1154
"Nabp2",934,1995,2004,1829,1799,1871,1976,1914
"Naca",13909,27439,30195,27759,27423,26639,26959,27832
"Nacad",127,238,202,219,224,232,205,208
"Nacc1",5745,9097,10332,10288,9127,7687,8287,8749
"Nacc2",1710,3344,3646,3628,3459,3231,3129,3152
"Nadk",3470,6984,7057,6834,7185,6907,8534,7913
"Nadk2",713,1528,1245,1614,1524,1617,1528,1495
"Nadsyn1",166,379,419,341,378,395,470,398
"Nae1",825,1794,1534,1805,1741,1880,1713,1770
"Naf1",375,820,737,812,891,1046,1000,969
"Naga",1158,2770,2568,2278,2459,3021,3294,3007
"Nagk",787,1604,1450,1483,1474,1673,1626,1446
"Naglu",891,2435,1953,1791,2213,3086,3487,2819
"Nagpa",323,770,727,672,712,878,1054,848
"Nags",2,2,1,2,3,2,0,0
"Naif1",118,226,213,188,220,192,237,193
"Naip1",1,2,0,1,5,5,6,1
"Naip2",44,101,60,78,103,90,95,99
"Naip5",8,12,8,17,14,18,19,22
"Naip6",14,15,14,26,24,22,9,19
"Nalcn",8,18,19,16,22,22,10,11
"Nampt",1045,2882,1643,2083,2925,3897,3678,3257
"Nanog",12,13,12,17,19,9,7,9
"Nanos1",28,61,43,52,49,30,28,45
"Nanos3",8,11,15,10,17,17,21,18
"Nanp",56,64,45,64,79,55,45,55
"Nans",1973,3475,3904,3549,3317,3078,3069,3061
"Nap1l1",8597,16059,14019,17084,16941,16493,14723,15882
"Nap1l2",21,30,20,37,46,46,47,27
"Nap1l3",4,10,9,14,17,11,8,8
"Nap1l4",3474,5750,6690,6729,6115,5255,5421,6066
"Nap1l5",3,1,2,4,2,0,1,3
"Napa",2410,4946,5189,4617,4790,5185,5358,5235
"Napb",135,323,311,368,370,428,366,437
"Napepld",159,297,291,326,380,350,336,422
"Napg",920,1894,1997,2064,2086,2073,2155,2192
"Naprt",18,21,33,29,35,33,25,31
"Napsa",0,2,5,3,0,0,0,1
"Narf",2013,3758,4126,3730,3808,3725,3853,3983
"Narfl",604,1183,1308,1134,1154,1141,1179,1210
"Nars",6264,12156,13895,13002,14178,14747,15054,15194
"Nars2",546,965,1174,1013,1120,980,870,1035
"Nasp",1260,1973,1959,2282,2079,1468,1304,1843
"Nat1",0,3,3,2,5,3,5,6
"Nat10",823,1519,1938,1798,1658,1462,1903,1874
"Nat14",40,75,62,73,85,95,79,66
"Nat2",117,291,267,262,301,292,247,287
"Nat6",339,708,690,649,637,852,943,757
"Nat8",0,1,1,0,0,2,5,9
"Nat8l",1,1,0,1,3,0,0,2
"Nat9",246,511,529,449,442,531,527,490
"Natd1",857,1843,1861,1620,1750,1858,1891,1790
"Nav1",2741,4958,4164,4951,5172,4335,3877,4416
"Nav2",723,1338,1660,1374,1616,1391,1308,1443
"Nav3",437,802,762,935,855,636,731,862
"Nbas",1105,2118,1970,2018,2264,1977,2071,2011
"Nbea",365,935,589,768,837,847,781,813
"Nbeal1",126,434,253,257,422,475,470,423
"Nbeal2",155,327,341,287,372,384,388,426
"Nbl1",4291,11040,11498,9406,9910,13126,16222,12694
"Nbn",419,1107,776,987,1034,1133,935,994
"Nbr1",4221,8905,8859,8658,9430,9924,10119,9690
"Ncald",73,144,158,160,131,136,123,94
"Ncam1",9820,15903,20253,18331,16683,16226,12503,14832
"Ncapd2",2188,2848,3030,3718,2786,1651,1467,2057
"Ncapd3",699,1050,922,1257,1066,719,696,999
"Ncapg",400,832,521,786,701,457,339,546
"Ncapg2",727,1571,787,1351,1142,700,536,972
"Ncaph",1357,1814,1778,2319,1797,1064,826,1329
"Ncaph2",4265,7112,7379,7584,6950,6249,6292,6541
"Ncbp1",2699,4834,5600,5117,4910,4214,4498,4866
"Ncbp2",1705,2804,3293,3280,2877,2700,2823,3026
"Nccrp1",1,0,0,1,0,1,0,0
"Ncdn",1045,1885,1932,1894,1902,1755,1845,1861
"Nceh1",416,1009,804,945,1110,1248,1197,991
"Ncf1",26,68,50,47,63,66,55,62
"Ncf2",4,11,5,9,13,2,4,19
"Ncf4",6,13,19,14,16,15,20,23
"Nck1",869,1686,1771,1749,1826,1776,1593,1665
"Nck2",968,1814,1926,1886,1860,1912,1857,1887
"Nckap1",3532,8893,6967,8303,9497,9957,8957,8775
"Nckap1l",22,39,64,41,55,53,45,44
"Nckap5",8,41,28,27,51,38,27,23
"Nckap5l",1719,3194,2953,3142,3175,2797,2414,2487
"Nckipsd",235,436,501,506,445,449,476,543
"Ncl",5433,15121,11045,15291,14071,13206,12032,13653
"Ncln",2815,4836,5104,5112,4852,4469,4700,4816
"Ncmap",3,1,1,5,0,2,5,3
"Ncoa1",459,1108,864,1051,1126,1109,994,1046
"Ncoa2",669,1914,1344,1654,1876,2014,1743,1574
"Ncoa3",586,1114,967,1069,1353,1280,1308,1189
"Ncoa4",1379,2297,2118,2227,2519,2437,2412,2311
"Ncoa5",1307,2343,2044,2162,2457,2281,2282,2124
"Ncoa6",1220,2445,2015,2401,2583,2759,2630,2299
"Ncoa7",312,885,550,658,749,770,629,690
"Ncor1",2166,5659,3845,4804,5330,5307,5050,4882
"Ncor2",4763,8923,7409,8336,8981,7848,7804,7786
"Ncs1",2480,4153,4962,4703,4229,3548,3724,4172
"Ncstn",3039,5863,6140,5791,5858,6310,6788,6402
"Nctc1",9,12,32,18,15,8,6,15
"Ndc1",649,1013,952,1134,1153,862,883,1007
"Ndc80",449,943,552,871,704,407,280,486
"Nde1",2294,3650,4175,4348,3647,2905,2870,3331
"Ndel1",1899,3828,3684,3646,4123,4177,4325,4100
"Ndfip1",3799,6811,7278,7006,7329,7989,8072,7425
"Ndfip2",1602,2857,3214,3350,3109,2837,2768,3026
"Ndn",182,310,420,379,328,291,293,340
"Ndnf",6,10,2,8,6,1,1,6
"Ndnl2",693,1337,1451,1361,1388,1489,1342,1367
"Ndor1",503,1054,1263,1076,1130,1179,1474,1402
"Ndrg1",5832,15932,7666,9687,13668,25097,28014,21781
"Ndrg2",1005,2353,2086,1907,2273,2980,2812,2205
"Ndrg3",2503,4493,4964,4814,4272,4150,4212,4319
"Ndrg4",3865,6525,8755,7005,7004,6840,5887,6186
"Ndst1",2491,5353,4663,4655,5222,4835,5985,5116
"Ndst2",717,1422,1503,1436,1376,1306,1424,1430
"Ndst3",62,117,98,111,83,83,67,86
"Ndst4",24,59,40,44,45,55,53,74
"Ndufa1",623,1279,1418,1291,1192,1189,1176,1169
"Ndufa10",2596,4642,5592,4781,4536,4745,4664,4543
"Ndufa11",940,1807,2156,1906,1682,1680,1720,1758
"Ndufa12",1057,2013,2431,2101,1895,1813,1767,1796
"Ndufa13",1549,3024,3479,3033,2840,2733,2607,2782
"Ndufa2",926,1867,2165,1852,1752,1848,2008,1974
"Ndufa3",420,793,935,826,697,716,678,744
"Ndufa4",2626,4541,5256,4837,4497,3980,3402,4112
"Ndufa4l2",4,11,6,6,10,20,20,25
"Ndufa5",491,978,1362,1073,1038,896,828,1006
"Ndufa6",1212,2621,2649,2388,2431,2754,2751,2641
"Ndufa7",1726,3563,4070,3474,3372,3389,3279,3440
"Ndufa8",1887,3392,4030,3614,3227,3264,3292,3361
"Ndufa9",2201,4062,4710,4354,3926,3629,3487,3730
"Ndufab1",1196,2107,2800,2309,2208,2076,1991,2203
"Ndufaf1",677,1171,1364,1256,1200,1157,1099,1211
"Ndufaf2",194,386,433,411,450,348,358,456
"Ndufaf3",217,429,437,429,371,396,444,390
"Ndufaf4",409,1005,1058,949,959,968,1033,1038
"Ndufaf5",271,460,522,502,456,414,383,427
"Ndufaf6",92,195,202,188,184,162,169,194
"Ndufaf7",512,983,1048,1023,956,866,826,965
"Ndufb10",1890,3438,4185,3450,3245,3039,3023,3067
"Ndufb11",1529,2742,3174,2829,2597,2478,2468,2577
"Ndufb2",452,797,954,855,755,729,645,705
"Ndufb3",793,1516,1888,1674,1534,1562,1461,1623
"Ndufb4",1163,1685,2179,1688,1586,1677,1604,1637
"Ndufb5",1562,2925,3195,2948,2789,2757,2666,2748
"Ndufb6",968,1866,2217,1927,1765,1520,1551,1692
"Ndufb7",1960,3690,4199,3764,3353,3064,3248,3275
"Ndufb8",1871,3640,4358,3665,3427,3290,3089,3487
"Ndufb9",2863,5186,6340,5492,4928,4791,4623,4949
"Ndufc1",662,1197,1594,1335,1282,1208,1088,1189
"Ndufc2",1267,2409,2627,2388,2435,2331,2188,2268
"Ndufs1",2930,5005,5723,5526,5008,4699,4552,4815
"Ndufs2",6875,12995,15240,13289,12263,12254,11943,11964
"Ndufs3",1945,3423,4334,3568,3391,3272,3253,3259
"Ndufs4",1334,2618,3120,2653,2508,2303,2146,2462
"Ndufs6",749,1450,1638,1537,1417,1385,1286,1316
"Ndufs7",996,1834,1931,1868,1745,1891,1824,1812
"Ndufs8",1372,2570,3069,2662,2484,2397,2244,2291
"Ndufv1",2953,5350,6624,5683,5179,5082,5124,5279
"Ndufv2",2315,4146,4783,4518,4032,3646,3462,3858
"Ndufv3",1186,2485,2519,2305,2222,2549,2671,2414
"Neat1",1473,5157,8340,7346,5300,6889,8825,8931
"Neb",1091,3565,2996,2754,3563,3485,2511,3284
"Nebl",9,19,5,12,20,7,8,7
"Necab1",7,19,13,13,13,19,11,12
"Necab3",7,19,17,18,11,11,10,10
"Necap1",1097,2055,2274,2217,2153,2135,2254,2380
"Necap2",1296,2694,2773,2552,2527,2749,3239,2966
"Nedd1",770,1726,1182,1659,1667,1656,1512,1598
"Nedd4",24466,55253,43346,57347,56097,56319,48903,49505
"Nedd4l",833,1805,1469,1598,1938,2081,2222,2128
"Nedd8",1830,3497,4037,3665,3420,3368,3436,3593
"Nedd9",2379,4451,3238,4284,5041,5325,4704,4183
"Nefh",1,10,12,15,9,3,3,4
"Nefl",579,925,559,812,1232,699,527,452
"Nefm",80,161,95,145,210,133,104,94
"Negr1",8,38,10,25,27,28,17,31
"Neil1",244,425,462,416,464,459,416,383
"Neil2",0,2,1,2,1,2,1,2
"Neil3",305,420,361,533,398,161,118,302
"Nek1",332,1185,594,782,914,1001,806,850
"Nek10",1,3,1,9,7,3,0,3
"Nek11",6,10,6,8,10,14,5,4
"Nek2",1238,1494,1653,1951,1573,870,717,1043
"Nek3",143,270,216,259,284,285,314,279
"Nek4",315,696,611,688,732,788,711,678
"Nek6",1229,2494,2412,2398,2491,2806,3555,3280
"Nek7",2244,5664,4362,5594,5042,5135,4558,4805
"Nek8",274,494,513,543,526,525,476,458
"Nek9",3880,7657,8588,7769,7317,6948,7875,7705
"Nelfa",665,1261,1339,1305,1256,1177,1157,1214
"Nelfb",1541,2869,2926,2829,2771,3014,3105,2899
"Nelfcd",968,1682,2017,1808,1624,1523,1629,1592
"Nelfe",933,1705,1690,1660,1588,1558,1592,1611
"Nell2",8,20,11,14,11,12,13,11
"Nemf",382,1139,820,827,856,1001,955,1035
"Nenf",878,1991,2156,1838,1801,1843,2002,1773
"Neo1",2269,5708,4647,4506,6096,7425,8970,6841
"Nepn",0,3,6,3,2,0,1,3
"Nes",27543,49890,53801,54309,59478,48337,37830,44240
"Nespas",8,16,18,11,12,11,16,13
"Net1",3039,5261,5861,6409,5406,4898,4632,4823
"Neto2",17,33,31,33,37,14,29,38
"Neu1",685,1698,1585,1269,1637,2030,2267,1877
"Neu2",27,55,64,58,47,47,38,43
"Neu3",79,172,169,165,166,178,168,207
"Neurl1a",2249,3854,4152,3788,3887,3687,2761,3263
"Neurl1b",254,274,319,394,259,113,69,197
"Neurl2",116,154,140,149,148,172,155,155
"Neurl3",62,149,101,102,131,168,200,146
"Neurl4",1275,2371,2274,2265,2348,2258,2235,2170
"Nexn",459,1229,1175,1157,1144,1252,890,1175
"Nf1",1020,2574,1628,2296,2677,2769,2386,2194
"Nf2",3084,5663,5471,5527,5685,5418,5303,5285
"Nfam1",0,0,2,0,1,1,1,0
"Nfat5",1676,5684,3007,4152,5411,5749,4997,4717
"Nfatc1",914,1445,1597,1686,1500,1206,1138,1533
"Nfatc2",29,49,40,43,47,17,10,42
"Nfatc2ip",315,491,473,566,475,381,419,522
"Nfatc3",1376,2902,2354,2840,3213,3153,2727,2858
"Nfatc4",772,1485,1593,1543,1425,1587,1682,1537
"Nfe2",3,7,10,7,2,8,9,7
"Nfe2l1",11073,24976,28944,23635,26182,28334,32475,29109
"Nfe2l2",3211,7475,7286,7399,7862,9845,10096,8681
"Nfe2l3",4,7,5,11,6,7,4,9
"Nfia",20,39,26,36,43,56,41,33
"Nfib",1012,2524,1349,2063,1864,1952,1638,1898
"Nfic",7792,13874,14709,15293,14558,13074,11727,12180
"Nfil3",1037,2453,1726,1829,2289,2943,4077,3744
"Nfix",10123,16516,17993,19233,16286,13720,13646,14969
"Nfkb1",3087,5416,5518,6170,5961,5757,5959,5725
"Nfkb2",2180,3865,4229,4152,3743,3249,3609,3871
"Nfkbia",1015,1835,1586,1751,1663,1781,1891,1799
"Nfkbib",368,672,731,694,693,722,763,766
"Nfkbid",8,13,8,14,11,9,11,7
"Nfkbie",613,1001,1412,1257,901,913,953,965
"Nfkbil1",363,665,686,640,622,623,700,692
"Nfkbiz",1014,2530,1801,2064,3084,3806,4583,3926
"Nfrkb",664,1159,1222,1257,1174,1198,1244,1190
"Nfs1",991,1983,2343,1927,1974,2023,2101,2152
"Nfu1",879,1664,1953,1790,1682,1544,1521,1665
"Nfx1",2169,3930,3818,4132,4014,3859,4230,4292
"Nfxl1",455,991,768,959,1029,1035,984,955
"Nfya",1116,2002,2303,2281,2026,1939,2119,2196
"Nfyb",684,1153,1163,1454,1415,1183,1166,1301
"Nfyc",995,1571,1585,1591,1584,1464,1430,1392
"Ngb",1,3,1,2,7,2,4,5
"Ngdn",721,1284,1408,1328,1384,1247,1304,1457
"Ngef",733,1097,1588,1386,1069,822,897,1069
"Ngf",72,130,107,135,173,89,138,184
"Ngfr",9,17,11,14,11,14,22,15
"Ngfrap1",1107,2024,2383,2157,1910,1760,1967,1950
"Ngly1",657,1248,1155,1317,1278,1297,1108,1290
"Ngrn",677,1206,1543,1286,1289,1223,1274,1337
"Nhej1",53,129,101,80,111,122,109,95
"Nhlh2",0,5,0,0,4,6,1,1
"Nhlrc1",33,68,52,54,45,47,44,59
"Nhlrc2",538,1094,1169,1063,1171,1080,1271,1211
"Nhlrc3",159,334,349,293,341,345,474,421
"Nhlrc4",23,55,50,58,55,56,56,44
"Nhp2",916,1463,1967,1675,1510,1303,1364,1557
"Nhp2l1",3016,4168,4806,4412,4071,3724,3895,4226
"Nhs",19,61,34,33,54,41,38,44
"Nhsl1",1387,2415,1967,2450,2671,2701,2362,2012
"Nhsl2",27,45,34,63,37,25,24,29
"Nicn1",778,1495,1491,1466,1369,1525,1459,1391
"Nid1",10017,18887,16358,19622,19986,21217,40480,39987
"Nid2",13170,25512,25203,26411,24437,27119,22228,20559
"Nif3l1",826,1520,1749,1572,1538,1546,1542,1593
"Nifk",1763,3109,3562,3336,3265,2827,2652,3181
"Nim1k",17,23,35,31,46,31,34,33
"Nin",659,1538,926,1317,1505,1199,1109,1292
"Ninj1",535,1173,1074,984,1055,1229,1306,1153
"Ninj2",2,4,1,3,2,1,1,2
"Ninl",327,625,547,689,703,787,722,665
"Nip7",1140,1930,2381,2130,1972,1796,1869,2076
"Nipa1",177,349,324,320,332,314,298,348
"Nipa2",615,1271,1301,1240,1339,1309,1248,1264
"Nipal1",26,94,54,80,62,69,75,81
"Nipal2",1,2,1,1,1,0,0,0
"Nipal3",119,292,254,221,257,303,262,280
"Nipal4",10,25,25,28,18,17,19,14
"Nipbl",561,1850,1414,1381,1826,2077,2027,2077
"Nipsnap1",249,503,439,444,515,499,466,489
"Nipsnap3b",560,1122,1047,1053,1272,1455,1504,1447
"Nisch",13129,26362,24852,24672,25305,25902,25784,24205
"Nit1",450,812,846,765,726,830,754,814
"Nit2",430,875,981,904,844,779,846,929
"Nkain1",1609,3072,3380,2920,3203,3059,3020,3211
"Nkain2",13,18,8,23,19,25,20,12
"Nkain3",1,0,4,0,0,1,1,0
"Nkap",323,874,696,840,772,874,817,739
"Nkapl",1,10,4,10,5,5,5,3
"Nkd1",2,4,8,4,2,2,2,5
"Nkd2",934,1824,2093,1863,1860,2171,1495,1271
"Nkiras1",347,581,651,624,595,671,577,601
"Nkiras2",312,577,630,545,576,584,638,530
"Nkpd1",0,0,3,1,1,0,0,0
"Nkrf",298,613,398,601,560,506,450,594
"Nktr",905,3109,1818,2349,2847,3088,2813,2635
"Nkx2-3",5,7,4,6,8,2,3,5
"Nkx2-5",7,16,20,16,11,14,12,14
"Nkx3-2",10,16,17,12,19,10,6,17
"Nkx6-3",4,3,6,8,12,11,10,6
"Nle1",396,642,720,745,634,598,715,732
"Nlgn2",1553,3478,2636,2939,3449,3573,3566,3058
"Nlgn3",7,7,8,14,12,14,9,11
"Nlk",330,722,670,743,785,744,740,774
"Nln",741,1525,1653,1585,1769,1897,2003,1905
"Nlrc3",63,138,137,115,134,149,159,141
"Nlrc4",2,0,0,2,0,1,1,2
"Nlrc5",52,95,55,78,96,120,124,118
"Nlrp10",9,22,11,14,11,19,15,16
"Nlrp12",0,0,1,0,1,0,0,3
"Nlrp2",0,0,0,1,0,0,4,3
"Nlrp3",6,4,3,8,3,1,8,1
"Nlrp4e",7,8,10,8,6,8,10,16
"Nlrp4f",0,0,0,0,0,1,1,1
"Nlrp5",1,0,1,1,0,1,1,1
"Nlrp5-ps",0,0,0,0,1,2,4,1
"Nlrx1",373,675,709,681,662,584,581,661
"Nmb",19,40,39,31,36,22,21,23
"Nmbr",1,3,0,0,0,2,0,1
"Nmd3",1107,2144,2013,2378,2346,2150,1903,2278
"Nme1",2403,3707,4806,4442,3547,3142,3153,3631
"Nme2",7388,13568,15102,13389,12822,12134,13346,13217
"Nme3",143,328,251,255,287,378,351,253
"Nme4",205,381,403,365,383,347,335,382
"Nme5",32,90,64,66,82,90,72,70
"Nme6",227,480,468,422,457,506,597,558
"Nme7",486,782,909,921,830,863,898,898
"Nmi",66,112,101,127,152,125,112,114
"Nmnat1",171,366,330,303,324,320,298,285
"Nmnat2",479,715,900,874,763,565,548,690
"Nmnat3",55,135,130,103,143,163,191,145
"Nmral1",298,467,507,513,426,368,357,398
"Nmrk1",94,201,213,197,226,237,202,241
"Nmrk2",236,348,513,399,363,218,137,320
"Nmt1",3291,6214,7279,6396,6249,5849,5839,6009
"Nmt2",932,1905,1625,1981,2081,1827,1583,1782
"Nnat",7,13,18,13,13,6,17,15
"Nnmt",219,392,355,356,362,401,406,384
"Nnt",1873,3520,3372,3319,3373,3489,3067,3058
"Noa1",578,940,938,984,997,898,932,977
"Nob1",744,1299,1623,1497,1346,1402,1629,1550
"Nobox",1,2,1,4,3,3,3,4
"Noc2l",1471,2415,2792,2627,2403,2147,2481,2614
"Noc3l",471,1061,882,1020,1012,969,1106,1153
"Noc4l",881,1522,1770,1662,1548,1470,1722,1676
"Nod1",651,1305,1307,1304,1186,1416,1508,1318
"Nod2",354,588,788,800,538,532,592,541
"Nog",12,29,41,25,30,24,15,40
"Nol10",989,1585,1967,2010,1836,1493,1598,1887
"Nol11",1319,2353,2365,2554,2479,2246,2156,2400
"Nol12",1027,1828,2039,1854,1800,1649,1717,1789
"Nol3",747,1457,1448,1358,1481,1492,1331,1203
"Nol4",99,228,151,178,231,291,216,161
"Nol4l",60,97,158,126,101,99,97,105
"Nol6",1154,2358,2933,2467,2420,2219,2695,2616
"Nol7",865,1612,1690,1808,1752,1673,1446,1560
"Nol8",151,505,380,385,439,470,526,560
"Nol9",1476,2464,2932,2727,2441,2113,2105,2567
"Nolc1",2073,3610,4405,4243,4050,3320,3590,3935
"Nom1",929,1697,2051,1915,1889,1790,2004,2018
"Nomo1",2900,5967,6095,5593,5572,5819,6805,6314
"Nono",9703,15855,17552,17590,16323,14679,14358,15237
"Nop10",721,1535,1669,1556,1323,1501,1651,1661
"Nop14",814,1854,1796,1932,2003,1988,2053,2139
"Nop16",959,1678,2284,1909,1648,1489,1701,1878
"Nop2",1763,3194,4023,3547,3110,2839,3286,3241
"Nop56",2675,4089,4692,4641,4315,3313,3692,4394
"Nop58",1040,2539,1746,2453,2299,1820,1583,2052
"Nop9",936,1772,2063,1914,1783,1698,1914,1959
"Nos1",70,141,194,130,180,187,167,210
"Nos1ap",4,2,4,6,7,6,7,9
"Nos2",61,439,65,110,432,1300,2343,1945
"Nos3",15,26,22,22,36,38,35,24
"Nosip",798,1466,1688,1577,1542,1411,1496,1509
"Nostrin",3,9,4,7,1,5,1,3
"Notch1",1388,2264,2204,2568,2469,1975,1666,1596
"Notch2",4877,10332,8263,9336,10918,10896,11176,10022
"Notch3",3971,7375,5788,6860,6743,5998,5392,5146
"Notch4",16,29,23,24,29,18,13,37
"Notum",46,42,85,75,42,33,86,82
"Nov",463,1769,513,831,1999,3303,2107,619
"Nova2",7,5,6,10,5,5,8,11
"Nox1",0,2,4,1,3,3,2,2
"Nox4",197,479,283,397,386,392,316,423
"Noxo1",46,98,79,90,95,128,107,122
"Noxred1",1,12,11,6,10,13,13,20
"Npas1",6,8,5,9,11,9,9,7
"Npas2",23,104,51,58,112,165,184,116
"Npas3",14,19,11,23,23,3,2,13
"Npas4",24,38,36,61,44,23,18,27
"Npat",350,1007,703,786,779,881,869,919
"Npb",1,7,3,1,2,5,3,2
"Npc1",1229,3294,2662,2324,3283,4045,5008,3980
"Npc1l1",2,5,3,7,13,12,8,9
"Npc2",9639,23304,21605,19158,22627,23809,26719,23917
"Npdc1",2760,5915,5614,5239,5668,6778,6889,6086
"Npepl1",1017,1874,2067,2010,1766,1806,1855,1866
"Npepps",3467,7674,6892,7328,8177,9142,8938,8316
"Npff",8,22,25,33,32,47,33,34
"Nphp1",854,1572,1703,1699,1766,1741,1705,1616
"Nphp3",286,583,483,629,563,630,557,549
"Nphp4",120,176,218,233,195,137,174,199
"Nphs1",0,0,1,0,1,1,1,0
"Nphs2",8,7,8,15,7,6,4,7
"Npl",1,2,2,3,2,2,2,3
"Nploc4",3338,6708,7386,6412,6662,6337,7062,6920
"Npm1",9352,16609,15629,18690,18529,19316,17444,19526
"Npm2",5,7,9,5,8,8,11,11
"Npm3",760,1157,1470,1467,1228,1072,1113,1185
"Npm3-ps1",6,17,17,28,12,6,25,14
"Npnt",3134,5341,8054,5973,6043,5430,4295,5524
"Nppa",0,2,1,0,2,4,2,6
"Nppb",8,24,12,14,24,24,23,16
"Nppc",4,3,7,13,6,8,8,5
"Npr1",2,12,9,6,12,9,7,10
"Npr2",1206,2716,2495,2426,2505,2694,2736,2683
"Npr3",73,139,55,131,120,70,50,130
"Nprl2",294,699,709,610,678,683,776,709
"Nprl3",563,1133,1265,1083,1010,1104,1142,1149
"Nps",0,3,1,2,1,4,4,2
"Npsr1",0,0,1,2,0,1,1,0
"Nptn",8319,15787,15985,16748,16340,17351,17408,17123
"Nptx1",971,1578,1458,1570,1794,1668,1225,1295
"Nptxr",38,46,24,45,52,31,35,29
"Npw",3,1,7,4,2,1,0,0
"Npy1r",29,130,67,57,143,206,448,386
"Npy4r",4,11,4,8,6,9,26,29
"Npy5r",0,5,2,0,2,2,3,4
"Nqo1",323,780,920,769,728,893,2079,2032
"Nqo2",780,1599,1683,1614,1769,1771,1860,1913
"Nr1d1",1448,2361,3920,3252,2241,2095,2118,2193
"Nr1d2",697,2031,1602,1881,1923,2080,1672,1696
"Nr1h2",1146,2516,2172,2123,2306,2635,2826,2466
"Nr1h3",56,139,85,99,121,160,200,157
"Nr1h4",1,1,2,1,1,0,1,2
"Nr1h5",16,22,24,22,21,20,10,19
"Nr1i2",0,3,0,0,2,1,1,0
"Nr1i3",2,5,8,4,2,2,2,2
"Nr2c1",641,1342,1235,1289,1338,1463,1344,1289
"Nr2c2",475,1087,824,1020,1270,1023,1179,1115
"Nr2c2ap",24,29,33,46,38,51,62,35
"Nr2f1",200,306,252,320,349,307,303,343
"Nr2f2",502,930,837,1084,1019,1039,908,906
"Nr2f6",1250,2025,2053,2070,1959,1822,1611,1805
"Nr3c1",1532,4662,2661,3656,3706,4435,4083,4005
"Nr3c2",4,17,31,17,19,21,13,13
"Nr4a1",358,619,692,632,681,684,608,604
"Nr4a2",119,229,180,223,220,215,245,264
"Nr4a3",22,44,50,39,42,24,15,46
"Nr5a1",1,3,2,3,0,2,0,0
"Nr6a1",121,305,291,320,334,365,400,341
"Nradd",911,1907,1944,1710,1787,1964,2121,2095
"Nrap",1060,1931,2488,1939,2066,2255,1891,1786
"Nrarp",42,53,75,67,52,31,17,40
"Nras",2372,4614,4606,4776,5234,5246,4639,4676
"Nrbf2",624,1090,1157,1037,1147,1193,1258,1151
"Nrbp1",2975,5204,6045,5777,5343,4739,4864,5194
"Nrbp2",296,674,583,614,688,806,764,760
"Nrcam",5,19,22,11,35,22,20,17
"Nrd1",3179,6596,6250,6543,6989,7314,7385,6650
"Nrde2",495,956,881,865,973,890,913,849
"Nrep",2141,3485,4376,4030,3720,3022,2295,3355
"Nrf1",828,1510,1337,1453,1471,1355,1321,1361
"Nrg1",319,534,439,539,564,418,440,493
"Nrg2",1,0,1,1,0,0,1,0
"Nrg4",6,15,8,13,20,18,19,9
"Nrip1",208,493,216,344,482,480,449,390
"Nrip2",16,50,32,34,47,42,70,68
"Nrip3",4,8,8,5,8,4,7,7
"Nrk",0,4,4,1,1,2,2,0
"Nrm",363,538,542,607,469,357,313,430
"Nrn1",277,795,734,630,959,1439,2032,1904
"Nrn1l",2,3,3,5,4,4,2,5
"Nrp",9,12,10,15,13,10,9,9
"Nrp1",1552,3881,2448,3478,3582,3666,3589,3402
"Nrp2",4278,8630,8001,8175,8991,8734,9893,8927
"Nrros",1,3,0,1,4,0,7,1
"Nrsn1",1,0,1,1,0,0,0,0
"Nrtn",7,7,3,15,6,9,9,5
"Nrxn1",0,1,1,0,2,2,2,1
"Nrxn3",37,87,89,71,76,66,44,65
"Nsa2",3077,5524,5875,5708,5705,5796,5753,5899
"Nsd1",1874,4453,3869,4536,4772,4378,4042,4281
"Nsdhl",1879,3477,3291,3190,3764,3668,3167,2960
"Nsf",1170,2265,2273,2258,2343,2479,2707,2575
"Nsfl1c",2128,3683,4386,4007,3729,3639,3763,3649
"Nsg1",3708,6820,6902,7233,6232,6555,8641,7922
"Nsg2",1,2,0,1,0,0,0,1
"Nsl1",315,401,425,541,423,213,172,311
"Nsmaf",964,1822,1942,1942,2001,1638,1875,1948
"Nsmce1",598,1159,1121,1091,1149,1054,1012,1008
"Nsmce2",1244,2497,2378,2364,2539,2600,2690,2644
"Nsmce4a",898,1558,1717,1718,1651,1477,1639,1772
"Nsmf",1231,2379,2430,2334,2276,2128,2110,2143
"Nsun2",3112,5765,6540,6285,5681,5013,5825,6062
"Nsun3",57,136,120,121,175,161,164,178
"Nsun4",631,1259,1381,1217,1274,1307,1290,1249
"Nsun5",279,570,604,522,516,490,546,532
"Nsun6",136,241,247,272,254,256,252,269
"Nsun7",4,10,6,8,7,16,10,7
"Nt5c",633,1172,1203,1103,1089,1044,1134,1213
"Nt5c2",1426,2854,3027,2777,3105,3067,3029,2910
"Nt5c3",592,981,1008,1155,1056,1089,1044,1157
"Nt5c3b",789,1368,1483,1492,1339,1238,1284,1429
"Nt5dc1",341,801,668,808,782,824,822,905
"Nt5dc2",4452,6067,7018,7578,5921,4702,4065,5292
"Nt5dc3",1292,2659,2792,2449,2576,2475,2490,2436
"Nt5e",377,1082,901,915,1214,1490,1805,1667
"Nt5m",343,644,687,637,644,664,690,671
"Ntan1",716,929,1085,1082,1033,977,994,952
"Ntf5",24,28,40,31,23,18,13,20
"Nthl1",169,316,329,328,309,300,324,284
"Ntmt1",656,1127,1409,1227,1116,1054,1208,1308
"Ntn1",3675,7006,4596,5842,7077,6798,5581,4886
"Ntn3",15,18,16,25,11,18,19,13
"Ntn4",455,804,908,825,899,786,665,704
"Ntn5",28,53,66,58,76,28,20,34
"Ntng2",19,67,36,34,51,64,116,75
"Ntpcr",214,357,428,378,355,392,380,392
"Ntrk3",11,15,13,17,12,12,7,16
"Ntsr2",6,2,1,6,11,0,0,3
"Nuak1",2529,4431,4461,4380,4947,4024,3252,4044
"Nuak2",344,549,722,661,519,384,386,551
"Nub1",1973,3913,4139,4071,4110,4383,4533,4327
"Nubp1",575,801,868,882,765,748,805,849
"Nubp2",758,1421,1663,1420,1430,1425,1656,1647
"Nubpl",312,584,594,618,621,644,589,505
"Nucb1",5057,11202,10313,9816,10138,11858,13155,11733
"Nucb2",907,1774,1520,1795,1974,2207,1958,2063
"Nucks1",4549,9334,7186,10214,9303,7595,6310,7870
"Nudc",2087,4012,4326,4077,3894,3583,3989,3897
"Nudcd1",1011,2179,1675,2104,2181,2067,1797,2084
"Nudcd2",1533,2685,3299,3274,2881,2676,2696,2982
"Nudcd3",3736,6928,7813,7128,6745,6713,6864,6974
"Nudt1",160,275,203,244,246,199,179,203
"Nudt10",0,1,1,0,0,1,2,1
"Nudt12",28,77,53,61,100,102,84,64
"Nudt13",242,414,495,510,474,492,509,508
"Nudt14",474,826,922,865,796,765,644,711
"Nudt15",60,56,34,46,44,39,38,43
"Nudt16",175,375,393,334,338,402,406,397
"Nudt16l1",453,766,895,830,729,789,840,813
"Nudt17",107,160,148,172,143,129,108,98
"Nudt18",568,1118,1125,1006,1152,1232,1212,1000
"Nudt19",487,927,995,971,945,994,1035,1051
"Nudt2",517,985,1047,959,1044,958,887,922
"Nudt21",2253,3411,3766,3834,3401,2955,3155,3559
"Nudt22",186,372,496,358,341,337,333,400
"Nudt3",2058,3834,4248,3956,3657,3494,3761,3827
"Nudt4",7468,13138,12649,14544,14477,14137,12878,13344
"Nudt5",746,1362,1317,1286,1381,1216,1274,1277
"Nudt6",174,371,301,310,308,345,390,354
"Nudt7",2,3,1,2,0,5,2,2
"Nudt8",169,366,453,323,325,356,328,371
"Nudt9",1510,2913,3300,2892,2955,3058,4091,3688
"Nuf2",1333,1733,1550,2167,1778,888,602,1153
"Nufip1",582,1023,1017,1045,1085,1033,1069,1126
"Nufip2",1268,3685,2521,2991,3232,3510,3101,3233
"Nuggc",1,1,0,1,3,2,2,1
"Numa1",4219,8574,7664,7925,8989,8408,9139,8272
"Numb",679,1274,1356,1284,1365,1403,1343,1467
"Numbl",1181,2188,2453,2390,2167,2196,2186,2268
"Nup107",1545,2344,2602,2851,2685,2140,1968,2250
"Nup133",1053,1780,2013,1985,1701,1617,1677,1699
"Nup153",1667,3392,2853,3594,3644,3368,3111,3222
"Nup155",1748,3074,2954,3559,3243,2597,2572,3003
"Nup160",817,1481,1232,1638,1615,1391,1320,1409
"Nup188",1932,3625,3513,3607,3599,3231,3679,3696
"Nup205",2232,3997,3991,4309,4013,3464,3671,3893
"Nup210",27,20,41,44,31,25,15,32
"Nup210l",14,42,28,24,45,16,14,31
"Nup214",1404,2815,2503,2684,2783,2663,2826,2570
"Nup35",819,1373,1397,1404,1288,1146,1168,1253
"Nup37",612,930,1091,1178,1040,792,789,960
"Nup43",477,771,940,890,780,663,674,735
"Nup50",1976,3387,3756,3808,3438,3263,3175,3431
"Nup54",663,1161,1108,1308,1290,1198,1143,1245
"Nup62",1570,2771,2633,2626,2587,2267,2292,2407
"Nup62-il4i1",2,3,2,2,2,2,1,2
"Nup85",1385,2088,2248,2444,2146,1684,1678,1918
"Nup88",1909,3366,3829,3732,3706,3371,3335,3416
"Nup93",2634,4355,6137,5460,4326,3585,4602,5140
"Nup98",1737,3192,2857,3274,3553,3287,3273,3427
"Nupl1",1043,1659,1525,1860,1753,1623,1591,1767
"Nupl2",286,590,569,534,595,581,538,544
"Nupr1",1097,2441,3018,2341,2460,2767,3513,3646
"Nupr1l",1,7,5,7,3,9,12,8
"Nus1",1815,4426,3298,3934,4531,5298,5016,4854
"Nusap1",1305,1949,1433,2281,1745,1050,656,1304
"Nutf2",321,570,572,534,495,553,545,520
"Nutm1",1,0,0,1,0,3,2,0
"Nvl",862,1909,1548,1953,1971,1721,1628,1721
"Nwd1",21,12,10,21,9,5,2,13
"Nxf1",1458,2971,2908,3059,3024,2980,2952,3014
"Nxf3",94,240,164,204,295,272,225,208
"Nxf7",71,121,130,123,134,139,115,72
"Nxn",3856,7004,7705,7515,6588,6592,6805,6645
"Nxnl1",0,2,2,0,1,4,3,3
"Nxpe3",112,232,270,251,242,234,254,264
"Nxpe4",15,23,28,32,23,40,38,35
"Nxph2",4,14,3,9,14,13,11,10
"Nxph3",14,47,58,44,34,58,63,47
"Nxph4",8,31,17,12,27,39,34,34
"Nxt1",428,724,800,799,721,583,689,796
"Nxt2",230,554,454,584,585,687,623,581
"Nyap1",167,374,423,378,349,353,460,375
"Nynrin",1302,2341,2645,2604,2292,2284,2408,2253
"Nyx",0,4,3,0,4,1,7,8
"Oacyl",5,6,3,10,6,1,2,3
"Oaf",1210,2211,2558,2431,2145,1952,2348,2231
"Oard1",369,672,792,732,665,600,685,717
"Oas1a",1,6,0,2,6,5,3,0
"Oas1b",3,9,2,4,23,11,14,15
"Oas1c",0,1,1,1,5,1,1,1
"Oas1g",1,1,0,1,1,0,0,0
"Oas2",1,6,0,2,6,2,1,3
"Oas3",3,3,0,4,7,4,3,3
"Oasl1",13,32,13,17,31,31,26,29
"Oasl2",136,196,110,197,395,237,231,200
"Oat",4230,7967,8081,8049,7910,8012,7665,7651
"Oaz2",2680,4079,4920,4248,4018,3964,3804,4035
"Oaz3",38,57,32,48,45,38,26,26
"Obfc1",973,1576,1653,1598,1649,1524,1555,1604
"Obscn",733,1526,1436,1221,1681,1566,1225,1252
"Obsl1",3720,5576,7367,6416,5674,4641,3679,5341
"Oc90",0,2,0,1,0,2,1,0
"Ocel1",209,428,419,355,435,491,503,455
"Ociad1",4445,8565,9117,8433,8771,9161,9010,9121
"Ociad2",370,788,613,670,748,897,800,755
"Ocln",10,29,42,27,31,32,34,34
"Ocrl",764,1530,1342,1532,1674,1623,1546,1637
"Ocstamp",2,0,1,2,1,0,1,1
"Odc1",3852,6155,7174,6411,6438,5731,5955,6414
"Odf2",1391,2487,2584,2786,2547,2447,2598,2471
"Odf2l",193,567,387,400,465,485,418,466
"Odf3",1,1,0,1,1,0,0,0
"Odf3l1",16,33,19,20,18,23,24,19
"Ofd1",189,462,305,400,377,399,358,356
"Ogdh",4884,8945,9856,9153,8603,8306,8645,8876
"Ogdhl",42,74,46,59,105,101,61,68
"Ogfod1",1525,2912,3331,3136,2982,2901,3045,3277
"Ogfod2",194,423,473,396,399,473,502,474
"Ogfod3",280,492,546,547,503,512,562,485
"Ogfr",1277,2473,2533,2396,2592,2249,2371,2306
"Ogfrl1",88,240,141,182,206,201,220,237
"Ogg1",234,410,486,412,418,441,507,465
"Ogn",3574,10160,9044,11435,7891,10094,5486,6441
"Ogt",2571,6097,6242,6523,6197,6787,6917,6964
"Oip5",193,249,259,311,237,151,121,159
"Oit1",2,2,0,1,1,1,0,0
"Oit3",2,22,11,7,18,36,37,30
"Ola1",2300,4129,4563,4842,4521,4144,3585,4334
"Olfm1",4287,10067,9781,8735,9660,11937,11313,9481
"Olfm2",7,3,8,9,15,0,1,1
"Olfml2a",93,180,215,265,162,138,121,118
"Olfml2b",6368,9025,9432,11062,8694,6261,4739,6224
"Olfml3",7096,12040,13563,13707,11054,10585,9200,10462
"Olfr1189",1,0,0,1,0,0,0,1
"Olfr1250",0,1,3,2,1,7,11,5
"Olfr1251",0,4,5,3,5,7,17,9
"Olfr1257",1,2,0,1,0,0,0,0
"Olfr1259",0,0,0,0,2,1,0,2
"Olfr1264",0,0,1,1,1,0,0,0
"Olfr1349",0,2,0,0,1,1,0,0
"Olfr1372-ps1",6,7,13,7,10,5,6,6
"Olfr1392",0,0,0,1,0,1,0,1
"Olfr1393",0,0,1,0,0,1,0,2
"Olfr1420",0,0,1,0,1,0,3,1
"Olfr147",0,1,0,0,0,1,1,0
"Olfr18",1,0,1,3,1,1,1,1
"Olfr212",0,1,1,0,0,1,0,0
"Olfr215",1,1,2,1,3,4,4,0
"Olfr222",1,0,0,1,0,0,1,0
"Olfr31",0,2,3,2,1,2,1,0
"Olfr455",0,0,0,3,1,1,0,0
"Olfr456",3,6,11,6,7,5,10,7
"Olfr531",0,1,0,0,0,2,2,0
"Olfr543",0,1,3,2,4,1,0,1
"Olfr545",1,1,0,1,0,0,0,0
"Olfr56",0,0,0,0,1,1,2,0
"Olfr722",1,0,1,1,0,0,0,0
"Olfr805",88,120,133,127,118,65,51,96
"Olfr809",0,1,0,0,1,0,1,1
"Olfr810",24,32,22,26,32,45,51,64
"Olfr856-ps1",0,0,1,1,4,6,5,2
"Olfr901",0,2,0,0,1,0,0,2
"Olfr920",2,9,5,5,5,11,15,11
"Olfr99",0,2,1,0,2,1,1,3
"Olr1",5,7,10,6,8,5,6,4
"Oma1",306,573,626,573,562,589,630,585
"Omd",166,621,714,913,484,808,385,299
"Omp",5,15,9,11,11,11,8,14
"Onecut2",17,26,18,29,23,24,21,21
"Ooep",8,7,7,15,4,3,7,7
"Opa1",1391,3349,2768,3209,3492,3358,3074,3282
"Opa3",556,963,1013,971,996,839,889,961
"Opcml",0,0,0,0,3,2,2,0
"Ophn1",472,1008,978,1018,999,1024,858,809
"Oplah",383,942,753,749,854,1107,1270,1035
"Opn1mw",1,1,0,1,0,0,0,0
"Opn1sw",10,9,11,9,10,9,5,10
"Opn3",205,433,397,363,407,499,502,424
"Opn4",0,4,10,0,4,8,6,5
"Oprl1",0,1,0,0,0,1,1,0
"Optc",47,37,59,84,49,29,27,48
"Optn",486,988,1122,1033,1035,1060,1267,1192
"Orai1",367,757,930,711,760,805,792,776
"Orai2",1053,1981,2234,2086,1941,1874,2349,2304
"Orai3",414,820,919,831,793,854,931,883
"Oraov1",281,606,915,674,676,647,718,687
"Orc1",176,248,210,307,265,151,128,205
"Orc2",914,1822,1773,2084,1868,1687,1656,1881
"Orc3",1272,2685,2353,2783,2710,2588,2336,2477
"Orc4",744,1671,1488,1587,1565,1606,1468,1639
"Orc5",443,838,1043,946,879,800,887,970
"Orc6",1020,1529,1681,1892,1528,1081,1044,1529
"Orm1",76,239,188,156,202,320,533,439
"Orm2",16,51,37,37,31,35,40,62
"Orm3",25,52,60,48,44,76,82,75
"Ormdl1",431,866,801,782,850,910,929,972
"Ormdl2",211,302,355,324,338,296,354,359
"Ormdl3",1525,3472,3904,3243,3193,3498,4069,3709
"Os9",4248,10250,9444,8667,9949,11553,12837,11101
"Osbp",2486,4818,5324,5018,5087,4806,4837,4950
"Osbp2",500,946,601,766,928,702,653,561
"Osbpl10",74,115,90,114,117,96,98,137
"Osbpl11",899,1904,1749,1895,2065,2054,1965,2103
"Osbpl1a",467,968,935,1014,1074,1222,1225,1150
"Osbpl2",1310,2492,2746,2569,2422,2575,2681,2509
"Osbpl3",1055,1968,2120,2096,2018,2011,1840,1947
"Osbpl5",2321,4415,4599,4331,4209,4285,4549,4424
"Osbpl6",76,180,92,139,171,139,133,146
"Osbpl7",127,242,227,257,268,219,278,294
"Osbpl8",415,1698,837,968,1357,1757,1601,1425
"Osbpl9",3276,6897,7078,7171,7417,8557,9359,8859
"Oscp1",174,340,290,314,344,302,272,311
"Oser1",619,967,938,913,997,963,1128,1068
"Osgep",846,1436,1624,1507,1364,1344,1360,1348
"Osgepl1",309,523,544,575,563,509,496,615
"Osgin1",265,577,864,623,597,563,632,586
"Osgin2",392,732,695,796,856,820,759,935
"Osmr",2104,6345,3977,4871,6749,9091,10223,8573
"Osr1",177,238,265,288,327,292,254,271
"Osr2",3,10,4,4,8,5,2,8
"Ost4",1721,2581,2730,2548,2403,2461,2694,2658
"Ostc",3317,6512,5994,6007,6246,6574,6390,6152
"Ostf1",1636,3018,2531,2773,3062,3255,3153,2987
"Ostm1",1155,2446,2637,2297,2722,2873,2925,2865
"Ostn",0,1,0,0,0,1,2,1
"Otoa",10,19,53,45,19,14,9,10
"Otof",1,2,1,1,0,0,0,1
"Otog",532,847,1140,986,833,762,511,803
"Otogl",3,4,2,3,2,1,0,3
"Otop1",0,6,3,0,5,7,9,9
"Otop2",6,10,9,14,15,13,7,7
"Otor",0,0,1,0,2,0,1,1
"Otos",2,12,12,5,12,10,16,14
"Otub1",2008,3687,4179,3719,3538,3544,3596,3670
"Otub2",268,533,484,490,509,564,652,741
"Otud1",611,1162,1044,1113,1332,1424,1180,1121
"Otud3",200,417,386,349,404,388,435,371
"Otud4",1859,5122,3687,4839,4636,4593,4069,4518
"Otud5",2083,3980,4029,3980,3980,4171,4138,3873
"Otud6a",0,0,1,0,0,1,1,0
"Otud6b",1299,2842,2534,2776,2950,2788,2455,2482
"Otud7a",35,41,87,53,56,48,35,67
"Otud7b",2240,4566,4461,4557,4960,4738,4635,4685
"Otulin",850,1765,1761,1601,1689,1731,1681,1696
"Otx1",51,90,72,94,89,96,77,76
"Ovca2",251,457,572,464,428,439,500,465
"Ovgp1",14,36,47,38,57,45,51,55
"Ovol1",7,8,7,12,4,7,11,5
"Oxa1l",1535,3209,3383,3001,2921,3384,3446,3049
"Oxct1",4307,7199,8193,8511,7118,6918,7398,7520
"Oxct2a",0,2,2,1,2,0,0,1
"Oxld1",59,114,140,124,81,138,138,137
"Oxnad1",466,937,1010,933,924,1031,1005,1051
"Oxr1",2065,4872,3908,4760,4760,5253,4965,4934
"Oxsm",282,564,547,621,631,662,663,623
"Oxsr1",1561,3059,2763,3085,3265,3311,3310,3249
"Oxtr",3,4,15,8,12,5,4,11
"P2rx1",1,6,3,3,6,2,1,1
"P2rx2",10,13,8,15,14,11,7,7
"P2rx3",5,18,8,9,28,48,96,85
"P2rx4",1303,4477,3247,2664,4337,6063,7270,5376
"P2rx5",212,382,494,414,358,295,212,300
"P2rx6",309,846,780,704,789,997,1311,1100
"P2rx7",765,2085,1656,1708,2152,2674,3082,2325
"P2ry1",9,20,8,16,19,12,7,4
"P2ry10",0,1,2,0,0,0,1,1
"P2ry14",23,20,24,31,13,19,9,19
"P2ry2",381,673,672,629,703,720,871,815
"P2ry6",1,10,7,6,9,6,10,11
"P3h1",2542,5025,4862,4769,4760,4959,5074,5063
"P3h2",70,164,143,162,171,142,136,156
"P3h3",1488,2892,2905,2868,2900,3011,3211,3076
"P3h4",4062,7136,7928,7665,6817,6805,6736,6656
"P4ha1",12411,22446,14875,20149,22990,22798,20546,21215
"P4ha2",3540,8236,4206,5422,7618,10288,10877,9473
"P4ha3",1371,1758,2545,2664,1884,1149,929,1643
"P4hb",33218,72059,60415,60902,66724,76653,83333,76608
"P4htm",54,113,124,114,133,131,141,124
"Pa2g4",4724,8069,10292,9284,8370,6903,7446,8515
"Pabpc1",16153,33239,28300,33011,33326,36403,37310,37275
"Pabpc1l",7,7,10,15,9,12,5,18
"Pabpc4",3545,6081,6359,6398,6433,6382,6237,6513
"Pabpc4l",0,1,0,1,2,0,0,2
"Pabpn1",1578,2740,3229,3232,2975,2658,2713,2903
"Pabpn1l",1,4,3,1,0,0,1,1
"Pacrg",7,12,18,17,16,16,9,21
"Pacrgl",256,501,469,484,496,458,462,497
"Pacs1",1029,1886,1585,1873,1904,1945,1898,1635
"Pacs2",6249,12364,11993,11869,12402,12148,11556,10508
"Pacsin1",39,54,95,55,105,66,56,86
"Pacsin2",6435,13007,13789,12597,14103,14528,14266,12571
"Pacsin3",1492,2864,3898,2897,2969,2875,2814,3034
"Padi2",499,665,1016,795,692,459,261,575
"Padi3",102,132,169,155,94,44,22,107
"Padi4",23,36,50,36,34,18,15,31
"Padi6",0,2,4,0,1,0,0,2
"Paf1",1071,2016,2374,2090,2058,1975,2016,2051
"Pafah1b1",4064,10740,7342,9422,9792,9846,8625,9173
"Pafah1b2",3979,7209,8624,8182,7291,6825,7176,7670
"Pafah1b3",456,867,662,746,888,1033,920,837
"Pafah2",306,631,635,568,637,741,793,658
"Pag1",33,72,47,51,77,83,70,54
"Pagr1a",527,958,996,955,974,892,899,970
"Pah",0,1,0,1,1,1,0,1
"Paics",5766,10255,11858,11756,10802,10735,11096,11241
"Paip1",1842,3204,3352,3556,3606,3689,3417,3771
"Paip2",3393,6585,6753,7088,6800,7183,6983,7199
"Paip2b",956,1748,1960,1852,1675,1596,1696,1723
"Pak1",4216,6651,6802,7682,6989,5924,5239,5792
"Pak1ip1",1812,3199,4041,3584,3400,3269,3471,3552
"Pak2",2310,4773,4408,5065,4949,5120,4579,4776
"Pak3",344,1100,683,891,799,840,744,783
"Pak4",718,1242,1143,1241,1262,1126,1042,1006
"Pak6",3,4,2,5,3,5,4,2
"Pakap",26,2,2,0,3,2,0,1
"Palb2",74,112,106,137,147,93,72,97
"Pald1",1132,1942,2384,2209,1937,1648,1520,1676
"Palld",8552,13406,16346,17690,14492,11369,8809,13169
"Palm",2603,5563,5307,4880,5397,5781,6175,5464
"Palm2",340,768,600,731,685,604,533,581
"Palm3",219,325,311,325,335,295,166,271
"Palmd",18,42,25,34,32,47,27,21
"Pam",6492,13831,11979,12102,13420,14683,14742,12895
"Pam16",496,810,947,839,757,776,771,819
"Pamr1",0,0,0,0,1,2,1,0
"Pan2",536,1103,1097,1103,1028,1074,1147,1129
"Pan3",589,1255,1013,1224,1454,1373,1278,1301
"Pank1",336,595,622,655,702,637,678,664
"Pank2",1190,2071,2062,2252,2241,2027,2110,2197
"Pank3",1190,4698,2008,2822,3771,4301,3785,3136
"Pank4",596,1060,1176,1135,1031,1003,1086,1093
"Panx1",539,1093,1190,1010,1050,1236,1318,1330
"Panx3",0,1,1,1,1,2,3,1
"Paox",271,375,414,404,380,334,413,373
"Papd4",745,1360,1158,1477,1438,1377,1232,1452
"Papd5",1094,2252,1917,2328,2364,2414,2240,2543
"Papd7",1280,2182,2048,2233,2376,2132,2064,2083
"Papln",0,3,0,2,0,1,0,0
"Papola",2729,6911,4767,6021,6984,6866,6013,6052
"Papolb",0,4,1,2,0,2,1,2
"Papolg",327,827,592,742,757,881,751,644
"Pappa",67,173,105,149,145,142,117,144
"Pappa2",84,307,137,177,296,446,398,275
"Papss1",2859,4773,4511,5021,4831,4670,4608,4327
"Papss2",99,138,69,141,125,119,83,123
"Paqr3",76,165,128,139,167,171,229,164
"Paqr4",267,383,453,492,391,314,263,329
"Paqr5",0,3,2,0,4,2,2,1
"Paqr6",1,1,2,1,3,2,1,1
"Paqr7",460,913,892,819,823,941,1003,858
"Paqr8",197,404,390,387,461,480,383,333
"Paqr9",1,0,1,1,1,0,0,1
"Pard3",1162,2198,2132,2237,2297,2325,2216,2327
"Pard3b",33,60,25,62,69,75,74,58
"Pard6a",160,300,275,272,267,321,310,286
"Pard6b",15,23,30,24,18,11,11,17
"Pard6g",580,834,1026,1125,911,845,817,935
"Parg",1004,2151,1813,2173,2281,2347,2061,2147
"Park2",3,7,13,8,9,14,9,16
"Park7",2752,5544,6049,5449,5153,5243,5576,5513
"Parl",1189,2092,2830,2421,2109,1910,2078,2351
"Parm1",198,243,463,525,221,75,47,191
"Parn",928,1732,1897,1965,1815,1805,1791,1837
"Parp1",2084,3265,3845,3850,3432,3086,3057,3290
"Parp10",694,1254,974,1195,1217,1163,1214,1242
"Parp11",235,431,448,442,465,405,414,460
"Parp12",832,1436,1305,1489,1573,1309,1325,1316
"Parp14",114,308,188,248,355,272,232,256
"Parp16",329,551,675,668,541,467,493,579
"Parp2",705,1338,1219,1396,1378,1290,1171,1318
"Parp3",1920,3679,4501,3832,3809,3893,3693,3562
"Parp4",959,1977,1652,1807,2146,2207,2139,1947
"Parp6",442,868,850,838,858,951,975,996
"Parp8",577,1138,991,1107,1161,1214,1200,1170
"Parp9",490,806,605,807,882,756,611,784
"Parpbp",283,441,347,486,468,270,201,299
"Pars2",165,301,289,289,278,322,304,305
"Particl",40,70,77,84,75,69,87,88
"Parva",5949,10371,11134,11680,10610,9740,9888,10066
"Parvb",2082,4491,4484,3868,4395,4427,4715,4329
"Parvg",1,5,7,1,5,1,4,8
"Pask",422,562,552,716,557,319,311,486
"Pate2",1,2,2,4,3,3,5,5
"Pate4",0,1,1,1,1,2,4,0
"Patl1",1104,2108,2083,2235,2298,2373,2295,2346
"Patl2",1,5,5,2,5,9,6,4
"Patz1",623,1279,1110,1118,1242,1156,1227,1254
"Pawr",24,99,53,57,80,97,81,80
"Pax3",3,1,1,6,1,2,3,1
"Pax5",1,3,3,2,3,3,1,3
"Pax6",20,31,39,30,26,17,20,36
"Pax7",834,1290,1745,1671,1198,897,1022,1142
"Pax8",2,14,3,2,5,7,8,9
"Paxbp1",382,1053,766,989,986,1104,1052,1176
"Paxip1",749,1273,1187,1310,1333,1158,1221,1308
"Pbdc1",1353,2248,2394,2555,2390,2180,2249,2419
"Pbk",1341,1629,1736,2302,1719,837,622,1298
"Pbld1",2,0,1,2,3,1,2,0
"Pbld2",9,18,24,14,13,26,20,17
"Pbp2",3,5,2,6,2,4,1,3
"Pbrm1",1135,3698,2108,2509,2930,3163,2968,3075
"Pbx1",1290,3388,2666,3149,3342,3775,3808,3589
"Pbx2",925,1870,2100,1855,1786,1759,1810,1870
"Pbx3",506,746,1009,999,837,688,630,901
"Pbx4",28,33,37,41,45,50,45,32
"Pbxip1",6282,12197,13578,11919,12306,12547,11819,11810
"Pcbd1",73,125,198,140,134,113,87,128
"Pcbd2",100,236,239,239,248,238,247,257
"Pcbp1",8179,14421,16821,15557,14678,14093,13513,14474
"Pcbp2",8455,14046,15087,14711,13871,13939,14800,14698
"Pcbp3",250,474,368,409,442,438,414,433
"Pcbp4",3708,6399,8450,7578,6249,5522,6081,6319
"Pcca",669,1370,1454,1323,1311,1316,1293,1295
"Pccb",1077,1874,2413,2283,1769,1580,1696,1710
"Pcdh1",951,2071,1686,1564,2187,2412,2313,1827
"Pcdh10",1,1,1,1,4,3,4,0
"Pcdh12",0,1,1,0,1,1,1,1
"Pcdh15",0,4,1,1,1,0,0,1
"Pcdh18",908,1698,1188,1783,1536,1269,1117,1399
"Pcdh19",1279,3388,1833,2766,3117,3031,2333,2235
"Pcdh20",1,1,1,1,0,1,1,0
"Pcdh7",1927,4905,3723,3846,5252,6191,6174,5324
"Pcdha10",1,1,0,1,1,3,3,3
"Pcdha3",0,1,0,1,0,1,1,1
"Pcdha5",0,1,0,1,0,1,0,0
"Pcdha9",3,4,5,3,2,5,6,4
"Pcdhac2",3,8,1,6,9,4,5,3
"Pcdhb10",17,20,24,25,34,32,29,23
"Pcdhb11",38,63,52,82,72,91,66,65
"Pcdhb12",54,156,189,161,191,197,190,205
"Pcdhb13",21,45,58,51,80,75,82,68
"Pcdhb14",166,375,388,458,382,434,458,418
"Pcdhb15",52,140,110,112,117,148,148,141
"Pcdhb16",212,558,442,524,507,527,533,554
"Pcdhb17",381,711,557,708,768,900,880,711
"Pcdhb18",55,181,109,147,187,225,178,181
"Pcdhb19",67,154,116,142,154,196,209,173
"Pcdhb2",14,16,19,23,23,25,24,19
"Pcdhb20",285,595,555,669,642,742,680,674
"Pcdhb21",118,277,217,266,224,237,241,208
"Pcdhb22",157,415,244,357,334,326,286,332
"Pcdhb3",5,15,15,17,21,32,36,15
"Pcdhb4",11,15,14,16,16,17,14,19
"Pcdhb5",27,48,41,52,51,69,62,80
"Pcdhb6",0,2,3,1,1,4,3,3
"Pcdhb7",25,47,40,52,52,61,61,75
"Pcdhb8",3,23,15,12,13,13,15,13
"Pcdhb9",24,60,57,50,66,86,80,76
"Pcdhga1",60,165,120,124,165,195,193,179
"Pcdhga10",0,3,0,0,0,2,1,0
"Pcdhga11",1,2,1,2,2,3,1,2
"Pcdhga12",4,5,3,5,4,3,4,3
"Pcdhga2",6,30,11,5,21,31,26,17
"Pcdhga3",6,33,25,18,38,33,30,25
"Pcdhga4",17,18,19,30,28,16,21,28
"Pcdhga5",1,3,8,2,5,3,4,5
"Pcdhga6",78,243,177,138,220,239,256,174
"Pcdhga7",6,16,24,12,21,26,23,11
"Pcdhga8",1,7,4,2,5,10,10,8
"Pcdhga9",31,85,61,67,76,71,79,48
"Pcdhgb1",138,311,264,241,307,311,346,273
"Pcdhgb2",17,34,13,26,28,29,37,33
"Pcdhgb4",0,0,0,0,0,1,1,1
"Pcdhgb5",3,1,2,4,2,4,1,0
"Pcdhgb6",24,48,33,41,49,41,46,37
"Pcdhgb7",7,7,2,5,2,8,7,6
"Pcdhgb8",3,4,1,3,2,5,2,0
"Pcdhgc3",7537,16756,14568,14256,16473,16882,18105,13970
"Pcdhgc4",6,20,23,16,20,16,25,12
"Pcdhgc5",103,206,186,196,193,176,172,150
"Pced1a",417,842,835,791,839,853,891,859
"Pced1b",47,143,111,103,159,146,159,136
"Pcf11",336,948,596,753,804,813,790,834
"Pcgf1",108,236,262,222,251,262,293,265
"Pcgf2",524,1152,1112,1056,1094,1305,1343,1220
"Pcgf3",1939,3956,3620,3916,4474,4324,3814,3814
"Pcgf5",451,717,619,797,774,748,722,753
"Pcgf6",261,543,534,585,605,641,584,663
"Pcid2",756,1401,1278,1321,1339,1391,1449,1355
"Pcif1",1028,1926,1917,1921,1843,1696,1987,1946
"Pck1",0,1,1,1,1,1,3,1
"Pck2",1454,3474,2880,2719,3485,4270,5319,4840
"Pclo",33,114,48,61,99,132,82,61
"Pcm1",635,1965,1101,1303,1581,1842,1589,1700
"Pcmt1",1726,3274,3645,3273,3207,3057,3153,3369
"Pcmtd1",575,1907,1033,1222,1492,1685,1654,1554
"Pcmtd2",967,2697,2036,2339,2607,3191,2879,2613
"Pcna",2805,3892,3910,4686,4214,3092,3099,4002
"Pcnp",2216,3274,3797,3614,3600,3203,3197,3562
"Pcnt",865,1531,1323,1513,1717,1470,1336,1469
"Pcnx",1437,3158,2663,2982,3468,3504,3354,3149
"Pcnxl3",1505,3099,2909,2854,2994,2906,3320,3146
"Pcnxl4",435,892,876,884,980,1059,1088,1134
"Pcolce",18833,31586,40542,39187,29055,29282,28242,29095
"Pcolce2",633,846,1062,1070,902,519,469,708
"Pcp2",0,0,1,0,1,1,0,0
"Pcp4",0,0,0,0,0,1,1,1
"Pcp4l1",6,6,12,14,7,5,6,3
"Pcsk1",2,1,4,4,1,0,1,1
"Pcsk2",3,5,3,5,7,8,3,9
"Pcsk2os1",0,2,2,0,3,3,1,1
"Pcsk4",42,72,74,79,92,62,83,88
"Pcsk6",195,299,511,461,256,234,244,344
"Pcsk7",1052,1924,2170,2095,1885,1663,1890,1958
"Pcsk9",204,374,300,358,354,300,322,370
"Pctp",10,33,15,16,20,21,31,33
"Pcx",967,2114,2103,1751,1853,2214,1983,1792
"Pcyox1",3962,7681,7618,7353,8013,8124,8185,7849
"Pcyox1l",381,562,648,669,604,509,467,570
"Pcyt1a",2039,4095,4034,3939,4467,4268,4206,4181
"Pcyt1b",289,489,340,516,474,351,276,373
"Pcyt2",677,1364,1114,1161,1440,1495,1477,1314
"Pdap1",2903,4752,6067,5758,5244,4347,4564,4899
"Pdcd1",1,0,0,2,0,1,1,0
"Pdcd10",924,1897,1723,1941,2057,2050,1795,1959
"Pdcd11",1472,2873,3100,2986,2763,2476,2940,2877
"Pdcd2",326,663,684,671,667,651,759,758
"Pdcd2l",329,569,627,573,595,586,644,614
"Pdcd4",807,1386,1559,1677,1511,1414,1241,1438
"Pdcd5",803,1515,1798,1697,1621,1576,1425,1610
"Pdcd6",1591,3096,3571,3245,3159,3227,3653,3648
"Pdcd6ip",4571,8818,8440,9251,9761,9681,9370,9312
"Pdcd7",343,615,736,700,576,578,644,681
"Pdcl",1301,2621,2304,2695,2760,2980,2466,2582
"Pdcl3",2179,4042,4659,4492,4529,4430,4292,4261
"Pddc1",431,893,952,829,820,873,951,882
"Pde10a",193,475,323,374,551,610,517,352
"Pde12",570,1010,1081,1068,1051,983,875,1013
"Pde1a",33,85,163,132,64,79,217,196
"Pde1b",82,236,176,153,213,279,229,158
"Pde1c",2,7,7,4,7,2,2,1
"Pde2a",426,623,822,746,640,458,373,590
"Pde3a",20,35,19,23,28,23,21,18
"Pde3b",300,776,525,701,718,602,551,602
"Pde4a",415,734,710,767,623,613,538,591
"Pde4b",704,1219,1097,1419,1280,1027,1351,1309
"Pde4c",4,2,1,3,4,2,0,1
"Pde4d",1021,2066,2175,2391,2225,2056,2121,2223
"Pde4dip",3479,6278,7094,6241,6742,6531,6062,6475
"Pde5a",394,1082,634,784,1141,1241,1047,875
"Pde6a",2,9,4,4,9,5,4,2
"Pde6b",0,2,2,0,1,1,1,1
"Pde6d",1201,2227,2329,2299,2188,2214,2449,2427
"Pde6g",2,2,5,2,1,0,0,6
"Pde6h",1,3,0,1,3,1,1,4
"Pde7a",671,1348,1301,1331,1365,1216,1019,1128
"Pde7b",106,192,287,356,183,120,124,177
"Pde8a",146,397,292,279,413,422,491,367
"Pde8b",27,35,38,38,59,33,38,44
"Pdf",422,873,988,863,843,892,945,914
"Pdgfa",588,1232,1106,1169,1235,1331,1336,1427
"Pdgfb",621,766,775,959,941,568,354,764
"Pdgfc",2723,4406,4862,5307,4612,3991,3194,3650
"Pdgfd",115,385,209,238,465,578,472,284
"Pdgfra",1118,2726,2074,2447,2772,3383,3285,2673
"Pdgfrb",10954,19508,19622,20395,18777,16413,15997,17494
"Pdgfrl",4315,6588,7240,7446,6529,5430,4364,5491
"Pdha1",4264,7112,7803,7955,7869,7682,6872,7353
"Pdhb",2545,4455,5809,4955,4790,4413,4374,4690
"Pdhx",788,1337,1703,1522,1460,1398,1251,1449
"Pdia2",1,3,2,3,2,1,0,4
"Pdia3",17598,36629,31465,34243,38789,45604,44961,41837
"Pdia4",5338,11853,9475,9635,10797,14092,14203,11967
"Pdia5",995,1993,1746,1769,2022,2008,2041,2067
"Pdia6",9512,19682,16162,17428,19200,22756,23156,21186
"Pdik1l",155,431,342,380,383,403,401,396
"Pdk1",3952,8398,3661,5914,8640,10747,8384,7227
"Pdk2",762,1568,1759,1525,1401,1686,1725,1485
"Pdk3",946,1530,1443,1719,1499,1403,1200,1347
"Pdk4",856,1535,1458,1686,1593,1672,1427,1480
"Pdlim1",1710,3361,2854,3006,3469,3333,2810,2465
"Pdlim2",3215,5646,6428,6220,5404,5000,4625,4880
"Pdlim3",2804,5420,6552,4915,5512,5728,4330,4335
"Pdlim4",3410,5566,6374,6144,5662,4900,4061,4495
"Pdlim5",3587,6734,6697,7913,7138,7087,5639,5962
"Pdlim7",3379,5454,6219,6142,5553,4900,4059,4706
"Pdp1",871,1850,1970,2029,1908,2111,1766,1629
"Pdp2",79,176,184,177,192,197,226,165
"Pdpk1",1870,3667,3448,3893,4306,3901,3836,4024
"Pdpn",7152,16381,16147,14285,16496,18457,28849,24802
"Pdpr",236,425,417,463,458,412,460,418
"Pdrg1",1439,2504,3114,2722,2515,2440,2639,2823
"Pds5a",773,2255,1249,1808,1978,1839,1721,1817
"Pds5b",964,2626,1567,2152,2035,1881,1767,2063
"Pdss1",147,234,233,272,227,162,143,210
"Pdss2",233,449,465,433,423,438,419,426
"Pdxdc1",3163,5833,6089,6013,6058,5597,6285,6260
"Pdxk",863,1826,2137,1816,1754,1820,2324,2077
"Pdxk-ps",2,3,4,2,7,6,4,10
"Pdxp",383,651,543,556,591,740,819,791
"Pdzd11",1099,2072,2511,2119,1934,1939,2034,2171
"Pdzd2",12,27,24,20,35,23,14,21
"Pdzd3",0,2,1,1,4,2,3,1
"Pdzd4",175,317,296,306,327,314,286,287
"Pdzd7",27,43,50,54,50,71,129,93
"Pdzd8",615,1561,978,1307,1417,1494,1461,1406
"Pdzd9",0,2,1,1,5,2,2,3
"Pdzk1",163,256,231,264,286,250,235,227
"Pdzk1ip1",0,5,5,0,8,8,10,10
"Pdzrn3",2345,3882,4066,4539,4277,3876,3378,3700
"Pdzrn4",3,4,1,4,4,2,1,1
"Pea15a",6128,11157,12249,11388,10834,10425,9893,10281
"Peak1",2672,6181,4884,5643,6514,6326,6283,5890
"Pear1",213,379,288,362,354,308,290,318
"Pebp1",6850,11897,13071,11795,10942,11229,11915,12081
"Pebp4",1,2,6,3,2,4,7,4
"Pecam1",1,4,3,2,7,8,5,8
"Pecr",367,704,802,718,696,767,878,814
"Pef1",1486,2814,3048,2856,2669,2850,3071,3019
"Peg10",1106,1736,1268,1979,1613,1143,827,1079
"Peg12",42,52,76,91,64,27,43,72
"Peg13",569,1302,827,1014,1275,1344,1272,1174
"Peg3",1042,3538,1776,2376,3293,3198,2614,2051
"Peli1",193,456,331,451,438,501,458,440
"Peli2",970,2010,1747,1992,2053,2136,2166,2003
"Peli3",55,139,123,105,119,151,196,138
"Pelo",413,742,888,769,683,642,629,747
"Pelp1",1144,2153,2202,2103,2098,1789,1902,2000
"Pemt",84,166,160,144,103,165,162,150
"Penk",5,16,11,8,11,16,14,11
"Peo1",648,1325,1544,1303,1319,1238,1388,1380
"Pepd",1081,2091,2067,1939,2009,2035,1983,1906
"Per1",474,974,1117,1010,867,907,885,855
"Per2",256,420,308,431,497,413,262,308
"Per3",323,621,532,687,653,601,476,501
"Perm1",26,67,56,51,71,50,57,65
"Perp",25,40,47,37,50,46,40,60
"Pes1",2746,5318,6335,5511,5255,5046,5872,5771
"Pet100",131,262,316,266,258,276,279,277
"Pet2",19,38,25,49,34,36,26,44
"Pex1",354,684,620,648,800,806,776,788
"Pex10",141,220,277,262,190,204,216,240
"Pex11a",69,154,134,119,146,149,157,141
"Pex11b",834,1532,1907,1708,1511,1395,1733,1686
"Pex11g",87,211,181,162,217,197,196,208
"Pex12",328,640,767,662,624,612,593,643
"Pex13",976,1854,1758,1836,1859,2144,1810,1848
"Pex14",981,2110,2188,1871,2009,2155,2579,2273
"Pex16",354,663,730,653,688,701,759,732
"Pex19",3758,6663,8343,7394,6544,6429,6094,6241
"Pex2",1186,2153,2256,2218,2285,2179,2059,2325
"Pex26",201,411,486,403,410,444,572,522
"Pex3",709,1284,1333,1370,1374,1465,1342,1369
"Pex5",1515,3151,3325,3046,2984,2945,3348,3113
"Pex5l",28,41,24,41,50,46,32,40
"Pex6",1097,2182,1826,1968,1961,2169,2073,1942
"Pex7",324,664,593,643,735,706,727,711
"Pf4",1,4,2,2,1,3,1,1
"Pfas",627,1212,1156,1185,1183,1036,1129,1189
"Pfdn1",957,1698,2008,1832,1692,1355,1378,1570
"Pfdn2",928,1709,2152,1884,1641,1427,1705,1853
"Pfdn4",517,805,854,864,886,839,768,899
"Pfdn5",2974,6494,7020,6184,5973,6608,7032,6471
"Pfdn6",735,1294,1578,1459,1378,1296,1510,1485
"Pfkfb1",33,57,61,62,39,48,50,57
"Pfkfb2",372,835,721,779,884,976,1016,922
"Pfkfb3",492,1132,776,881,1106,1452,1779,1548
"Pfkfb4",265,469,519,499,531,561,573,462
"Pfkl",6340,13787,5403,8968,12705,15464,13668,11135
"Pfkm",4803,8841,11814,8881,8735,8264,7165,8474
"Pfkp",2353,5328,3654,3977,5163,5959,5528,4506
"Pfn1",14830,23720,27664,26757,23283,20549,19569,21170
"Pfn2",229,356,464,453,356,307,288,380
"Pfn4",1,4,5,2,2,1,2,1
"Pga5",0,2,1,1,3,1,3,0
"Pgam1",14683,19595,12376,15390,18454,20258,19036,17536
"Pgam2",514,875,1452,929,889,822,648,815
"Pgam5",1325,2375,2855,2534,2280,2113,2366,2574
"Pgap1",138,395,224,332,296,312,252,282
"Pgap2",640,1165,1162,1203,1140,1194,1109,1151
"Pgap3",192,356,429,342,356,376,386,467
"Pgbd1",22,39,38,37,38,38,30,39
"Pgbd5",3,6,10,9,10,9,6,12
"Pgd",4111,11405,10964,8807,10338,12719,20817,17971
"Pgf",491,782,910,991,704,658,747,852
"Pggt1b",198,499,384,446,459,460,442,503
"Pgk1",31027,63890,45252,49342,60248,67803,68328,63114
"Pgls",995,1895,2053,1836,1731,1734,1869,1931
"Pglyrp1",1,1,0,1,0,0,1,0
"Pgm1",870,1444,1596,1716,1594,1503,1641,1616
"Pgm2",3828,8502,5417,6163,7776,9958,9020,7619
"Pgm2l1",58,145,92,112,122,138,123,142
"Pgm3",582,1071,988,1104,1078,992,910,1005
"Pgm5",1965,2721,3928,3142,3050,2339,1679,2862
"Pgp",639,976,1133,1079,1012,1014,1069,1054
"Pgpep1",1052,2131,2520,2065,2066,2252,2435,2050
"Pgpep1l",3,4,3,8,11,7,2,2
"Pgrmc1",2593,5056,4986,5220,5299,6232,6502,6267
"Pgrmc2",2798,5591,6004,5490,5663,6182,5853,5646
"Pgs1",1420,2611,2718,2619,2530,2548,3142,3068
"Phactr1",2,4,1,3,6,1,3,4
"Phactr2",1,0,2,1,1,0,0,0
"Phactr4",1442,2538,2607,2614,2714,2662,2713,2691
"Phax",906,1719,1745,1836,1906,1821,1791,1927
"Phb",1618,3208,3914,3386,3073,2922,3099,3266
"Phb2",2992,5674,6800,6077,5488,5327,5913,5946
"Phc1",757,1501,1233,1393,1388,1385,1351,1380
"Phc2",3576,6134,6727,6503,6114,5665,6218,6450
"Phc3",791,2668,1449,2034,2566,2493,2224,2092
"Phex",31,253,139,168,280,412,428,234
"Phf1",483,1153,940,946,1191,1425,1444,1174
"Phf10",1827,3317,3537,3534,3634,3912,4341,4317
"Phf11a",1,1,0,1,2,1,0,1
"Phf11b",13,15,11,17,21,5,8,14
"Phf11c",22,27,20,28,18,23,15,17
"Phf11d",60,89,57,87,156,121,91,92
"Phf12",1153,2241,2269,2395,2318,2315,2357,2520
"Phf13",1001,1885,2154,2007,1801,1843,2052,2083
"Phf14",460,1210,877,1073,1146,1232,1048,1174
"Phf19",311,393,409,478,436,236,182,322
"Phf2",1848,3856,3597,3575,3811,3896,4155,3995
"Phf20",1451,3331,2794,3167,3316,3562,3123,2883
"Phf20l1",425,1380,906,951,1122,1198,1157,1196
"Phf21a",804,1721,1673,1864,1847,1811,1989,1937
"Phf21b",4,3,11,5,9,4,4,5
"Phf23",1894,3819,3677,3547,3607,3525,3814,3606
"Phf3",1042,3106,1990,2507,2627,2892,2791,2808
"Phf5a",1233,2169,2521,2277,2233,1814,1986,2224
"Phf6",655,1642,1096,1510,1396,1226,1044,1332
"Phf7",158,274,294,308,292,303,333,298
"Phf8",614,1419,1391,1338,1374,1467,1707,1602
"Phgdh",3126,7096,7453,5920,7021,7749,8379,7601
"Phip",232,824,541,552,784,911,860,872
"Phka1",524,1109,1115,1144,1080,1029,1063,1028
"Phka2",834,1672,1686,1621,1658,1638,1482,1379
"Phkb",2087,4310,4025,4394,4324,4271,3425,3921
"Phkg1",9,14,19,18,19,17,25,27
"Phkg2",199,333,368,294,307,303,325,305
"Phlda1",1514,3093,2125,2386,3389,3737,3493,2843
"Phlda3",4722,6946,8519,7528,6428,6131,6162,7001
"Phldb1",2856,5511,5921,5718,5304,4874,5044,5052
"Phldb2",3588,9050,7504,9020,8136,7983,6766,7327
"Phldb3",170,299,345,280,311,288,265,281
"Phlpp1",534,866,837,935,848,774,770,831
"Phlpp2",290,578,554,654,604,567,539,613
"Phospho1",94,245,180,123,221,300,443,345
"Phospho2",619,1179,1322,1243,1302,1241,1226,1362
"Phpt1",630,1075,1272,1208,1023,1030,1011,1055
"Phrf1",1771,3396,3331,3302,3448,3274,3276,3256
"Phtf1",1021,1747,1779,1987,1894,1632,1632,1840
"Phtf1os",1,3,12,8,7,2,8,3
"Phtf2",281,703,529,599,697,659,546,575
"Phyh",431,880,921,841,844,988,1255,1096
"Phyhd1",346,718,697,660,703,863,1001,957
"Phyhip",3,11,8,11,7,2,3,4
"Phyhipl",0,2,2,2,0,3,3,0
"Phykpl",176,271,352,307,288,257,249,283
"Pi15",251,1242,667,693,927,1248,1430,1155
"Pi16",50,67,94,92,72,64,59,88
"Pi4k2a",1559,3143,3545,3128,3246,3349,3769,3495
"Pi4k2b",720,1752,1434,1573,1739,1860,2079,1997
"Pi4ka",1917,4042,3544,3758,4057,4108,4938,4501
"Pi4kb",1865,3778,3555,3486,3443,3566,3675,3540
"Pianp",72,201,148,144,164,252,356,236
"Pias1",643,1394,1120,1374,1408,1382,1150,1293
"Pias2",1616,3622,2867,3686,3848,4013,3595,3467
"Pias3",1125,1955,2258,2167,1851,1808,1902,1926
"Pias4",615,1167,1296,1180,1221,1302,1284,1246
"Pibf1",127,347,252,276,297,331,277,312
"Picalm",3050,7266,5784,7465,7231,7073,5907,6470
"Pick1",361,688,734,655,782,706,642,687
"Pid1",321,473,349,507,459,340,203,360
"Pidd1",103,174,202,210,146,105,117,174
"Piezo1",3415,7422,6047,6095,7283,6918,7788,6648
"Piezo2",548,992,892,1182,1100,930,698,842
"Pif1",173,312,323,343,251,147,113,171
"Piga",268,584,522,566,591,642,881,865
"Pigb",73,165,158,142,154,157,157,153
"Pigc",750,1480,1510,1450,1510,1519,1574,1613
"Pigf",274,479,511,490,481,396,467,474
"Pigg",225,565,613,559,564,616,588,575
"Pigh",160,302,313,295,280,298,326,351
"Pigk",1767,3544,3708,3727,3838,3753,3897,3951
"Pigl",102,182,161,199,171,180,165,206
"Pigm",538,1167,1055,1232,1272,1150,1108,1201
"Pign",942,2354,1720,2257,2289,2470,2260,2156
"Pigo",199,426,435,406,433,423,400,381
"Pigp",768,1581,1550,1487,1680,1776,1524,1501
"Pigq",1504,2944,2949,2854,2731,2814,2886,2920
"Pigr",0,1,3,0,1,1,0,1
"Pigs",2122,4157,3908,3901,3780,4174,4136,3873
"Pigt",2500,4267,4516,4451,4256,4127,4079,4126
"Pigu",763,1423,1453,1394,1314,1315,1309,1352
"Pigv",296,572,607,560,588,607,625,598
"Pigw",124,264,317,308,298,286,307,326
"Pigx",394,803,873,775,741,820,854,875
"Pigyl",273,523,561,538,479,490,484,567
"Pigz",1,2,4,10,4,3,4,2
"Pih1d1",597,853,803,896,855,871,841,823
"Pih1d2",40,77,65,64,57,73,69,76
"Pik3c2a",422,1460,880,949,1051,1203,1266,1269
"Pik3c2b",240,401,425,471,425,334,311,353
"Pik3c2g",5,7,7,5,7,11,4,8
"Pik3c3",846,1552,1609,1673,1581,1695,1833,1777
"Pik3ca",1402,3364,2596,3128,3134,3365,3251,3118
"Pik3cb",329,627,624,567,655,559,540,659
"Pik3cd",49,72,67,98,86,61,56,55
"Pik3ip1",529,1404,1412,1254,1315,1713,1818,1442
"Pik3r1",1713,5543,3357,4705,5295,6384,5169,4324
"Pik3r2",2718,5288,4992,5023,4941,4891,4693,4490
"Pik3r3",782,1743,1233,1678,1577,1267,1030,1316
"Pik3r4",950,1950,1876,1889,1933,1898,2109,1984
"Pik3r5",49,84,36,67,105,112,92,63
"Pik3r6",0,2,0,1,2,2,2,3
"Pikfyve",420,1265,750,1047,1259,1389,1240,1234
"Pilra",1,1,1,2,0,2,1,2
"Pim1",448,998,731,745,983,1151,1444,1238
"Pim2",81,134,111,139,143,163,183,163
"Pim3",623,1257,1203,1184,1225,1299,1885,1699
"Pin1",1118,2061,2356,2057,1957,1768,1841,2000
"Pin4",261,480,548,538,481,452,492,513
"Pink1",2148,4570,5086,4341,4164,4810,5016,4540
"Pinlyp",1,2,0,1,3,2,0,1
"Pinx1",283,482,554,556,494,452,459,513
"Pip4k2a",935,1687,1718,2035,1872,1803,1521,1527
"Pip4k2b",1834,3531,3767,3491,3565,3166,3073,3271
"Pip4k2c",1246,2544,2202,2136,2602,2903,3266,2724
"Pip5k1a",2023,3991,4519,4203,4232,4148,4792,4557
"Pip5k1b",6,35,13,11,19,33,22,23
"Pip5k1c",1535,2900,2563,2682,2923,2826,2954,2796
"Pip5kl1",1,2,2,1,4,2,2,3
"Pipox",1,2,0,0,2,0,0,0
"Pir",376,851,759,733,801,923,1047,856
"Pisd",1298,2590,2801,2481,2622,2823,3303,2988
"Pisd-ps1",126,248,252,240,300,295,257,249
"Pisd-ps2",19,44,25,35,35,31,31,51
"Pithd1",717,1481,1627,1400,1380,1416,1484,1571
"Pitpna",5145,8627,10251,9941,8965,7963,8022,8661
"Pitpnb",2694,4767,5121,5528,5233,4818,5116,5347
"Pitpnc1",54,151,121,134,158,187,211,189
"Pitpnm1",1484,2944,3366,3036,2713,2843,3902,3509
"Pitpnm2",392,883,925,780,928,889,865,862
"Pitpnm3",0,0,4,0,1,0,0,1
"Pitrm1",2294,4096,4235,4468,4429,4078,4048,4255
"Pitx2",1782,3166,3903,3955,3341,3394,2843,2927
"Pitx3",82,174,157,171,153,187,131,113
"Piwil2",4,9,5,9,13,18,24,21
"Piwil4",10,18,23,18,28,8,14,19
"Pja1",1735,3276,3635,3680,3239,3019,3189,3367
"Pja2",3378,7892,6473,7750,8092,8303,6820,6928
"Pkd1",4557,9043,7323,7840,8913,7695,8277,8064
"Pkd1l2",2,2,1,2,2,1,0,0
"Pkd1l3",28,62,46,43,75,74,67,61
"Pkd2",2368,4175,3920,4664,4408,4286,4717,5021
"Pkd2l2",184,323,180,249,348,446,342,318
"Pkdcc",224,331,406,427,303,296,319,348
"Pkhd1",101,214,243,232,250,262,198,182
"Pkia",3490,6773,6298,7304,6430,5812,3731,5166
"Pkig",3750,6715,8173,6938,6780,6753,5765,6029
"Pkm",71765,142259,120135,122199,130982,141569,161680,146166
"Pkmyt1",269,313,266,384,294,165,111,221
"Pkn1",1776,3697,3356,3201,3586,3452,4175,3851
"Pkn2",1165,3260,2298,2631,2739,2789,2704,2850
"Pkn3",164,247,180,234,251,197,203,183
"Pknox1",880,1532,1364,1593,1661,1562,1397,1498
"Pknox2",535,785,1105,1063,790,563,490,713
"Pkp1",2523,3927,4024,4394,4197,3666,3179,3513
"Pkp2",668,1020,1564,1428,940,825,739,990
"Pkp3",15,32,34,23,26,22,25,11
"Pkp4",976,1593,1793,1839,1879,1496,1447,1623
"Pla1a",655,1670,1659,1336,1665,1948,1875,1505
"Pla2g12a",551,1217,1170,1062,1118,1287,1538,1411
"Pla2g12b",0,5,5,6,3,9,13,10
"Pla2g15",913,1690,2095,1875,1579,1655,1902,1930
"Pla2g16",1906,3150,4140,3579,3254,2584,2100,3042
"Pla2g1b",1,2,2,1,0,0,1,2
"Pla2g2d",1,1,1,1,1,0,2,2
"Pla2g2e",15,39,40,26,34,68,39,32
"Pla2g3",3,1,5,4,6,5,4,5
"Pla2g4a",590,1119,1040,1238,1154,1291,1657,1649
"Pla2g4b",0,2,4,2,2,3,8,4
"Pla2g4c",9,18,4,16,18,8,5,8
"Pla2g4f",0,1,2,0,4,0,0,3
"Pla2g5",0,3,4,2,0,1,1,1
"Pla2g6",605,1481,1482,1233,1398,1508,1637,1540
"Pla2g7",140,265,273,287,258,239,192,228
"Pla2r1",336,877,767,865,923,964,908,777
"Plaa",2023,4183,3951,4522,4565,4555,3984,4326
"Plac1",5,6,6,9,2,5,1,7
"Plac8",7,44,32,17,41,54,39,28
"Plag1",14,49,28,34,50,53,57,39
"Plagl1",7,5,14,15,6,4,6,5
"Plagl2",327,639,673,730,739,684,737,814
"Plat",4498,6845,9401,9221,7358,5639,5655,6922
"Platr14",164,271,187,242,345,330,283,219
"Platr20",2,2,0,2,3,1,2,0
"Platr22",3,6,3,6,5,11,11,3
"Platr26",0,2,2,0,1,3,7,0
"Platr5",0,0,0,1,1,0,0,2
"Platr8",0,1,0,0,3,1,2,0
"Plau",3531,5923,5270,6093,6207,5057,3871,4409
"Plaur",384,752,710,695,761,748,919,799
"Plb1",28,68,57,58,53,73,54,38
"Plbd1",7,4,10,11,9,7,7,6
"Plbd2",3414,8616,7885,6969,7948,9915,10508,9222
"Plcb1",52,121,71,104,114,121,173,201
"Plcb2",1,0,1,3,2,1,1,1
"Plcb3",3242,6314,5528,5829,6055,5989,5958,5527
"Plcb4",339,883,713,838,717,596,541,679
"Plcd1",891,1679,2012,1779,1518,1631,1734,1625
"Plcd3",878,1653,1779,1663,1692,1702,1538,1592
"Plcd4",9,21,11,15,19,22,21,25
"Plce1",0,1,3,1,1,0,0,0
"Plcg1",2084,3878,4361,3980,4018,3560,3744,3645
"Plcg2",71,162,112,124,190,156,124,124
"Plch1",0,2,2,2,0,0,0,3
"Plch2",3,14,14,7,8,8,9,11
"Plcl1",157,447,320,332,444,367,282,306
"Plcl2",230,439,394,448,485,461,453,493
"Plcxd1",17,30,31,24,24,19,28,17
"Plcxd2",50,152,164,138,147,164,191,174
"Pld1",554,1039,1032,1179,1082,1097,945,1025
"Pld2",821,1523,1493,1528,1475,1432,1623,1534
"Pld3",3817,9482,7893,7259,8415,10846,10510,8619
"Pld4",0,1,2,0,4,1,0,1
"Pld5",0,2,0,0,0,3,1,1
"Pld6",1,1,0,1,1,0,3,1
"Pldi",1,3,5,1,5,2,2,4
"Plec",14579,28901,24918,26495,29019,28014,25378,24004
"Plek",25,64,24,47,44,81,271,232
"Plek2",35,40,18,49,31,14,12,27
"Plekha1",1374,2540,2300,2729,2878,2463,2040,2718
"Plekha2",2587,4765,4987,5073,4554,4795,4943,4736
"Plekha3",1056,2153,2428,2299,2226,2553,3156,3006
"Plekha4",127,141,174,201,152,122,109,115
"Plekha5",609,1180,1091,1330,1296,1242,1328,1176
"Plekha6",239,452,368,424,495,510,468,352
"Plekha7",173,301,317,278,350,292,227,285
"Plekha8",413,769,638,854,838,831,814,862
"Plekhb1",80,106,74,100,135,109,79,73
"Plekhb2",3745,7526,7817,7195,7338,7786,8467,7703
"Plekhf1",559,1045,1070,1043,975,1108,931,849
"Plekhf2",595,960,998,1047,1186,1075,1021,1040
"Plekhg1",11,42,26,29,33,54,40,23
"Plekhg2",1161,1922,2064,2208,1904,1669,1516,1581
"Plekhg3",738,1272,1384,1360,1376,1056,1133,1207
"Plekhg4",343,376,408,548,336,148,122,267
"Plekhg5",3693,6139,6421,6484,6348,4792,4201,5499
"Plekhg6",26,43,43,60,52,50,73,73
"Plekhh1",189,368,483,357,414,423,343,331
"Plekhh2",1075,2141,2142,2406,2287,2115,1982,2134
"Plekhh3",545,933,1103,1081,879,807,846,968
"Plekhj1",682,1325,1418,1314,1375,1319,1427,1390
"Plekhm1",847,1906,1843,1635,1953,2106,2577,2395
"Plekhm2",1166,2511,2420,2110,2466,2756,3157,2662
"Plekhm3",499,1130,1002,1056,1251,1294,1363,1243
"Plekhn1",105,199,228,215,238,255,300,256
"Plekho1",1326,2949,3059,2578,2900,3237,3612,3265
"Plekho2",1449,2914,3409,3074,2750,2804,3137,2990
"Plekhs1",3,3,8,10,6,7,10,12
"Plet1",62,61,128,85,80,67,55,99
"Plet1os",1,10,8,2,4,5,9,4
"Plg",3,2,2,3,2,2,1,0
"Plgrkt",440,857,995,873,867,840,808,927
"Plin1",0,0,0,1,1,0,0,1
"Plin2",3699,8736,7458,6851,8198,9733,16238,14458
"Plin3",2487,5200,5090,4640,4850,5797,5994,4930
"Plin4",49,237,138,115,214,355,406,242
"Plin5",0,1,1,0,0,2,1,0
"Plk1",1695,2011,2177,2653,2191,1182,894,1403
"Plk2",5753,10227,7711,9435,11341,11084,10430,10026
"Plk3",270,701,460,490,731,744,1030,820
"Plk4",534,1280,698,1051,1066,615,457,780
"Plk5",0,0,6,1,1,1,3,0
"Pllp",8,14,7,11,14,13,9,12
"Pln",0,1,0,1,0,0,0,2
"Plod1",6698,13291,11146,11937,12435,13719,15009,14452
"Plod2",3994,10056,5927,8855,9319,9790,7214,8310
"Plod3",3536,6723,5962,6003,6471,7020,8129,7694
"Plp1",3,24,19,25,29,48,38,32
"Plp2",3133,4823,4422,4469,4795,4636,4800,4619
"Plrg1",1627,3125,3230,3058,2974,2772,2758,3022
"Pls1",2,10,2,5,4,11,5,3
"Pls3",7388,14463,13759,15601,15194,15719,14266,14105
"Plscr1",646,1227,1086,1154,1229,1370,1733,1526
"Plscr2",686,1020,1078,1343,1086,881,608,878
"Plscr3",1481,2489,2911,2630,2413,2384,2376,2312
"Plscr4",686,1180,1105,1391,1184,1223,1184,1251
"Pltp",1792,4493,3898,3292,4092,5832,5917,4578
"Plvap",11,39,21,20,32,28,17,18
"Plxdc1",130,396,314,233,323,495,340,257
"Plxdc2",259,582,381,495,604,886,767,607
"Plxna1",4379,8722,7979,8221,8843,8148,8852,8161
"Plxna2",862,1853,1693,1898,1996,1785,1519,1650
"Plxna3",873,1854,1609,1702,1826,1787,1663,1515
"Plxna4",23,53,47,49,74,31,31,60
"Plxnb1",505,942,927,899,949,752,723,804
"Plxnb2",11064,22023,20308,20017,21079,21064,23031,21554
"Plxnb3",57,79,82,86,85,88,55,63
"Plxnc1",8,18,20,22,22,19,14,13
"Plxnd1",3103,5559,5168,5622,5414,4940,4711,4613
"Pm20d1",1,6,9,5,6,4,8,6
"Pm20d2",7,15,22,11,19,13,16,18
"Pmaip1",1072,2204,1813,2104,2615,2799,2040,2015
"Pmch",6,7,4,5,7,3,2,4
"Pmel",12,12,26,22,18,25,23,19
"Pmepa1",10800,16332,18169,18298,18415,14423,11831,17396
"Pmf1",550,907,906,974,756,602,543,652
"Pml",2008,3353,3561,3846,3156,2760,2944,3054
"Pmm1",912,1763,1906,1767,1531,1753,1790,1852
"Pmm2",757,1476,1771,1546,1505,1370,1481,1696
"Pmp22",4194,8379,9449,9179,8359,9969,11669,10459
"Pmpca",2745,4656,5661,5168,4939,4480,4464,4610
"Pmpcb",2145,3793,4474,4048,3745,3821,3795,3932
"Pms1",123,271,201,258,225,227,190,274
"Pms2",327,541,577,631,565,443,427,509
"Pmvk",391,773,647,648,818,772,709,671
"Pnck",6,4,7,8,2,4,3,3
"Pnisr",450,1371,947,1187,1322,1328,1260,1323
"Pnkd",527,1079,1117,989,951,977,1138,1053
"Pnkp",562,989,1167,1112,1024,1031,1149,1125
"Pnldc1",5,11,6,12,6,3,6,7
"Pnliprp2",0,0,2,2,1,0,0,0
"Pnma1",28,50,48,53,57,44,44,48
"Pnma2",1,2,0,1,0,2,2,4
"Pnma5",1,1,0,2,1,2,1,1
"Pnmal1",1,1,3,2,1,0,0,0
"Pnmal2",1664,3289,3272,3040,3291,2998,2605,2436
"Pnmt",0,5,1,0,1,2,2,0
"Pnn",460,1639,1095,1461,1332,1229,1170,1291
"Pno1",1155,2096,2729,2470,2375,2263,2389,2647
"Pnp",1118,2283,2565,2226,2219,2139,2736,2611
"Pnp2",12,138,155,133,131,132,174,146
"Pnpla2",649,1261,1830,1362,1235,1522,1816,1622
"Pnpla3",0,1,2,1,0,2,3,0
"Pnpla6",480,1027,936,857,1003,1126,1259,1028
"Pnpla7",268,672,617,577,663,778,800,655
"Pnpla8",677,2227,1439,1686,1885,2402,2187,2059
"Pnpo",227,503,582,460,511,526,547,538
"Pnpt1",431,1039,856,1036,1017,966,886,921
"Pnrc1",1535,3553,3089,3152,3488,4390,5136,4666
"Pnrc2",1950,3576,3741,4263,3631,3486,3416,3972
"Poc1a",143,185,223,227,172,152,131,166
"Poc1b",444,822,798,842,896,842,822,831
"Poc5",481,875,869,937,889,845,754,881
"Podn",20,65,39,40,50,58,33,43
"Podnl1",1092,1876,1658,1816,1777,1692,1530,1620
"Podxl",63,121,63,94,125,117,148,111
"Podxl2",412,755,743,744,671,676,620,616
"Pof1b",0,1,0,0,2,1,1,0
"Pofut1",1681,3207,2999,3095,3202,3022,3029,2929
"Pofut2",4256,7954,7846,8090,7544,7384,7548,7477
"Pogk",520,1232,1053,1072,1428,1551,1678,1508
"Poglut1",1777,3537,3854,3611,3673,3665,4069,3882
"Pogz",1216,2282,2041,2303,2378,2282,2142,2201
"Pola1",332,879,380,705,590,441,330,549
"Pola2",640,1012,990,1075,992,859,832,913
"Polb",752,1557,1606,1531,1653,1556,1463,1678
"Pold1",467,724,640,791,718,494,527,593
"Pold2",748,1182,1355,1348,1149,984,990,1036
"Pold3",719,1124,1009,1242,1151,984,993,1092
"Pold4",208,230,193,191,261,269,227,236
"Poldip2",2682,4957,5813,5298,4693,4583,4849,5036
"Poldip3",3751,7060,6989,7092,6681,6308,6963,6726
"Pole",668,912,776,1120,906,441,392,729
"Pole2",354,523,487,602,495,433,380,529
"Pole3",822,1232,1396,1397,1142,1075,1110,1149
"Pole4",1028,1695,1863,1881,1772,1720,1816,2023
"Polg",1160,1966,1999,2001,1995,1697,1850,1923
"Polg2",94,153,195,189,148,164,189,181
"Polh",1149,1607,1939,1999,1650,1265,1228,1543
"Poli",186,280,301,343,304,301,299,326
"Polk",304,773,702,774,677,662,667,747
"Poll",330,608,578,584,546,562,558,519
"Polm",309,517,633,604,572,508,567,644
"Poln",4,8,11,3,8,5,6,4
"Polq",109,214,124,202,163,91,64,144
"Polr1a",1741,3259,3852,3444,3307,3000,3729,3730
"Polr1b",706,1203,1593,1366,1250,1064,1224,1330
"Polr1c",1061,1973,2033,2000,1835,1873,2076,2042
"Polr1d",1256,2038,2309,2186,2046,1953,2032,2125
"Polr1e",360,649,725,669,677,563,632,696
"Polr2a",4984,9457,8730,8920,9622,8558,9272,8964
"Polr2b",3281,5544,6212,6368,5923,5171,5355,5807
"Polr2c",1676,2900,3548,3158,2867,2740,3053,3171
"Polr2d",841,1470,1433,1489,1366,1348,1299,1307
"Polr2e",1449,2834,3454,3061,2612,2836,3199,3031
"Polr2f",831,1592,1840,1576,1530,1539,1619,1565
"Polr2g",480,1023,1203,959,975,917,1059,1075
"Polr2h",441,843,1071,883,825,812,861,948
"Polr2i",254,448,505,468,422,391,461,419
"Polr2j",687,1408,1562,1237,1329,1359,1399,1459
"Polr2k",661,1222,1312,1296,1098,1132,1146,1238
"Polr2l",518,599,785,650,608,575,633,617
"Polr2m",5668,9579,11142,11099,9713,9286,9453,10144
"Polr3a",706,1429,1479,1371,1441,1429,1618,1491
"Polr3b",1055,2097,2380,2198,2370,2204,2327,2373
"Polr3c",931,1753,1793,1678,1547,1620,1757,1681
"Polr3d",788,1541,1641,1544,1571,1545,1583,1614
"Polr3e",571,943,1141,1117,1003,1008,1097,1114
"Polr3f",549,1373,975,1256,1291,1300,1105,1214
"Polr3g",137,297,290,305,356,333,293,338
"Polr3gl",481,979,1028,929,923,956,855,938
"Polr3h",817,1424,1721,1515,1344,1368,1597,1490
"Polr3k",853,1674,1738,1809,1767,1654,1565,1798
"Polrmt",859,1568,1677,1557,1576,1449,1693,1650
"Pom121",1016,1753,1697,1756,1855,1592,1582,1614
"Pomc",1,2,2,2,0,0,1,0
"Pomgnt1",2328,4876,5454,4732,4631,4852,5146,4939
"Pomgnt2",143,387,308,274,300,398,375,344
"Pomk",658,1380,1299,1207,1352,1310,1353,1334
"Pomp",2131,4099,5106,4458,4151,3937,3700,4180
"Pomt1",547,1018,823,953,980,879,798,931
"Pomt2",922,1631,1833,1808,1599,1550,1863,1808
"Pon1",0,0,1,2,0,1,1,0
"Pon2",1343,2426,2673,2555,2432,2302,2342,2531
"Pon3",520,1042,959,998,983,978,922,950
"Pop1",309,452,603,623,497,368,412,461
"Pop4",412,576,630,695,627,563,558,623
"Pop5",290,426,561,551,403,349,363,457
"Pop7",230,424,437,421,426,393,407,438
"Popdc2",96,135,234,195,150,73,63,132
"Popdc3",3374,6656,6666,6415,7280,7578,6254,6001
"Por",2004,3987,4225,3802,3815,4083,4773,4231
"Porcn",1762,3280,4341,3248,3351,3487,3161,3610
"Postn",12286,32524,15630,20677,36918,46674,24701,23025
"Pot1a",488,884,1029,988,940,997,1062,1081
"Pot1b",137,303,294,287,278,269,270,287
"Pou2af1",37,32,43,54,35,21,13,21
"Pou2f1",215,684,341,530,525,520,439,489
"Pou2f3",1,2,1,1,2,2,2,2
"Pou3f1",0,1,0,1,1,0,0,1
"Pou3f2",0,0,1,1,0,0,0,1
"Pou4f1",22,29,45,29,40,28,21,20
"Pou6f1",595,1243,1061,1140,1201,1303,1348,1273
"Pp2d1",2,3,2,1,3,1,5,4
"Ppa1",1902,2926,3622,3467,3068,2838,2820,3119
"Ppa2",629,1045,1269,1252,1168,1130,1149,1192
"Ppan",702,1187,1287,1271,1142,1067,1077,1116
"Ppap2a",2246,4223,4982,4154,4248,4785,4172,3965
"Ppap2b",1240,2843,2709,2832,2954,3696,4172,3749
"Ppap2c",954,2341,1868,1778,2195,2391,2817,2349
"Ppapdc1b",1088,1987,1751,1871,2058,2314,2160,2088
"Ppapdc2",57,131,112,91,138,149,157,148
"Ppapdc3",230,395,565,403,416,321,265,344
"Ppara",6,7,11,8,8,7,8,4
"Ppard",929,2054,1892,1808,1902,1989,2236,2031
"Pparg",131,319,267,282,276,383,340,258
"Ppargc1a",18,55,38,35,67,48,50,43
"Ppargc1b",96,188,163,186,226,205,180,165
"Ppat",863,1393,1691,1789,1509,1165,1157,1493
"Ppbp",12,33,27,36,41,74,93,62
"Ppcdc",237,460,494,514,476,524,531,516
"Ppcs",197,437,500,402,401,411,457,518
"Ppdpf",547,757,825,757,695,780,759,797
"Ppef1",7,14,9,13,14,24,20,18
"Ppef2",8,16,14,17,16,21,21,25
"Ppfia1",1219,2263,2211,2287,2582,2461,2913,2633
"Ppfia2",1,0,0,2,0,0,0,1
"Ppfia3",53,128,107,86,100,114,109,96
"Ppfia4",743,1220,1484,1301,1202,1078,772,1074
"Ppfibp1",7207,13803,14478,16218,14911,13045,11495,13353
"Ppfibp2",13,34,72,20,52,28,16,44
"Pphln1",1401,2948,2513,3089,3246,3126,2633,2901
"Ppia",27503,42037,45919,44119,42377,37209,38130,41985
"Ppib",4117,5601,6484,6226,5374,5138,5568,5727
"Ppic",8247,13528,16873,16221,13077,11148,10250,12864
"Ppid",1819,3445,3330,3903,3705,3414,2984,3489
"Ppie",708,1363,1513,1430,1227,1200,1324,1457
"Ppif",199,314,386,374,325,291,313,316
"Ppifos",19,37,47,43,51,42,45,54
"Ppig",504,1506,1107,1164,1302,1374,1314,1497
"Ppih",258,550,595,601,562,425,428,541
"Ppil1",750,1084,1228,1230,1014,891,832,1020
"Ppil2",1723,3128,3103,3160,3196,3344,3271,3207
"Ppil3",593,1060,1350,1254,1106,975,1167,1286
"Ppil4",579,1679,1211,1448,1458,1524,1336,1441
"Ppil6",9,21,31,16,20,23,20,25
"Ppip5k1",424,785,775,749,843,882,937,835
"Ppip5k2",405,1235,820,1038,1113,1218,1164,1102
"Ppl",32,41,61,79,55,24,16,36
"Ppm1a",2746,5405,5346,5291,5747,5838,6145,5820
"Ppm1b",2264,3826,4304,4098,4144,4047,3703,3763
"Ppm1d",459,788,808,836,871,786,730,875
"Ppm1e",75,195,151,148,209,153,104,188
"Ppm1f",1549,3063,3532,3143,3008,2855,3189,3055
"Ppm1g",2773,5000,6376,5586,4971,4365,4904,5217
"Ppm1h",7,7,8,9,7,11,15,10
"Ppm1j",9,15,8,16,15,11,24,17
"Ppm1k",61,228,174,188,197,221,206,214
"Ppm1l",170,372,344,333,383,322,398,382
"Ppm1m",578,1121,1148,1131,1042,1004,1048,1065
"Ppm1n",2,2,3,2,3,0,1,1
"Ppme1",2014,3804,3226,3526,3763,3937,3776,3644
"Ppox",373,732,681,726,699,797,737,755
"Ppp1ca",9032,15047,17141,15963,14469,13321,13621,14352
"Ppp1cb",4936,10487,9010,10920,11137,11893,9964,10210
"Ppp1cc",3544,5294,5528,5259,5219,5125,5931,5713
"Ppp1r10",1433,2919,3224,2905,2927,2746,3135,3058
"Ppp1r11",1191,1777,1923,1859,1738,1595,1744,1701
"Ppp1r12a",686,1893,1133,1468,1649,1438,1250,1416
"Ppp1r12b",109,252,257,220,246,230,281,220
"Ppp1r12c",935,1548,1829,1795,1575,1528,1652,1695
"Ppp1r13b",465,851,782,793,835,693,644,727
"Ppp1r13l",778,1233,1278,1288,1209,1083,922,1183
"Ppp1r14a",11,23,23,20,22,13,8,18
"Ppp1r14b",4820,7396,8929,8076,7778,7048,6682,7024
"Ppp1r14c",1060,2074,2360,2092,1971,2206,1994,2008
"Ppp1r14d",0,0,0,0,0,1,2,3
"Ppp1r15a",965,2022,1461,1609,2084,2396,3240,2941
"Ppp1r15b",3155,6760,5905,6232,7331,7659,8140,7409
"Ppp1r16a",821,1682,1409,1412,1583,1615,1692,1498
"Ppp1r16b",0,1,2,0,0,0,2,2
"Ppp1r18",2508,4587,4746,4690,4362,3976,4303,4300
"Ppp1r1a",1,2,4,3,3,5,2,3
"Ppp1r1b",0,0,0,0,1,1,1,1
"Ppp1r1c",0,0,1,0,0,3,1,0
"Ppp1r2",2697,4005,3980,4168,4514,4418,3998,4248
"Ppp1r21",738,1420,1205,1331,1504,1463,1502,1446
"Ppp1r26",36,56,51,58,56,81,81,67
"Ppp1r27",2,37,29,6,36,33,49,60
"Ppp1r32",3,4,4,4,3,1,4,8
"Ppp1r35",327,639,729,625,606,602,572,619
"Ppp1r37",1235,2429,2433,2213,2344,2386,2429,2295
"Ppp1r3a",5,24,16,9,12,18,6,18
"Ppp1r3b",103,260,212,212,210,402,482,475
"Ppp1r3c",50,148,179,130,110,191,292,265
"Ppp1r3e",18,40,21,31,38,40,55,44
"Ppp1r3f",153,222,317,292,232,234,248,281
"Ppp1r3fos",7,5,6,12,10,6,5,5
"Ppp1r3g",1,3,2,1,1,4,5,2
"Ppp1r42",0,0,1,0,4,0,1,0
"Ppp1r7",1115,1927,1977,2160,1984,1873,1747,1840
"Ppp1r8",1318,2474,2853,2549,2507,2177,2612,2779
"Ppp1r9a",20,54,63,49,84,81,64,46
"Ppp1r9b",3492,6939,7007,6657,6721,6137,6903,6648
"Ppp2ca",7873,14708,16352,15285,15333,15361,16101,16168
"Ppp2cb",1571,2945,2813,2885,2969,2819,3000,3146
"Ppp2r1a",6822,12435,14734,13493,12071,11716,11878,12248
"Ppp2r1b",1205,2010,2205,2363,2165,1938,2163,2290
"Ppp2r2a",2205,4226,4191,4483,4421,4592,4027,4353
"Ppp2r2b",63,139,84,110,131,126,86,95
"Ppp2r2c",0,0,2,0,3,0,1,1
"Ppp2r2d",1028,1670,1839,1957,1810,1674,1622,1758
"Ppp2r3a",665,1789,1283,1413,1510,1529,1220,1370
"Ppp2r3c",772,1408,1393,1428,1481,1436,1273,1528
"Ppp2r3d",114,210,185,175,230,224,222,198
"Ppp2r4",3956,7106,7881,7632,6656,6314,6865,6804
"Ppp2r5a",991,1653,1810,1930,1824,1684,1800,1900
"Ppp2r5b",1263,2765,2442,2341,2780,2922,2881,2646
"Ppp2r5c",2456,4574,4207,4821,4946,4959,4372,4614
"Ppp2r5d",2545,4282,4880,4743,4203,3872,3762,4134
"Ppp2r5e",1493,2891,2542,3035,3134,3107,2940,3030
"Ppp3ca",1650,4484,3621,4128,3703,4185,4302,4535
"Ppp3cb",2731,5541,4892,5740,6011,5776,4849,5234
"Ppp3cc",432,803,876,867,910,892,944,934
"Ppp3r1",4170,7814,8389,8725,8529,8459,7966,8721
"Ppp3r2",0,1,1,0,1,1,0,0
"Ppp4c",1623,2829,2981,2978,2919,2479,2610,2673
"Ppp4r1",2019,3490,3392,3667,3699,3489,3711,3748
"Ppp4r1l-ps",111,219,210,229,205,251,252,219
"Ppp4r2",1857,3537,2943,3501,3794,3620,3120,3331
"Ppp4r4",2,43,17,14,34,29,27,27
"Ppp5c",1417,2424,2704,2571,2527,2411,2506,2444
"Ppp6c",1219,2277,2167,2277,2249,2251,2117,2304
"Ppp6r1",1909,3654,3852,3632,3857,3561,3767,3716
"Ppp6r2",689,1210,1260,1316,1239,1127,1186,1234
"Ppp6r3",2654,5189,4455,5561,5729,5241,4601,5067
"Pprc1",1257,2392,2404,2376,2408,2153,2313,2454
"Ppt1",3600,7143,8108,7311,6970,7773,7655,7023
"Ppt2",748,1472,1477,1396,1374,1564,1657,1603
"Pptc7",522,1163,941,1097,1292,1338,1302,1284
"Ppwd1",431,804,813,927,838,823,730,852
"Pqbp1",751,1385,1476,1435,1284,1283,1312,1318
"Pqlc1",290,506,744,566,520,490,513,627
"Pqlc2",120,294,296,231,266,328,457,369
"Pqlc3",756,1336,1466,1483,1486,1293,1357,1496
"Pradc1",209,300,284,320,253,216,216,267
"Praf2",1362,2666,2480,2493,2572,2591,2588,2599
"Pram1",9,22,22,21,10,13,18,30
"Pramef8",898,1692,1637,1616,1773,1714,1722,1729
"Pramel1",1,0,0,1,1,0,0,0
"Prc1",3276,4727,3904,5688,5184,2998,2172,3193
"Prcc",1470,2885,2828,2674,2700,2643,2628,2714
"Prcp",1158,1994,2040,2102,1937,1707,1795,1998
"Prdm1",41,127,100,111,171,249,307,295
"Prdm10",70,116,104,128,154,113,131,151
"Prdm11",20,26,16,24,31,15,27,30
"Prdm12",0,0,1,0,0,1,1,0
"Prdm15",362,684,724,745,764,623,693,703
"Prdm2",1914,3748,3299,3688,3906,3601,3414,3372
"Prdm4",1112,2040,2113,2001,2104,2222,2245,2031
"Prdm5",347,614,644,717,639,639,635,714
"Prdm8",20,64,51,46,81,92,78,57
"Prdm9",50,115,73,94,125,119,89,110
"Prdx1",11547,21023,21846,19594,20646,20792,26659,26776
"Prdx2",11454,20461,22463,21090,19126,18954,19092,19778
"Prdx3",2208,3960,4708,4178,3890,3751,3812,4064
"Prdx4",2806,6115,7582,6749,5654,6475,8311,7332
"Prdx5",3316,8010,7996,6802,7423,8512,12123,10417
"Prdx6",3529,7054,8176,6959,6877,7625,10606,10784
"Preb",2496,4665,5096,4576,4721,4933,4601,4691
"Prelid1",7802,12701,10521,11255,11835,12340,11911,11595
"Prelid2",292,675,350,459,603,816,605,557
"Prelp",7215,10962,9564,12455,9752,8760,5843,7324
"Prep",5106,8756,10390,9864,8818,8088,8309,8368
"Prepl",1803,3155,3869,3465,3376,3113,3059,3052
"Prex1",68,137,120,121,122,125,136,126
"Prex2",21,48,12,36,27,20,14,22
"Prf1",2,0,0,2,2,1,3,3
"Prg4",147,447,201,236,486,905,2974,3088
"Prickle1",807,1386,1356,1473,1429,1473,1170,1233
"Prickle2",43,108,95,99,112,135,136,114
"Prickle3",108,224,238,216,233,218,205,219
"Prickle4",0,4,4,4,3,5,5,0
"Prim1",594,906,723,1056,928,617,486,687
"Prim2",602,900,855,1007,852,652,608,788
"Primpol",103,203,164,210,216,300,232,214
"Prkaa1",1878,4858,3511,4398,4771,5189,4464,4307
"Prkaa2",184,605,473,435,533,547,424,478
"Prkab1",1046,1831,1923,1927,1756,1552,1684,1805
"Prkab2",933,1577,2314,2156,1716,1479,1331,1586
"Prkaca",9279,15454,18628,17742,14985,13694,12894,14484
"Prkacb",2385,4744,4479,5485,5263,5241,4672,4750
"Prkag1",2457,4727,5146,4739,4476,4358,4602,4701
"Prkag2",266,346,394,473,417,341,332,376
"Prkag2os1",2,1,1,2,1,1,0,0
"Prkag3",579,1133,1718,1134,1216,1106,732,1045
"Prkar1a",25101,42261,52334,49770,44465,40921,36900,41353
"Prkar1b",24,56,72,51,54,83,141,114
"Prkar2a",1404,2634,2592,2969,2908,2435,2217,2456
"Prkar2b",1398,3375,2212,3199,3363,3742,3211,2951
"Prkca",1441,2672,2246,2927,2887,2668,2672,2900
"Prkcb",9,24,6,15,33,26,24,37
"Prkcd",838,1747,1867,1736,1770,1716,1887,1824
"Prkcdbp",1724,3182,2975,3126,2819,2808,2596,2517
"Prkce",106,269,153,220,291,326,318,281
"Prkcg",19,25,48,38,20,23,24,33
"Prkch",26,43,29,42,59,43,25,31
"Prkci",1785,3398,3555,3831,3836,3868,3997,3802
"Prkcq",1,0,3,3,0,0,0,1
"Prkcsh",3376,6878,6681,6480,6684,7313,8344,7972
"Prkcz",6,14,7,9,17,14,20,16
"Prkd1",6,4,7,7,8,5,4,5
"Prkd2",302,600,692,632,629,568,607,601
"Prkd3",1836,4346,3307,4293,4475,4298,4026,4187
"Prkdc",259,1001,444,664,824,834,711,707
"Prkg1",94,292,289,231,276,256,226,277
"Prkg2",1176,2973,2076,2748,2561,2548,2405,2789
"Prkra",751,1461,1430,1467,1304,1341,1347,1369
"Prkrip1",491,795,1055,941,971,821,846,925
"Prkrir",1493,2937,3099,3493,3130,2858,2721,3087
"Prkx",586,1290,1080,1238,1518,1584,1492,1257
"Prl2c2",70,184,124,143,234,228,1670,1695
"Prl2c3",2,2,2,2,7,0,9,4
"Prl2c5",4,7,6,6,10,11,25,28
"Prl7a1",0,0,0,0,0,1,1,2
"Prl8a8",0,1,2,0,1,0,0,2
"Prmt1",4571,7802,9994,8807,7949,6843,6929,7207
"Prmt10",476,929,1126,967,988,959,1050,1025
"Prmt2",1069,2078,1936,1854,2095,2320,2311,1906
"Prmt3",1024,1822,2169,2070,1901,1881,2171,2255
"Prmt5",1885,3300,4108,3630,3153,2811,3047,3250
"Prmt6",446,742,902,890,870,749,762,802
"Prmt7",831,1449,1920,1641,1397,1232,1332,1575
"Prnp",5636,10267,12475,10950,10730,11799,12443,12626
"Prob1",130,264,270,243,301,300,231,227
"Proc",0,1,0,0,1,1,1,1
"Proca1",4,6,3,8,3,5,7,2
"Procr",98,226,158,183,227,239,374,337
"Prodh",48,98,110,96,80,63,96,110
"Prok1",1,5,2,2,0,2,0,3
"Prokr1",20,60,53,64,62,55,65,64
"Prorsd1",205,378,463,455,431,446,451,450
"Pros1",1952,3721,3505,4024,3875,4006,4285,4357
"Prosc",1320,2379,2893,2652,2399,2257,2639,2623
"Proser1",544,951,1007,1052,1049,1020,949,1027
"Proser2",118,212,180,210,243,272,271,198
"Proser3",105,214,167,188,194,188,162,196
"Prox1",26,53,29,48,39,25,18,43
"Prox2",71,112,101,132,111,129,132,113
"Proz",30,45,52,52,64,45,39,38
"Prpf18",1262,2405,2407,2601,2690,2524,2453,2687
"Prpf19",4240,7612,9318,8247,7359,6955,7682,8023
"Prpf3",859,1398,1371,1641,1556,1387,1306,1445
"Prpf31",997,1804,1962,1905,1729,1486,1645,1792
"Prpf38a",981,1772,2041,1966,1883,1624,1529,1833
"Prpf38b",1056,2809,2129,2805,2588,2616,2334,2466
"Prpf39",326,1060,623,766,957,1097,1024,994
"Prpf4",854,1453,1682,1672,1555,1357,1495,1743
"Prpf40a",853,2353,1692,1917,1850,1904,1801,2004
"Prpf40b",746,1553,1715,1606,1599,1688,1684,1580
"Prpf4b",597,1881,1230,1500,1589,1585,1540,1664
"Prpf6",2690,4918,5737,5342,5123,5185,5212,5132
"Prpf8",8790,17005,17312,17148,16525,14583,16846,16290
"Prph",23,27,22,27,34,11,7,25
"Prps1",940,1509,2011,1815,1434,1188,1297,1595
"Prps1l3",1144,2111,1950,2326,2172,2109,1823,1970
"Prps2",707,1302,1153,1460,1514,1398,1409,1490
"Prpsap1",1625,3410,3095,2955,3217,3415,3699,3311
"Prpsap2",599,1069,1031,1147,1161,1157,1133,1151
"Prr11",833,1304,990,1480,1351,670,471,854
"Prr12",774,1574,1391,1484,1580,1622,1638,1513
"Prr13",1711,3806,3219,2959,3518,3866,4083,3651
"Prr14",936,1796,2128,1929,1818,1689,1803,1880
"Prr14l",500,1285,763,1065,1205,1080,984,1045
"Prr15",11,9,20,19,11,12,4,10
"Prr15l",1,2,0,2,0,1,0,0
"Prr16",20,71,42,35,78,80,67,60
"Prr18",8,12,16,17,15,17,21,20
"Prr22",4,8,5,5,5,4,2,4
"Prr29",5,6,12,6,11,10,12,6
"Prr3",386,742,817,705,698,681,749,681
"Prr32",41,54,142,78,73,40,28,92
"Prr33",117,244,574,406,296,209,266,276
"Prr36",15,23,27,32,20,35,30,30
"Prr5",275,435,545,527,438,361,318,422
"Prr5l",24,57,41,46,46,68,46,33
"Prr7",86,96,163,173,119,49,49,104
"Prr9",23,39,2,27,26,29,32,58
"Prrc1",2429,4341,4436,4845,4417,4399,4274,4498
"Prrc2a",9583,18133,16691,17593,18093,15709,15896,16368
"Prrc2b",6619,12730,13114,13203,13386,12322,12161,12112
"Prrc2c",2964,7953,5687,7029,7666,7098,6936,6797
"Prrg1",73,235,162,172,144,186,156,184
"Prrg2",109,264,281,210,241,294,272,276
"Prrg4",87,258,145,157,248,255,273,157
"Prrt2",30,50,67,83,62,33,44,69
"Prrt3",14,31,31,27,24,24,30,37
"Prrt4",56,126,107,91,127,162,124,107
"Prrx1",3166,9340,6122,7967,8852,11738,9707,7536
"Prrx2",1192,1999,2598,2375,1784,1817,1789,1813
"Prss12",67,83,93,117,67,72,51,49
"Prss16",11,17,11,20,12,7,6,8
"Prss2",0,5,0,0,5,2,4,14
"Prss22",6,7,4,5,8,3,3,7
"Prss23",5447,8327,11435,11651,8581,6723,6146,8470
"Prss27",1,4,6,0,8,5,3,4
"Prss30",0,1,0,1,0,0,0,1
"Prss32",1,4,2,3,5,0,1,0
"Prss35",45,97,100,106,109,55,52,95
"Prss36",106,235,222,191,197,220,209,198
"Prss41",3,2,2,4,4,2,2,2
"Prss42",0,0,1,0,1,1,0,0
"Prss43",0,0,3,0,0,1,1,1
"Prss45",6,1,5,10,3,0,1,3
"Prss46",92,191,143,141,170,140,131,187
"Prss50",2,2,4,5,2,3,3,6
"Prss53",45,64,92,86,87,84,67,73
"Prss56",2,5,3,5,2,3,3,4
"Prss57",0,3,0,0,0,0,1,5
"Prss8",0,4,0,0,1,2,0,0
"Prtg",26,82,88,91,112,96,114,90
"Prtn3",3,11,3,8,10,23,27,15
"Prune",1759,3448,4084,3333,3469,3321,3456,3742
"Prune2",4705,10157,7710,9387,10881,10649,9499,8594
"Prx",185,257,323,333,276,217,218,270
"Psap",34566,82297,69357,65064,76982,92395,105943,86355
"Psat1",4175,9850,9718,7984,10092,11444,12837,11631
"Psca",1,1,1,1,1,2,6,4
"Psd",347,577,642,593,597,580,552,547
"Psd2",1,7,5,2,2,3,4,1
"Psd3",208,703,376,466,636,681,500,415
"Psd4",4,11,7,12,11,12,20,14
"Psen1",1912,4054,4065,3817,3806,4176,4511,4199
"Psen2",436,934,1072,849,875,1134,1304,1026
"Psenen",846,1514,1564,1376,1399,1597,1726,1667
"Psg17",4,12,6,6,5,1,0,4
"Psg18",0,1,1,1,0,1,1,0
"Psg22",0,1,1,0,1,0,1,0
"Psg26",8,13,11,12,7,12,8,10
"Psg28",23,47,41,25,41,51,26,35
"Psip1",1309,3326,2357,3075,2773,2541,2207,2504
"Pskh1",797,1654,1485,1515,1600,1748,1928,1656
"Psma1",2089,3697,4428,4037,3643,3513,3268,3763
"Psma2",3589,6544,8386,7102,6580,6006,6022,6595
"Psma3",3931,7197,8742,8235,7441,6582,6694,7426
"Psma4",2869,4403,5746,5196,4737,4310,4452,4936
"Psma5",3891,6934,8343,7316,7104,6725,6522,7085
"Psma6",3766,7136,8884,7416,7096,6683,6649,7353
"Psma7",2759,5259,6446,5702,5189,4694,5024,5524
"Psmb1",4474,8428,10016,8731,8245,8252,8370,8803
"Psmb10",298,442,473,494,385,360,359,372
"Psmb11",0,0,4,2,0,1,1,1
"Psmb2",2137,3881,4847,4218,3776,3566,3573,3948
"Psmb3",3315,5725,7689,6332,5659,5234,5402,5814
"Psmb4",4010,7484,9075,8074,7135,6668,7113,7398
"Psmb5",1609,2222,2742,2337,2267,1955,2047,2093
"Psmb6",2937,5272,6427,5894,5112,4957,4922,4987
"Psmb7",3218,5904,7687,6514,6017,5404,5263,5886
"Psmb8",37,63,79,62,55,35,44,45
"Psmb9",7,6,6,14,4,5,5,6
"Psmc1",4898,8671,10948,9730,9123,8655,8833,9122
"Psmc2",3900,6809,8785,7751,7197,6501,6434,7068
"Psmc3",8207,14708,19903,16523,14661,12843,13098,14527
"Psmc3ip",149,204,228,256,197,138,142,195
"Psmc4",2503,4475,5513,4811,4327,4242,4343,4552
"Psmc5",3373,6126,8133,6486,6008,5546,5573,6041
"Psmc6",3070,6900,6449,6879,6725,7394,6164,7054
"Psmd1",5686,10300,12767,12313,11211,10495,10424,11070
"Psmd10",1045,1822,2105,2082,1978,1864,1869,1976
"Psmd11",2502,4320,5180,4874,4582,4070,4400,4759
"Psmd12",3196,5548,6665,6332,6144,5605,5217,5846
"Psmd13",2671,4719,5798,5158,4726,4272,4426,4829
"Psmd14",2965,4980,6548,6149,5641,5300,5032,5705
"Psmd2",9965,19000,21616,19173,18555,18275,20774,20077
"Psmd3",4165,7480,8967,8026,7327,6945,7225,7264
"Psmd4",3893,7401,8916,7572,7367,7092,7497,7712
"Psmd5",1963,3364,4655,4172,3743,3396,3658,4001
"Psmd6",3340,5903,7627,6839,6085,5786,5690,6286
"Psmd7",3625,6933,7947,7119,6751,6702,6831,6933
"Psmd8",4465,11037,10744,8771,10415,12267,13822,12036
"Psmd9",795,1531,1684,1491,1444,1464,1562,1411
"Psme1",1206,2196,2216,2244,2199,2077,2171,2054
"Psme2",1659,2750,3147,3237,2773,2425,2535,2681
"Psme2b",14,24,20,17,22,17,20,17
"Psme3",3382,6057,7335,6744,6379,5857,6429,6719
"Psme4",1923,5668,3970,4598,5257,5950,4821,5048
"Psmf1",869,1625,1825,1677,1687,1681,1856,1788
"Psmg1",443,834,1031,930,781,742,794,944
"Psmg2",683,1177,1436,1373,1232,1168,1232,1369
"Psmg3",343,626,747,662,577,585,596,650
"Psmg4",190,293,376,339,307,305,375,358
"Psors1c2",0,2,0,0,4,2,0,3
"Pspc1",820,1439,1685,1761,1660,1483,1607,1605
"Psph",538,1288,1343,1038,1378,1565,1808,1599
"Pspn",4,8,16,5,5,14,14,14
"Psrc1",537,698,1098,1096,726,514,621,755
"Pstk",288,526,528,566,531,509,451,534
"Pstpip1",256,346,576,385,379,254,182,344
"Pstpip2",778,1470,1328,1407,1538,1525,1239,1239
"Ptafr",5,10,3,4,9,10,9,7
"Ptar1",60,144,94,108,129,109,83,78
"Ptbp1",5345,8132,8676,8679,8182,6977,7789,8382
"Ptbp2",731,1565,1611,1792,1619,1670,1574,1646
"Ptbp3",1272,4182,2081,2873,3476,3560,3210,3224
"Ptcd1",527,933,1048,910,951,963,1138,1067
"Ptcd2",863,1619,1762,1607,1728,1580,1533,1580
"Ptcd3",1364,2358,2623,2609,2528,2280,2000,2393
"Ptch1",196,425,406,456,495,379,558,484
"Ptch2",10,14,21,17,15,13,21,26
"Ptchd1",2,3,0,2,3,2,2,2
"Ptchd2",0,2,2,3,1,1,5,5
"Ptchd4",6,12,2,6,5,4,4,4
"Ptcra",0,3,0,0,0,2,1,0
"Ptdss1",1679,3083,3108,2807,2951,3129,3090,2997
"Ptdss2",691,1393,1424,1290,1354,1357,1404,1422
"Pten",1498,3706,2467,3328,3134,3461,3036,3169
"Pter",291,460,491,536,469,469,404,512
"Ptgdr",0,0,2,0,3,4,6,1
"Ptgdr2",2,5,3,1,4,5,1,4
"Ptgds",57,88,135,89,92,82,51,74
"Ptger1",1214,1889,1744,1749,2001,1944,1922,1902
"Ptger2",2,7,8,5,5,0,5,5
"Ptger3",5,7,2,7,3,5,2,3
"Ptger4",438,963,716,923,1031,1331,1144,928
"Ptges",13,60,36,32,73,81,119,73
"Ptges2",619,1210,1417,1173,1244,1212,1399,1342
"Ptges3",5405,8845,9552,9374,9092,8481,8182,8854
"Ptges3l",367,659,921,690,677,586,509,618
"Ptgfr",742,2121,1497,1952,1961,2523,3326,2681
"Ptgfrn",18525,33695,37555,36440,33921,29541,30623,30876
"Ptgir",155,381,353,348,401,425,534,445
"Ptgis",3388,6543,6494,6325,6000,6624,5448,4591
"Ptgr1",2434,5037,4603,4661,4906,5085,5969,5218
"Ptgr2",1391,2594,2801,2842,2764,2872,2460,2688
"Ptgs1",3056,6725,8247,6882,6621,7541,11101,9681
"Ptgs2",526,1255,514,880,1228,1392,3073,3118
"Ptgs2os",14,17,9,28,15,15,17,12
"Ptgs2os2",20,39,28,33,38,31,75,51
"Pth1r",75,93,170,120,128,49,43,97
"Pth2r",0,0,1,0,0,1,1,1
"Pthlh",15,25,27,30,17,4,1,11
"Ptk2",2200,4052,3845,4346,4403,4424,4535,4277
"Ptk2b",724,1323,1389,1406,1277,1140,1392,1367
"Ptk7",2529,4268,5216,5063,4167,3781,4118,4241
"Ptma",15415,22443,21962,25061,24907,22602,23927,24930
"Ptms",9078,15350,16723,17192,14807,13012,12359,13517
"Ptn",259,259,204,401,201,40,28,101
"Ptov1",2460,4223,4612,4562,4085,4296,4082,3859
"Ptp4a1",175,382,305,379,389,444,344,422
"Ptp4a2",7854,16167,15315,16336,16889,18389,15532,16048
"Ptp4a3",1637,2954,2986,2941,2921,2870,2891,2943
"Ptpdc1",530,960,842,992,1065,965,926,1016
"Ptpmt1",554,1060,1183,1070,999,942,1100,1085
"Ptpn1",2531,4984,4973,4985,4657,4547,4793,4433
"Ptpn11",5939,11068,12350,11574,11771,10311,11250,11205
"Ptpn12",1709,4046,3341,3845,4233,4228,3892,4026
"Ptpn13",982,2073,1811,2029,2065,1962,1989,2024
"Ptpn14",2694,4898,4659,4994,5015,3927,4411,4829
"Ptpn18",3,0,1,3,1,0,0,0
"Ptpn2",662,1434,1077,1380,1490,1596,1589,1736
"Ptpn21",1648,3185,3509,3241,3321,3272,3162,3189
"Ptpn22",128,255,226,280,276,294,277,263
"Ptpn23",1919,4231,3580,3611,4069,4110,4449,4127
"Ptpn3",421,958,983,921,1099,1028,1147,1183
"Ptpn4",50,183,133,136,160,148,133,166
"Ptpn5",10,16,27,29,24,16,29,30
"Ptpn6",62,118,95,113,106,86,82,94
"Ptpn7",4,4,8,11,1,1,2,4
"Ptpn9",2026,3383,3436,3572,3773,3723,4059,3907
"Ptpra",3327,6052,5732,5659,6210,6699,6971,6279
"Ptprb",15,29,24,23,38,34,25,25
"Ptprc",0,1,1,0,1,0,1,0
"Ptprcap",5,10,10,8,6,3,8,6
"Ptprd",414,1076,710,912,1003,1006,758,687
"Ptpre",250,414,368,477,531,509,481,463
"Ptprf",1806,3021,3235,3324,3070,2650,2751,3168
"Ptprg",882,2322,1652,1807,2319,2506,2470,2236
"Ptprj",387,678,611,785,715,657,735,637
"Ptprk",2043,4805,4025,4178,4998,5942,7383,6590
"Ptprm",468,1008,855,911,1171,1298,1723,1514
"Ptprn",17,26,29,25,28,24,20,16
"Ptprn2",44,82,110,90,109,79,75,83
"Ptprq",9,22,11,20,14,23,10,17
"Ptprr",35,61,72,73,86,95,84,58
"Ptprs",5734,12195,9459,10492,12188,12306,12733,11331
"Ptprt",0,1,1,0,0,0,0,1
"Ptpru",4,9,8,8,9,14,21,23
"Ptprv",216,286,318,405,201,174,150,155
"Ptprz1",0,0,0,0,0,1,1,1
"Ptrf",12784,21354,24141,24521,20349,18341,16965,17870
"Ptrh1",277,695,635,488,617,872,1317,1098
"Ptrh2",535,958,1072,1048,993,990,1113,1016
"Ptrhd1",155,214,230,238,229,253,263,228
"Pts",438,898,1016,928,887,917,895,937
"Pttg1",952,1247,1497,1648,1246,700,583,910
"Pttg1ip",7495,15321,16288,14675,15045,16301,17583,16255
"Ptx3",390,1094,399,638,998,1569,2530,2390
"Puf60",4274,7725,8518,7933,7366,7063,7179,7506
"Pum1",2410,4709,4555,4910,5096,4975,5026,4943
"Pum2",2050,6221,3996,5010,5235,5794,5398,5488
"Pura",94,241,182,204,229,181,195,233
"Purb",5176,14435,9717,11967,12191,12367,10249,10022
"Purg",108,244,241,217,227,253,271,264
"Pus1",683,1174,1319,1272,1123,1235,1378,1345
"Pus10",401,949,778,966,918,988,865,939
"Pus3",181,417,441,441,459,403,386,456
"Pus7",1070,1781,2341,2336,2057,1967,2071,2176
"Pus7l",317,543,570,612,506,473,454,533
"Pusl1",193,319,404,378,304,333,401,437
"Pvalb",51,76,113,85,90,43,23,73
"Pvr",997,2159,1937,1880,2401,2847,3381,2950
"Pvrl1",345,653,575,629,677,734,805,758
"Pvrl2",779,1570,1594,1437,1498,1678,2060,1819
"Pvrl3",534,1112,766,1009,1152,1100,915,1014
"Pvrl4",5,22,12,14,14,13,10,13
"Pvt1",214,412,516,534,422,425,598,654
"Pwp1",1530,2615,2977,2878,2747,2506,2568,2873
"Pwp2",855,1622,1802,1617,1586,1438,1792,1806
"Pwwp2a",263,531,400,567,488,545,473,525
"Pwwp2b",345,594,587,602,540,538,567,580
"Pxdc1",541,1049,786,991,1051,1281,1178,952
"Pxdn",8889,13377,12792,14947,13318,8988,8091,12028
"Pxk",1153,2033,2197,2333,2371,2180,1997,2166
"Pxmp2",33,46,62,52,45,44,41,49
"Pxmp4",380,688,761,682,661,601,569,544
"Pxn",2424,4336,4496,4317,4569,4261,4164,4207
"Pxylp1",1606,2769,2972,3154,2691,2436,2720,2859
"Pycard",3,1,5,5,0,0,2,2
"Pycr1",381,612,544,628,571,571,510,615
"Pycr2",977,1752,2288,1953,1772,1606,1834,1920
"Pycrl",553,973,1080,1038,933,895,912,907
"Pydc3",0,2,0,0,2,0,0,1
"Pygb",1908,3800,4009,3824,3453,3289,3918,3690
"Pygl",20,75,79,73,74,81,104,111
"Pygm",1395,2307,4159,2789,2430,2003,1530,2127
"Pygo1",45,90,82,92,97,70,72,68
"Pygo2",1965,3711,3966,3825,3505,3443,3486,3526
"Pyroxd1",237,390,344,399,416,421,359,426
"Pyroxd2",25,46,51,53,46,52,46,34
"Pyurf",172,420,490,432,465,488,498,522
"Pzp",1,2,3,3,3,8,6,3
"Qars",2676,5276,5701,5143,5248,5295,5744,5430
"Qdpr",679,1487,1445,1320,1348,1469,1454,1297
"Qk",3896,11418,7560,9255,9946,10215,8338,8653
"Qpct",218,427,504,450,419,530,360,440
"Qpctl",378,633,748,683,668,654,762,689
"Qprt",0,9,6,2,6,6,8,14
"Qrfp",89,139,245,176,134,134,125,179
"Qrfpr",0,0,0,0,0,1,2,2
"Qrich1",2403,4372,4761,4708,4795,4766,4637,4842
"Qrich2",1,2,3,1,1,1,2,1
"Qrsl1",234,445,528,472,397,385,422,524
"Qser1",638,2098,1095,1429,1762,1806,1596,1598
"Qsox1",6843,14414,15420,13943,13984,14293,16358,15612
"Qsox2",900,1596,1834,1761,1797,1770,2148,2057
"Qtrt1",232,421,484,457,420,415,515,557
"Qtrtd1",450,743,787,932,883,731,856,1007
"R3hcc1",861,1553,1668,1597,1591,1414,1556,1632
"R3hcc1l",466,810,820,921,887,964,929,967
"R3hdm1",1135,2498,1860,2447,2540,2571,2220,2307
"R3hdm2",2619,5349,4336,4953,5408,5897,5468,4972
"R3hdm4",2126,4144,4411,4037,3985,4157,3915,3986
"R3hdml",1013,1411,1804,1533,1389,1069,586,1113
"R74862",51,98,85,110,95,113,115,94
"Rab1",5832,11292,11124,12005,11569,11511,10407,11190
"Rab10",4577,9840,8308,10050,10221,10392,8771,8967
"Rab10os",88,181,165,146,160,190,238,180
"Rab11a",2492,4700,4791,4811,4759,4753,4831,4956
"Rab11b",2980,4821,5360,4921,4773,4898,5110,4931
"Rab11fip1",239,504,452,401,533,549,536,524
"Rab11fip2",140,498,232,324,433,441,399,433
"Rab11fip3",1173,2229,2175,2236,2244,2311,2412,2428
"Rab11fip4",0,1,1,0,1,0,0,0
"Rab11fip5",2256,4637,4364,4176,4300,4626,5346,4898
"Rab12",2623,4907,5640,5350,5103,5264,5232,5472
"Rab13",675,1264,1237,1304,1257,1118,1140,1061
"Rab14",5086,9309,10036,10411,10035,9876,9034,9639
"Rab15",11,23,32,28,30,23,22,30
"Rab17",1,1,0,2,1,4,4,0
"Rab18",4693,8751,9684,9945,9363,9678,9518,9920
"Rab1b",4101,7452,7829,7252,6996,6768,6637,6881
"Rab20",49,121,91,69,122,140,196,163
"Rab21",1977,3714,3956,4028,3985,3795,3979,4193
"Rab22a",916,1705,1842,1630,1778,1816,1902,1716
"Rab23",1113,2086,1903,2231,2277,2012,2115,2397
"Rab24",967,2113,2006,1896,2068,2261,2232,2131
"Rab25",1,2,4,1,1,2,1,1
"Rab26",1,5,8,11,6,5,4,4
"Rab26os",10,19,50,38,15,25,25,30
"Rab27a",47,69,69,100,70,52,42,48
"Rab27b",153,448,305,345,379,390,351,374
"Rab28",1112,2234,2228,2098,2190,2014,2160,2205
"Rab29",148,265,253,247,256,275,298,261
"Rab2a",6167,10834,12191,12053,11607,11732,11788,11928
"Rab2b",673,1165,1192,1293,1167,1295,1361,1283
"Rab30",87,190,245,223,210,199,183,196
"Rab31",6762,12516,13483,12740,12065,11780,12628,12360
"Rab32",557,1235,1013,1016,1190,1451,1563,1315
"Rab33a",3,14,12,10,13,15,17,20
"Rab33b",793,1587,1405,1636,1735,1843,1570,1658
"Rab34",2357,4430,4590,4439,4392,4380,4781,4466
"Rab35",1594,3151,3179,3076,3077,3044,3198,3234
"Rab36",71,189,191,153,163,215,214,179
"Rab37",1,2,2,1,1,1,0,2
"Rab38",222,280,328,348,285,177,128,267
"Rab39",0,0,1,0,0,1,3,1
"Rab39b",9,16,12,25,18,24,34,43
"Rab3a",387,790,867,721,716,742,719,724
"Rab3b",17,32,28,34,36,21,31,37
"Rab3d",956,1861,1787,1722,1667,1810,1870,1725
"Rab3gap1",1732,3382,3632,3560,3683,3575,3798,3686
"Rab3gap2",2175,4663,4515,4502,4901,5164,5447,5052
"Rab3il1",334,718,865,715,694,679,610,552
"Rab3ip",857,1431,1526,1482,1430,1517,1451,1399
"Rab40b",419,656,838,735,795,764,594,773
"Rab40c",613,1226,1377,1251,1192,1265,1393,1368
"Rab42",3,4,12,13,9,9,13,7
"Rab43",1124,2489,2306,2173,2375,2637,3038,2602
"Rab44",100,167,223,187,186,172,110,146
"Rab4a",341,615,723,631,605,644,618,629
"Rab4b",577,1298,1187,1138,1178,1354,1499,1373
"Rab5a",1795,3605,3150,3645,4088,4348,3892,3928
"Rab5b",4305,7675,7708,7225,7874,7945,8641,7551
"Rab5c",3439,6576,6804,6657,6377,5966,6568,6286
"Rab6a",3414,6528,5412,6629,7161,7597,6309,6277
"Rab6b",64,115,79,108,149,102,117,132
"Rab7",8206,15264,17076,15992,16387,18128,18440,17955
"Rab7b",464,1009,1134,1012,998,1080,1362,1169
"Rab8a",1901,3603,3902,3602,3509,3471,3699,3697
"Rab8b",623,1467,1061,1473,1470,1424,1261,1403
"Rab9",902,1790,1878,1955,2035,2216,2354,2217
"Rab9b",1,0,3,1,0,0,0,0
"Rabac1",1950,4544,4250,3684,4226,5009,5810,5321
"Rabep1",986,3202,2069,2434,2622,3080,2756,2576
"Rabep2",439,898,752,770,913,917,865,759
"Rabepk",463,771,939,888,764,743,757,808
"Rabgap1",1800,3576,3449,3829,3941,4120,3971,3849
"Rabgap1l",584,1408,1013,1217,1284,1373,1254,1301
"Rabgef1",1198,2075,2382,2441,2236,2180,2190,2200
"Rabggta",527,1087,981,972,1024,1055,1189,1175
"Rabggtb",1639,2966,3600,3389,3245,3064,3574,3820
"Rabif",707,1453,1344,1360,1401,1562,1573,1521
"Rabl2",336,634,556,579,651,728,683,601
"Rabl3",327,526,639,591,576,475,463,519
"Rabl6",2713,4782,4940,5013,4950,4754,4447,4574
"Rac1",9533,16437,17772,18601,17397,17063,15958,16570
"Rac2",1,0,0,2,0,1,1,0
"Rac3",170,361,282,332,317,315,370,320
"Racgap1",4572,6275,6507,7812,6228,3675,3058,4393
"Rad1",457,834,894,893,812,767,880,897
"Rad17",493,1159,939,1127,1147,1224,1071,1110
"Rad18",279,455,394,514,435,314,291,359
"Rad21",7690,13567,12095,15454,14751,12780,11019,12564
"Rad23a",2761,4864,5575,5308,4846,4745,5219,5500
"Rad23b",7262,13492,14243,13570,13865,13363,13965,13598
"Rad50",336,952,661,733,769,811,810,906
"Rad51",633,797,757,1033,768,455,361,591
"Rad51ap1",249,325,285,416,323,170,117,241
"Rad51b",94,146,127,157,164,116,90,93
"Rad51c",202,305,253,357,293,241,204,260
"Rad51d",428,832,814,785,775,803,783,748
"Rad52",347,705,664,634,673,754,794,814
"Rad54b",182,282,233,314,294,204,133,207
"Rad54l",241,285,265,346,300,176,143,212
"Rad54l2",1031,1974,1907,2026,2045,1858,2070,1973
"Rad9a",592,1012,1240,1112,1041,1001,1108,1147
"Rad9b",28,65,57,55,60,63,52,50
"Radil",124,222,205,234,188,207,209,213
"Rae1",1288,2500,2703,2553,2410,2487,2723,2644
"Raet1a",29,51,25,32,59,35,45,53
"Raet1d",31,48,41,43,57,37,41,37
"Raet1e",57,64,56,69,63,54,52,55
"Raf1",2816,5402,5943,5349,5493,5446,6118,5958
"Rai1",1206,2199,2138,2306,2260,2079,2129,2269
"Rai14",3081,6065,4491,5654,7002,7210,6713,5893
"Rai2",12,7,22,15,16,2,2,24
"Rala",1666,3349,2951,3510,3700,3701,3209,3379
"Ralb",2102,3867,4122,4018,3874,3690,3507,3559
"Ralbp1",1495,3341,2737,3315,3633,3945,3736,3448
"Ralgapa1",518,1676,937,1191,1341,1446,1208,1228
"Ralgapa2",279,620,470,518,723,651,589,587
"Ralgapb",1774,3947,3076,3682,4427,4261,4158,4156
"Ralgds",1615,3581,3611,3384,3441,4091,4583,3601
"Ralgps1",119,220,146,194,242,297,270,261
"Ralgps2",421,990,763,920,1000,943,764,764
"Raly",5977,9980,11923,11437,9762,8612,8330,9411
"Ramp1",37,66,95,75,58,68,54,45
"Ramp2",80,93,123,126,93,91,71,84
"Ramp3",17,24,45,26,22,12,23,34
"Ran",9917,14913,17981,16828,14803,12258,13246,14737
"Ranbp1",2966,4690,5676,5608,4801,3699,4124,4673
"Ranbp10",1021,2111,2055,1898,2207,2152,2117,2027
"Ranbp2",1360,4536,2444,2865,3380,3670,3312,3557
"Ranbp3",1865,3417,3563,3446,3335,3064,3161,3231
"Ranbp3l",198,596,442,557,492,548,567,499
"Ranbp6",312,867,645,811,698,777,730,855
"Ranbp9",1765,3530,3210,3510,3895,4259,4168,4204
"Rangap1",4207,6109,7257,7406,5790,4397,4615,5531
"Rangrf",271,399,465,388,387,362,386,417
"Rap1a",1359,2819,2443,2950,3070,2981,2509,2727
"Rap1b",5468,10421,10721,10735,10894,11155,11537,11159
"Rap1gap",84,158,182,141,177,131,175,199
"Rap1gap2",2119,3348,4832,3852,3634,2756,2531,3623
"Rap1gds1",2193,3936,4170,4441,3998,3795,3689,3967
"Rap2a",767,1523,1511,1577,1706,1677,1782,1850
"Rap2b",1033,1966,1683,1915,1971,1804,1604,1521
"Rap2c",826,2192,1312,1845,2006,2087,1659,1894
"Rapgef1",3963,8024,7752,7239,7824,7949,8180,7695
"Rapgef2",791,1591,1405,1596,1698,1641,1645,1534
"Rapgef3",159,308,260,295,268,303,256,192
"Rapgef4",15,35,18,29,27,12,8,18
"Rapgef6",435,1387,707,992,1166,1147,1061,1046
"Rapgefl1",162,284,313,312,288,258,227,261
"Raph1",1170,3156,2010,2402,3132,3571,3157,2821
"Rapsn",1979,3962,3966,3562,3667,3990,3450,3205
"Rara",1264,2331,2341,2397,2304,2539,2380,2287
"Rarb",17,15,22,29,24,30,25,22
"Rarg",2812,6012,6237,5839,5867,6613,7872,6752
"Rarres1",2,6,6,7,1,3,4,7
"Rarres2",82,162,183,150,142,132,194,177
"Rars",2903,5304,5940,5814,5592,5470,5578,5998
"Rars2",438,918,1019,984,968,954,869,1027
"Rasa1",1397,4062,2125,2991,3085,3203,2793,3095
"Rasa2",233,632,440,553,613,700,697,697
"Rasa3",3689,8260,8298,7540,7937,8957,11759,9996
"Rasa4",1061,2023,2051,2018,2027,2137,2182,1959
"Rasal2",858,2200,1325,1914,2139,2075,1672,1773
"Rasd1",5,2,3,7,3,2,3,3
"Rasgef1a",3,2,6,4,8,4,15,11
"Rasgef1b",5,6,4,7,10,14,14,4
"Rasgrf1",0,2,2,4,0,0,0,0
"Rasgrf2",2,5,4,4,2,2,4,2
"Rasgrp2",7,5,6,11,6,3,2,10
"Rasgrp3",8,18,20,16,19,19,8,13
"Rasgrp4",20,27,34,24,23,36,37,24
"Rasip1",2,15,8,7,11,4,5,11
"Rasl10a",41,47,29,57,57,49,40,37
"Rasl10b",7,9,7,10,6,4,6,7
"Rasl11a",48,276,178,181,266,568,1237,1058
"Rasl11b",41,124,132,94,108,139,90,73
"Rasl12",446,796,1228,966,860,804,974,1022
"Rassf1",1230,2191,2790,2471,2284,2261,2913,2923
"Rassf2",365,677,869,803,617,627,762,639
"Rassf3",1637,2825,3416,3084,3148,2875,2418,2636
"Rassf4",186,331,295,301,350,429,381,266
"Rassf5",546,981,1035,1039,989,1083,1386,1376
"Rassf6",5,11,6,8,8,6,5,13
"Rassf7",451,769,929,793,867,779,647,709
"Rassf8",216,502,424,494,485,435,479,477
"Raver1",992,1604,1604,1712,1517,1528,1522,1589
"Raver2",9,9,6,9,8,11,7,12
"Rax",4,6,3,5,4,4,4,2
"Rb1",1008,2730,1922,2373,2562,2401,1831,2188
"Rb1cc1",459,1420,926,948,1301,1620,1580,1626
"Rbak",255,475,553,537,493,549,547,574
"Rbbp4",10948,18955,22199,20822,18905,17187,16853,17914
"Rbbp5",1118,2169,2339,2172,2086,1920,2081,2134
"Rbbp6",715,1922,1290,1603,1834,1774,1629,1701
"Rbbp7",6245,9895,12524,12184,10360,8570,8762,9879
"Rbbp8",327,834,412,659,712,686,573,638
"Rbbp9",732,1422,1624,1580,1560,1645,1717,1702
"Rbck1",1122,2240,2086,2104,2122,2155,2248,2126
"Rbfa",254,455,495,444,458,422,451,465
"Rbfox1",60,116,169,140,145,117,85,125
"Rbfox2",10267,18578,23029,22098,19583,16178,15769,17412
"Rbks",11,49,37,29,45,55,60,35
"Rbl1",712,1326,891,1394,1200,825,700,1017
"Rbl2",2228,4444,4359,4613,4879,5363,5319,4983
"Rbm10",1478,2638,2748,2767,2597,2379,2394,2607
"Rbm11",6,7,5,8,12,5,5,7
"Rbm12",954,1671,1466,1845,1795,1575,1278,1415
"Rbm12b1",48,108,66,127,78,105,82,116
"Rbm12b2",170,428,288,394,399,427,360,412
"Rbm14",864,1472,1755,1638,1382,1264,1204,1343
"Rbm15",314,575,444,524,561,526,478,466
"Rbm15b",984,1852,1667,1745,1711,1771,1934,1738
"Rbm17",1685,3071,3174,3211,3156,2972,2900,3046
"Rbm18",1388,2363,2629,2776,2668,2647,2332,2674
"Rbm19",539,1054,1067,944,1099,1034,1263,1117
"Rbm20",2182,4257,4295,4303,4529,4335,4179,4073
"Rbm22",1363,2560,2340,2502,2406,2416,2462,2477
"Rbm24",2691,4399,6370,5559,4938,4644,3290,3968
"Rbm25",982,2753,2020,2312,2423,2327,2139,2442
"Rbm26",376,1000,690,814,842,866,832,808
"Rbm27",403,1118,700,954,957,893,858,912
"Rbm28",1396,2775,3216,3190,3030,2797,3088,3199
"Rbm3",5656,7054,10158,8870,7670,6685,8118,8665
"Rbm33",1200,2385,2217,2427,2733,2554,2572,2473
"Rbm34",409,921,722,844,978,988,910,842
"Rbm38",585,997,1051,910,1050,949,746,927
"Rbm39",3229,7702,5289,7080,7349,7696,6811,7340
"Rbm3os",7,15,13,12,21,21,14,16
"Rbm4",38,43,48,54,54,45,50,49
"Rbm41",140,434,331,318,371,380,399,459
"Rbm42",1303,2439,2639,2481,2459,2382,2471,2512
"Rbm43",133,210,188,238,187,164,148,187
"Rbm44",1,3,0,1,0,2,0,2
"Rbm45",848,1460,1548,1554,1510,1441,1479,1704
"Rbm47",31,58,49,70,97,100,90,62
"Rbm48",147,248,190,252,273,287,266,267
"Rbm4b",207,354,325,327,331,305,326,333
"Rbm5",2052,3835,3950,4200,4093,3833,3746,3862
"Rbm6",1105,2558,1939,2437,2472,2376,2201,2352
"Rbm7",1050,2029,2129,2387,2231,2480,2466,2585
"Rbm8a",1972,3432,4176,3806,3532,3218,3243,3459
"Rbms1",922,2410,1631,2032,2105,2116,1955,1935
"Rbms2",2747,5154,5264,5202,5280,5307,5153,5207
"Rbms3",464,1330,828,988,1086,1324,1123,1093
"Rbmx",581,1028,1300,1298,980,826,763,941
"Rbmx2",199,297,324,360,331,305,298,316
"Rbmxl1",1612,1775,2258,2344,1930,1642,1770,2003
"Rbp1",332,603,634,652,500,523,549,456
"Rbp3",0,0,0,0,0,1,1,1
"Rbp4",67,79,176,166,75,69,119,134
"Rbp7",1,1,2,1,2,1,0,3
"Rbpj",1146,2546,2027,2424,2729,3155,3623,3286
"Rbpms",211,449,374,437,507,622,723,592
"Rbpms2",550,857,1065,981,847,799,777,830
"Rbsn",1253,2382,2291,2356,2528,2455,2449,2500
"Rbx1",2862,5526,6757,5848,5442,5116,5600,6054
"Rc3h1",678,2045,1117,1563,1754,1986,1618,1613
"Rc3h2",673,2154,1157,1609,1836,1983,1524,1721
"Rcan1",698,1305,1559,1387,1297,1315,1411,1370
"Rcan2",637,2089,1338,1408,2271,3222,2623,1808
"Rcan3",898,1543,1616,1690,1627,1521,1499,1538
"Rcbtb1",1043,1923,1902,2077,2012,1983,2078,2249
"Rcbtb2",917,1666,1656,1699,1567,1517,1369,1436
"Rcc1",1080,1756,1953,1953,1714,1261,1460,1698
"Rcc2",5208,10643,11609,10688,10535,10588,13572,12480
"Rccd1",144,253,300,309,279,242,226,299
"Rce1",514,967,975,961,987,920,1012,1036
"Rchy1",1014,1848,1952,1953,1837,1880,1999,2016
"Rcl1",629,1126,1396,1268,1170,1140,1463,1408
"Rcn1",8701,15251,15131,16671,16103,15209,14944,15949
"Rcn2",3443,5948,6921,7087,6230,6097,5757,6369
"Rcn3",5831,9732,12107,11854,9463,8536,8147,9093
"Rcor1",470,1087,777,1042,1171,1024,987,968
"Rcor2",559,1112,830,970,1009,1258,1308,1130
"Rcor3",675,1500,1112,1485,1573,1560,1451,1515
"Rcsd1",1,3,3,2,5,2,1,3
"Rd3",0,0,4,1,1,1,2,1
"Rdh1",1,1,6,1,4,6,10,4
"Rdh10",608,1135,1399,1357,1337,1257,1260,1316
"Rdh11",740,1578,1433,1386,1591,1796,2104,1845
"Rdh12",29,45,57,51,59,59,75,76
"Rdh13",546,959,1196,1052,996,896,1095,1135
"Rdh14",461,1122,995,940,1161,1406,1343,1227
"Rdh16",0,1,0,0,1,3,1,0
"Rdh5",492,765,693,778,786,592,381,595
"Rdh7",1,0,0,1,0,1,0,1
"Rdh8",2,1,1,3,2,0,2,2
"Rdh9",1,18,20,10,19,30,40,28
"Rdm1",151,294,263,278,270,285,245,251
"Rdx",2478,5771,4428,5687,5443,5410,4631,5010
"Rec114",35,56,64,58,59,44,59,68
"Reck",241,451,487,573,466,517,491,473
"Recql",421,726,707,821,759,641,677,746
"Recql4",182,321,255,294,282,176,175,245
"Recql5",553,1141,1071,1060,1113,1083,1214,1163
"Reep1",492,818,1306,945,993,786,639,811
"Reep2",155,226,296,278,188,165,163,267
"Reep3",1607,3974,2797,3650,4205,4459,3861,3763
"Reep4",548,989,973,1047,922,837,1064,1110
"Reep5",5932,11086,12097,11291,11659,11894,11490,11551
"Reep6",91,153,168,158,163,208,140,174
"Rel",80,134,93,144,133,100,78,104
"Rela",2319,4584,4054,4106,4375,4739,4925,4565
"Relb",682,1273,1257,1279,1287,1283,1307,1303
"Rell1",1495,3175,3038,3179,3283,3504,3102,3161
"Rell2",4,11,3,8,7,10,5,12
"Reln",0,0,1,2,3,2,3,1
"Relt",300,362,510,499,421,284,290,385
"Rem1",613,937,1173,1141,878,755,728,737
"Rem2",0,3,1,2,4,5,3,1
"Renbp",815,2129,1949,1579,2096,2593,2879,2443
"Rep15",45,85,86,98,78,74,77,71
"Repin1",482,949,1087,945,983,1021,1212,1191
"Reps1",848,1608,1477,1521,1588,1599,1552,1576
"Reps2",1,4,3,5,4,4,5,4
"Rer1",2867,5632,6068,5480,5345,5486,5969,6071
"Rere",2539,5862,5179,4908,6103,6991,7687,6426
"Rerg",453,914,971,1025,767,891,804,725
"Rest",455,1051,834,1015,1159,962,985,1007
"Ret",96,128,154,176,182,52,30,129
"Retsat",467,1016,921,888,1004,1165,1270,1115
"Rev1",334,678,580,669,710,673,712,727
"Rev3l",231,837,529,539,801,960,1025,918
"Rexo1",824,1628,1463,1509,1613,1524,1613,1595
"Rexo2",1795,3257,3618,3541,3306,3198,3501,3731
"Rexo4",1018,1804,2119,1974,1777,1762,1865,1846
"Rfc1",1056,2446,1817,2400,2326,2124,1987,2220
"Rfc2",943,1461,1424,1594,1360,1179,1144,1371
"Rfc3",761,1032,1148,1293,1021,754,724,974
"Rfc4",397,595,590,679,592,462,427,550
"Rfc5",775,992,968,1240,933,578,527,886
"Rfesd",203,431,367,423,451,476,476,486
"Rffl",222,465,461,527,525,635,830,759
"Rfk",1541,2882,3112,2958,3052,3231,2992,3101
"Rfng",656,1161,1224,1233,1146,1131,1185,1192
"Rft1",585,1396,1329,1259,1294,1376,1662,1501
"Rftn1",340,924,677,639,886,1176,1288,986
"Rftn2",2205,3852,5079,4387,3997,3621,3356,3866
"Rfwd2",2041,4131,4017,4261,4195,4210,3809,4398
"Rfwd3",1410,2028,2070,2339,2097,1664,1729,1866
"Rfx1",521,917,756,871,910,887,892,805
"Rfx2",105,225,176,193,182,196,184,230
"Rfx3",104,361,230,264,287,270,249,275
"Rfx4",5,12,21,16,12,16,13,9
"Rfx5",610,993,1124,1202,1043,896,911,1013
"Rfx7",488,1474,974,1227,1216,1195,1079,1181
"Rfx8",3,12,7,8,15,8,7,7
"Rfxank",256,384,465,405,394,364,390,412
"Rfxap",350,690,768,724,720,716,701,783
"Rgag1",93,111,123,130,139,89,59,86
"Rgag4",60,107,99,113,114,111,104,92
"Rgcc",110,198,109,183,204,193,211,206
"Rgl1",853,2034,1768,1715,2099,2528,2733,2080
"Rgl2",547,1040,1004,1025,1103,1052,1126,1046
"Rgl3",362,723,597,649,652,748,746,697
"Rgma",988,2159,2009,1828,2287,2059,1805,1873
"Rgmb",589,1246,1291,1165,1163,1288,1273,1137
"Rgn",6,12,9,11,21,10,6,12
"Rgp1",1117,2070,2313,2149,2132,1977,2267,2149
"Rgr",1,0,2,3,0,1,0,0
"Rgs10",150,279,272,273,259,236,210,252
"Rgs11",44,107,30,63,107,201,124,90
"Rgs12",1534,2936,2982,2853,2872,2604,2639,2801
"Rgs14",20,29,16,29,20,8,5,20
"Rgs16",184,335,436,382,355,214,165,252
"Rgs17",3,10,4,7,9,15,19,11
"Rgs18",1,0,1,3,1,1,1,1
"Rgs19",523,869,1035,953,825,859,928,1069
"Rgs2",45,99,89,88,123,102,112,104
"Rgs20",148,209,174,224,262,225,181,194
"Rgs3",709,1412,1413,1188,1367,1915,1998,1511
"Rgs4",286,344,297,478,325,146,93,287
"Rgs5",4,2,6,8,6,0,1,0
"Rgs7",4,6,4,5,2,3,1,2
"Rgs8",2,3,4,5,1,0,0,2
"Rgs9",4,9,7,6,7,5,2,4
"Rgs9bp",4,6,6,5,7,6,8,10
"Rhbdd1",1110,2504,2385,2229,2464,3050,3287,3010
"Rhbdd2",650,1274,1383,1243,1193,1268,1332,1235
"Rhbdd3",286,528,552,527,518,545,625,596
"Rhbdf1",2012,3655,3676,3697,3504,3399,3240,3411
"Rhbdf2",528,1200,1288,1122,1192,1351,1717,1475
"Rhbdl1",14,33,28,30,40,44,52,28
"Rhbdl2",69,131,256,149,130,97,67,112
"Rhbdl3",10,21,23,21,18,17,20,23
"Rhd",7,23,38,12,16,12,13,15
"Rheb",2380,4333,5477,5039,4557,4669,4902,5328
"Rhebl1",103,222,287,233,194,254,343,311
"Rhno1",604,1136,1361,1164,1076,1042,1210,1232
"Rho",0,4,10,5,6,9,15,6
"Rhoa",14497,26533,27994,26393,25872,26238,28120,26839
"Rhob",9536,19097,17684,17215,19747,20820,18925,17299
"Rhobtb1",741,1585,1803,1629,1582,1755,1779,1584
"Rhobtb2",1345,2747,2568,2311,2817,2864,2642,2676
"Rhobtb3",1083,2512,1842,2518,2291,2341,1879,2104
"Rhoc",4832,9599,8833,8859,9047,8959,11213,10547
"Rhod",662,1264,1632,1297,1204,1180,1371,1334
"Rhof",46,75,80,99,75,65,61,74
"Rhog",1054,1998,1875,1925,1766,1924,1872,1803
"Rhoh",3,14,11,6,12,12,11,12
"Rhoj",1258,1891,2130,2344,1828,1494,1311,1547
"Rhoq",3510,7451,6227,6945,8385,9722,8239,8067
"Rhot1",1734,3231,3301,3480,3586,3610,3436,3588
"Rhot2",948,1822,1970,1805,1739,1704,1777,1693
"Rhou",665,1713,1109,1185,1720,1994,2034,1494
"Rhov",11,32,30,27,27,36,65,59
"Rhox10",1,5,9,2,6,7,7,8
"Rhox5",4,3,4,5,3,1,1,4
"Rhpn1",8,19,15,11,14,20,12,17
"Rhpn2",43,91,78,67,98,111,111,81
"Ribc1",27,37,33,57,55,66,56,43
"Ric1",778,1494,1304,1557,1652,1489,1437,1533
"Ric3",1,0,1,2,0,0,1,1
"Ric8",1665,3331,3582,3159,3358,3324,3498,3372
"Ric8b",776,1682,1525,1579,1794,1791,1648,1679
"Rictor",471,1680,937,1303,1424,1629,1599,1549
"Rif1",122,406,246,277,374,405,421,443
"Riiad1",4,5,2,4,6,4,5,7
"Rilp",40,95,94,90,98,115,103,114
"Rilpl1",965,1797,2106,1819,1793,1698,1737,1910
"Rilpl2",446,840,989,870,785,822,837,785
"Rimbp3",0,2,3,0,3,0,0,2
"Rimklb",0,2,2,0,3,3,2,1
"Rims2",7,10,5,7,10,2,2,5
"Rims3",0,0,4,0,4,3,0,0
"Rin1",1390,2770,3044,2665,2974,2910,3184,3040
"Rin2",2637,4805,4840,5466,5518,5473,4783,4750
"Rin3",1219,2081,1897,2067,1965,1839,1407,1531
"Ring1",628,1195,1106,1116,1246,1258,1287,1200
"Rinl",1,3,7,10,19,8,9,4
"Rint1",559,1189,1007,1103,1227,1327,1138,1159
"Riok1",651,1181,1106,1337,1345,1197,1134,1249
"Riok2",1264,2326,2331,2328,2339,2180,2115,2377
"Riok3",3676,7219,8096,8061,7955,8169,8563,8813
"Ripk1",1132,2217,1920,2289,2407,2601,2986,2676
"Ripk2",658,1149,1270,1387,1262,1279,1504,1567
"Ripk3",301,422,498,503,448,367,363,382
"Ripk4",0,2,0,0,1,2,0,1
"Ripply1",23,33,27,32,34,23,14,30
"Ripply3",34,29,34,50,33,33,22,31
"Rit1",1032,2066,2784,2230,2051,2101,2247,2411
"Rita1",190,381,389,369,319,377,420,427
"Rlbp1",1,3,2,4,4,3,3,1
"Rlf",811,2412,1361,1884,1974,2397,2041,2083
"Rlim",1268,4009,2369,3324,3281,3439,2780,3194
"Rln1",0,1,0,2,1,0,1,1
"Rln3",0,4,2,0,3,0,1,2
"Rltpr",10,23,11,20,31,20,18,23
"Rmdn1",208,435,439,408,422,448,376,447
"Rmdn2",197,383,294,399,337,360,370,351
"Rmdn3",913,1692,1863,1783,1798,1790,1907,1973
"Rmi1",332,552,400,510,582,610,493,474
"Rmi2",52,60,45,78,45,19,14,35
"Rmnd1",2,2,3,3,0,1,0,0
"Rmnd5a",1292,2917,2264,2806,3077,3214,2868,2875
"Rmnd5b",871,1465,1649,1526,1509,1560,1625,1582
"Rmrp",2,1,0,2,2,1,2,2
"Rn45s",11064,23340,27237,23884,22147,19686,22911,21567
"Rnase1",0,9,0,0,10,16,4,1
"Rnase10",42,62,62,66,51,37,33,45
"Rnase2a",0,2,0,0,4,12,14,5
"Rnase2b",0,0,0,0,0,1,2,1
"Rnase4",2929,4949,5032,5248,5700,7050,7415,6663
"Rnase6",0,2,5,2,3,3,2,3
"Rnaseh1",332,568,665,639,635,608,667,723
"Rnaseh2a",1095,1758,1999,1969,1668,1509,1862,1978
"Rnaseh2b",366,612,665,723,613,574,528,571
"Rnaseh2c",404,700,774,735,655,559,613,604
"Rnasek",1386,2960,3343,2736,2806,3089,3571,3202
"Rnasel",55,129,68,110,120,146,121,102
"Rnaset2b",67,82,70,67,89,74,117,95
"Rnd1",112,214,199,197,211,191,267,309
"Rnd2",148,315,275,285,303,316,343,319
"Rnd3",2879,5262,4520,6081,5647,5459,4645,5110
"Rnf10",5862,11304,11322,10755,10763,11444,11581,11175
"Rnf103",753,1465,1364,1542,1604,1807,1704,1574
"Rnf11",6966,12980,13905,13278,14357,15595,17327,18023
"Rnf111",837,1581,1585,1709,1807,1825,1727,1795
"Rnf113a1",66,127,130,131,106,118,171,162
"Rnf113a2",144,276,266,285,280,245,269,284
"Rnf114",1003,1894,2122,1964,1902,2163,2367,2338
"Rnf115",895,1760,1840,1857,2065,2092,1990,2071
"Rnf121",626,1332,1479,1234,1200,1162,1291,1364
"Rnf122",579,896,1087,992,937,827,755,903
"Rnf123",899,1814,1875,1659,1824,1858,2095,2086
"Rnf125",9,22,14,16,28,27,31,22
"Rnf126",1418,2629,2263,2476,2637,2833,2615,2500
"Rnf128",180,604,468,443,605,919,763,619
"Rnf13",1276,3444,2478,3014,4038,5346,4886,4244
"Rnf130",3,1,1,3,2,4,5,1
"Rnf135",241,503,458,439,465,467,493,514
"Rnf138",436,911,709,835,828,829,744,858
"Rnf138rt1",0,1,0,0,0,1,1,1
"Rnf139",1888,3490,3546,3671,3581,3256,2919,3340
"Rnf14",2102,3797,4352,4092,4078,3871,4091,4409
"Rnf141",254,456,366,413,479,464,485,432
"Rnf144b",74,137,137,137,168,120,117,115
"Rnf145",3492,6871,5802,6192,6916,7253,7863,6869
"Rnf146",810,1543,1470,1517,1760,1746,1742,1572
"Rnf149",1692,3080,2983,3131,3141,3316,4216,4274
"Rnf150",3777,8844,6369,8478,9111,9808,8507,7972
"Rnf151",6,22,19,15,9,13,11,16
"Rnf152",20,28,10,29,39,16,13,34
"Rnf157",657,1346,949,1093,1335,1435,1527,1269
"Rnf165",31,49,26,55,57,53,45,51
"Rnf166",595,1215,1325,1185,1124,1250,1336,1382
"Rnf167",514,1029,963,924,946,1098,1150,1084
"Rnf168",665,1391,1122,1398,1304,1158,1156,1345
"Rnf169",449,923,1038,911,953,821,967,974
"Rnf170",427,1112,611,834,950,1130,893,905
"Rnf181",2643,5151,5856,4990,5207,5445,5436,5444
"Rnf182",1,0,2,2,2,0,0,2
"Rnf183",0,4,1,1,6,3,2,5
"Rnf185",1333,2721,2729,2538,2719,3006,3113,2853
"Rnf187",4074,7128,7947,7637,6977,6863,6977,7116
"Rnf19a",1680,3180,2566,3299,3363,3433,3168,3361
"Rnf19b",2315,4723,3960,4072,4579,4827,4849,4600
"Rnf2",1290,2679,2181,2848,2806,2920,2538,2716
"Rnf20",1683,3439,3311,3630,3768,3723,3318,3532
"Rnf207",11,33,4,14,22,38,21,9
"Rnf208",3,11,9,5,7,13,14,8
"Rnf214",993,1866,1850,2027,2035,1937,1693,1868
"Rnf215",476,848,962,904,839,892,966,914
"Rnf216",1434,2670,2426,2660,3007,2901,2811,2750
"Rnf217",1486,2494,2419,2637,2726,3025,2460,2395
"Rnf219",314,554,500,659,631,534,520,653
"Rnf220",1371,2556,2666,2559,2619,2650,3059,2956
"Rnf223",6,12,11,9,10,9,14,13
"Rnf225",55,118,92,107,108,95,102,88
"Rnf24",627,1152,1068,1319,1189,1193,1158,1122
"Rnf25",582,1196,1287,1153,1260,1208,1262,1270
"Rnf26",1214,1644,1794,1925,1612,1483,1462,1579
"Rnf31",479,944,901,941,947,964,1031,952
"Rnf32",22,38,37,32,54,49,46,45
"Rnf34",871,1420,1687,1582,1554,1458,1581,1600
"Rnf38",1091,2065,1888,2278,2361,2423,2149,2235
"Rnf39",2,2,2,5,3,5,4,3
"Rnf4",4104,7206,8286,7753,7517,6995,6990,7570
"Rnf40",1515,2994,3199,2886,2914,2815,2923,2986
"Rnf41",911,1859,1994,1719,1856,1871,2126,1987
"Rnf43",0,1,0,1,1,0,1,0
"Rnf44",1906,3762,3617,3658,3884,4250,4154,3998
"Rnf5",662,1162,1188,1204,1129,1179,1190,1162
"Rnf6",1248,3020,2263,2995,3176,3182,2622,2921
"Rnf7",2159,3742,4687,4238,3963,3862,3643,4019
"Rnf8",86,106,131,123,132,117,130,158
"Rnf8-cmtr1",4,7,7,6,6,5,10,10
"Rnft1",959,2304,1861,2061,2285,2663,2330,2439
"Rnft2",73,140,137,140,126,92,82,90
"Rngtt",437,1104,809,1040,1035,1096,933,989
"Rnh1",4151,8591,9238,7890,8218,8891,10004,9020
"Rnls",73,128,140,131,131,132,130,133
"Rnmt",976,1899,1981,2088,2108,2088,1989,2105
"Rnmtl1",226,452,565,452,464,423,472,494
"Rnpc3",142,356,295,337,319,357,328,336
"Rnpep",848,1505,1576,1545,1531,1349,1267,1334
"Rnpepl1",1276,2243,2208,2243,2176,2387,2324,2181
"Rnps1",1242,2431,2573,2592,2460,2283,2404,2462
"Rnu73b",5,0,1,4,2,2,2,3
"Robo1",851,1978,1295,1788,1982,1978,1589,1513
"Robo2",74,192,90,121,167,242,185,166
"Robo3",0,3,1,2,7,4,1,2
"Rock1",264,754,630,568,835,987,993,947
"Rock2",1063,3658,2376,2393,3203,3590,3437,3680
"Rogdi",288,615,753,640,580,604,599,632
"Rom1",32,67,81,56,54,72,75,79
"Romo1",394,807,1044,851,829,706,752,770
"Ropn1l",65,189,131,130,178,204,183,142
"Ror1",135,246,323,335,292,244,185,213
"Ror2",170,306,338,324,274,242,261,293
"Rora",44,185,94,97,160,221,346,268
"Rorb",19,51,27,29,43,46,34,35
"Rorc",94,257,174,181,253,344,339,274
"Rp2h",307,981,510,679,793,847,768,794
"Rp9",492,936,1002,921,908,914,989,941
"Rpa1",3712,5357,6029,6549,5254,3836,4098,5138
"Rpa2",874,1268,1394,1556,1275,881,872,1144
"Rpa3",534,812,861,979,925,740,752,831
"Rpain",188,382,351,351,339,363,394,377
"Rpap1",631,1418,1321,1176,1244,1168,1289,1243
"Rpap2",492,846,887,919,875,940,933,994
"Rpap3",658,1258,1354,1413,1427,1306,1339,1319
"Rpe",507,1253,999,1070,1119,1179,1136,1259
"Rpf1",584,1065,1070,1199,999,1060,1071,1172
"Rpf2",734,1250,1463,1465,1421,1321,1162,1396
"Rpgr",154,334,264,330,311,315,247,289
"Rpgrip1",6,5,1,3,2,6,2,1
"Rpgrip1l",367,1158,797,878,956,1074,892,926
"Rph3al",7,15,12,13,17,13,8,7
"Rpia",344,717,719,718,649,644,691,679
"Rpl10",25745,51812,50398,46448,49784,55381,59612,54753
"Rpl10a",11737,21628,21383,20903,19900,20114,21506,21377
"Rpl11",9269,18333,21503,20199,17825,17248,18726,19161
"Rpl12",18657,37506,40175,37730,35436,36147,43034,42285
"Rpl13",15375,29415,31324,29649,27542,28071,32463,31526
"Rpl13a",13884,21264,22381,20725,20125,20225,23395,23391
"Rpl14",12727,23883,28304,25829,22600,21966,24339,25976
"Rpl14-ps1",29,48,74,53,43,50,73,68
"Rpl15",11505,16718,18515,17569,16291,16956,17343,17593
"Rpl17",13924,29214,31924,29719,27675,29197,33707,33664
"Rpl18",9346,17232,19193,17377,16424,16193,18496,18206
"Rpl18a",17659,32085,35978,32850,30743,33460,37293,36613
"Rpl19",15890,30026,33377,29387,28761,28702,32383,31979
"Rpl21",6184,18030,19621,18082,16649,17064,20196,20371
"Rpl22",7000,14460,14702,14343,13419,14222,15926,15337
"Rpl22l1",3034,5327,5656,5804,5596,5016,4162,4870
"Rpl23",16269,35596,36532,34771,34626,35254,40107,38282
"Rpl23a",20824,34948,38700,36586,34717,36310,39679,39846
"Rpl24",9573,20123,23430,20270,19442,19759,22085,21244
"Rpl27",8120,13811,16154,14318,12812,12761,13973,14473
"Rpl27a",12627,25362,26139,24075,23080,23384,25716,26108
"Rpl28",9819,19534,20926,20076,17997,18976,20633,20274
"Rpl29",270,1438,1632,1505,1369,1338,1493,1400
"Rpl3",18519,41642,43387,41979,38454,39224,39736,39222
"Rpl30",13,19,12,12,20,10,14,14
"Rpl31",11499,24057,26044,23899,22822,23929,28260,26746
"Rpl31-ps12",0,4,6,2,3,2,6,7
"Rpl32",9948,19618,21188,19651,17976,18329,21780,20900
"Rpl34",93,60,86,83,57,57,61,90
"Rpl35",10470,18881,21461,19344,17950,17256,19433,19728
"Rpl35a",6788,13236,15267,13958,12359,12035,13920,14348
"Rpl36",3811,8025,9166,7905,7158,7126,8582,8339
"Rpl36a",4790,10499,11640,10388,9755,9725,11523,11262
"Rpl36al",2243,3684,3736,2917,3488,3648,4041,3722
"Rpl37",8991,19608,20732,19208,17859,17885,20651,20035
"Rpl37a",8831,18283,20238,18221,17168,17213,19849,19559
"Rpl37rt",157,253,285,246,223,227,266,239
"Rpl38",1552,3703,4422,3472,3399,3334,4134,3958
"Rpl39",4775,9963,11723,10356,9608,9262,11040,10844
"Rpl3l",4,4,4,6,3,7,4,3
"Rpl4",28940,55256,62226,58665,54180,55047,60987,60952
"Rpl41",17143,32104,35820,33393,30884,30694,33763,32856
"Rpl5",17297,29496,33952,31771,29505,29385,33004,34351
"Rpl6",21889,34615,37919,34844,32330,34272,36799,36790
"Rpl7",25416,54220,56414,52928,49217,49729,54285,54128
"Rpl7a",16182,32775,34545,32885,30295,32021,34331,32911
"Rpl7l1",3700,6363,7948,7154,6573,5743,5917,6631
"Rpl8",21417,39391,43766,40786,36302,35771,40261,40295
"Rpl9",15197,30524,34372,31232,28669,28063,32150,33106
"Rplp0",43029,83998,86917,82279,78093,83339,101616,97264
"Rplp1",14989,27108,28923,27830,24848,25023,30845,29613
"Rplp2",5877,12373,13045,12257,11563,11845,14215,13309
"Rpn1",6477,14311,12549,12129,13428,15457,16197,14349
"Rpn2",7927,15779,14230,14459,14918,16496,17026,15425
"Rpp14",900,1433,1749,1621,1613,1459,1427,1524
"Rpp21",178,389,418,345,383,324,344,381
"Rpp25",22,39,49,41,53,53,72,44
"Rpp25l",387,688,917,748,669,690,697,706
"Rpp30",488,818,921,1018,959,907,776,898
"Rpp38",158,302,341,353,342,312,272,332
"Rpp40",173,341,436,414,355,328,351,416
"Rpph1",2,1,3,1,3,2,1,1
"Rprd1a",663,1195,983,1201,1345,1182,1052,1089
"Rprd1b",1079,1819,2113,2101,1846,1791,1812,1912
"Rprd2",1056,2255,1717,2114,2294,2344,2069,2140
"Rprm",0,2,3,0,2,1,2,1
"Rps10",10784,20850,22633,20824,18977,20104,22972,23460
"Rps11",9548,18246,19408,18665,17595,17833,20937,19819
"Rps12",13447,27244,28592,27362,25726,26237,31123,30184
"Rps13",6174,11201,12365,11347,10488,10302,11656,11725
"Rps14",15009,30669,34057,31153,28257,28934,35041,34415
"Rps15",14410,29846,31737,28213,27341,27359,31163,29934
"Rps15a",7876,16112,17246,15808,15581,14874,16617,16935
"Rps15a-ps4",2,9,5,6,10,10,9,10
"Rps15a-ps6",6,24,32,19,31,19,26,34
"Rps16",8470,15569,16480,15659,14351,14109,16275,16431
"Rps17",8022,16578,17985,16533,16212,16168,17786,17484
"Rps18",1812,13082,14412,12679,12125,12074,14482,14871
"Rps19",8006,13902,15456,14635,13196,13295,15874,16120
"Rps19-ps3",30,54,26,38,42,46,38,49
"Rps19bp1",584,1117,1231,1124,1111,1082,1137,1188
"Rps2",3112,11054,12151,11663,10637,10505,11082,11237
"Rps20",9008,19126,19542,17717,17323,19277,21118,20397
"Rps21",5116,11617,12407,11346,10537,10695,13087,11817
"Rps23",13008,23171,25971,24103,22232,22244,27396,25747
"Rps24",16521,29990,32712,30867,28486,29156,33037,34669
"Rps25",8263,17871,19636,17704,16787,16564,19694,19379
"Rps26",7639,16034,15727,15196,14896,15695,16759,16047
"Rps27",33,47,44,48,47,36,43,46
"Rps27a",12160,23353,26679,24715,22325,21765,23477,25044
"Rps27l",2151,3987,5008,4324,4014,3324,3815,4396
"Rps28",3878,8365,8684,8215,7646,7890,9284,9003
"Rps29",3471,7261,7732,7404,6764,6618,8040,6974
"Rps3",15988,32317,34831,31520,31752,31310,37395,34646
"Rps3a1",8358,25450,27430,25728,25442,23683,27474,27635
"Rps4x",28147,54275,58280,55080,52311,53909,60326,60137
"Rps5",11527,22901,23042,21775,21383,21756,24568,24841
"Rps6",21548,34570,38632,35317,32687,33119,37740,37837
"Rps6ka1",95,222,212,183,198,251,274,198
"Rps6ka2",897,1823,1737,1480,1779,1802,1822,1543
"Rps6ka3",996,2990,1792,2283,2550,2618,2398,2398
"Rps6ka4",1697,3232,3152,3118,3028,3063,3807,3554
"Rps6ka5",126,255,218,265,233,224,212,212
"Rps6ka6",1,1,0,1,0,0,0,0
"Rps6kb1",872,2037,1572,1945,1795,1836,1610,1798
"Rps6kb2",571,1036,1139,1038,1078,1050,999,1008
"Rps6kc1",849,1703,1665,1538,1568,1764,1801,1734
"Rps6kl1",11,6,6,13,9,12,10,11
"Rps7",13444,27259,30187,27656,26411,26936,30301,31551
"Rps8",17057,31828,35463,32851,30256,30358,34445,34639
"Rps9",15198,27108,28227,27159,25178,25976,27857,28295
"Rpsa",33432,60977,66170,63663,55958,55008,64661,64643
"Rptor",1933,3963,4227,3713,3749,3989,4137,3810
"Rptoros",1,1,1,1,2,3,2,7
"Rpusd1",382,681,801,724,648,635,649,659
"Rpusd2",158,291,366,312,275,280,269,343
"Rpusd3",86,158,184,172,151,172,191,199
"Rpusd4",264,474,641,541,497,469,546,536
"Rqcd1",1694,2716,3067,3098,2760,2379,2612,2822
"Rrad",751,1135,1417,1272,1129,823,544,932
"Rraga",1603,3082,3501,3285,3126,3199,3302,3322
"Rragc",2616,5350,5725,5353,5708,6441,7141,6620
"Rragd",209,534,509,484,645,736,744,620
"Rras",1268,2444,2470,2344,2291,2478,2184,2226
"Rras2",2490,5198,4719,4632,5479,5610,5015,4696
"Rrbp1",6442,14888,11782,14026,15876,15923,14626,13501
"Rreb1",1133,2344,2159,2326,2514,2573,2236,2299
"Rrm1",5905,8543,10197,10652,8766,6112,5434,7142
"Rrm2",6701,8541,9236,10664,8687,6058,4624,7099
"Rrm2b",322,968,557,721,805,1028,877,849
"Rrn3",2448,4363,5328,4753,4586,4043,4288,4821
"Rrnad1",302,541,591,573,571,581,581,635
"Rrp1",3666,7038,7869,7280,6956,6899,6978,7108
"Rrp12",976,1571,2111,1860,1714,1339,1576,1736
"Rrp15",499,833,1124,1064,942,867,990,1168
"Rrp1b",897,1530,1612,1691,1573,1390,1498,1678
"Rrp36",588,1091,1295,1147,1137,1198,1213,1208
"Rrp7a",1812,3073,3272,2933,2981,2954,3302,2996
"Rrp8",916,1646,2067,1827,1700,1489,1552,1770
"Rrp9",486,862,1106,994,856,745,893,973
"Rrs1",1043,1831,2087,2052,1927,1688,1899,2048
"Rs1",0,0,0,0,1,1,2,0
"Rsad1",240,472,475,474,496,536,554,549
"Rsad2",9,19,3,11,32,17,13,19
"Rsbn1",169,514,291,408,424,471,465,457
"Rsbn1l",227,673,384,486,519,552,539,509
"Rsc1a1",0,2,0,1,1,0,0,0
"Rsf1",285,883,559,617,739,802,702,768
"Rsg1",7,23,24,16,11,21,14,30
"Rsl1",36,77,78,74,96,81,72,99
"Rsl1d1",2837,5470,5823,6279,5941,5862,5236,6207
"Rsl24d1",1289,2191,2656,2467,2370,1977,2058,2315
"Rslcan18",12,38,20,35,22,37,45,40
"Rsph1",7,15,29,27,25,25,22,27
"Rsph3a",448,478,464,493,560,514,496,503
"Rsph3b",130,168,121,146,176,199,185,171
"Rsph4a",2,0,2,3,1,1,1,1
"Rsph9",102,244,159,174,243,290,342,255
"Rspo1",5,8,8,7,6,0,9,7
"Rspo2",15,49,16,26,51,44,20,21
"Rspo3",4,9,9,10,10,4,3,12
"Rspo4",1,4,1,1,5,5,4,1
"Rspry1",1370,2537,2365,2780,2577,2632,2408,2688
"Rsrc1",1055,2268,2019,2361,2343,2517,2263,2319
"Rsrc2",673,2112,1384,1831,1807,1772,1507,1794
"Rsrp1",1963,4427,5375,5106,4376,5609,6036,5902
"Rsu1",2758,4503,5061,5589,5163,5048,4342,4651
"Rtbdn",1,3,0,3,1,2,3,2
"Rtca",1173,2040,2450,2306,2061,1991,2187,2130
"Rtcb",4200,8174,8523,8177,7911,7599,7884,7733
"Rtel1",647,1003,985,1120,1000,780,731,911
"Rtf1",844,2079,1613,1940,2118,2032,1782,1827
"Rtfdc1",1665,3515,3647,3125,3491,3664,3975,3727
"Rtkn",1221,2022,2212,2256,2082,1794,1763,1860
"Rtkn2",354,553,615,616,546,503,403,475
"Rtn2",2202,4500,4744,4251,4170,4614,3770,3514
"Rtn3",4689,8345,8362,9154,9158,9285,8842,8854
"Rtn4",12717,28122,23953,25558,28633,31812,26131,24846
"Rtn4ip1",299,573,705,599,603,543,603,623
"Rtn4r",74,92,121,133,81,50,23,57
"Rtn4rl1",12,15,17,21,9,11,10,11
"Rtn4rl2",20,31,32,35,24,79,80,75
"Rtp1",1,1,1,2,0,0,0,2
"Rtp3",1,0,1,1,0,0,0,0
"Rtp4",93,203,114,155,284,248,245,191
"Rttn",220,419,334,428,487,369,338,427
"Rufy1",731,1368,1439,1356,1368,1418,1442,1352
"Rufy2",393,1011,724,959,1023,1139,1053,1001
"Rufy3",410,752,836,901,786,767,730,844
"Rufy4",2,2,5,5,3,1,2,1
"Rundc1",627,1152,1186,1095,1133,1161,1177,1149
"Rundc3a",111,226,287,205,253,231,230,234
"Runx1",5097,9706,7067,9636,10457,10112,7835,8497
"Runx1t1",5,19,4,6,28,16,14,6
"Runx2",1184,2216,1623,2218,2335,1988,2047,2346
"Runx3",849,1531,1283,1456,1429,1502,1401,1458
"Rusc1",638,1226,1270,1200,1132,1178,1109,1098
"Rusc2",878,2304,1831,1662,2176,2691,3615,2991
"Ruvbl1",1263,2179,2712,2408,2185,1897,1956,2159
"Ruvbl2",1177,2143,2187,2141,2059,1814,1934,2045
"Rwdd1",1086,1927,2002,2080,2172,1896,1874,2185
"Rwdd2a",35,59,55,60,58,57,45,56
"Rwdd2b",159,298,302,296,267,257,274,290
"Rwdd3",97,224,215,239,238,263,238,277
"Rwdd4a",815,1429,1560,1705,1523,1548,1381,1589
"Rxfp3",7,20,16,14,18,9,6,15
"Rxfp4",0,0,0,2,0,1,1,0
"Rxra",2645,5064,4829,4859,4814,4896,5127,4897
"Rxrb",1006,1915,1863,1860,1761,1836,1895,1829
"Rxrg",1,2,3,1,1,0,0,4
"Rybp",323,652,455,594,738,710,548,499
"Ryk",4693,8327,8590,9263,8561,8805,7954,8264
"Ryr1",2513,5028,5951,4698,5690,5396,4248,4519
"Ryr2",0,0,4,1,4,0,0,2
"Ryr3",464,1038,878,1054,887,723,491,712
"S100a1",679,1304,1330,1331,1192,1254,1396,1352
"S100a10",7714,13676,14741,14693,13089,11470,10207,11555
"S100a11",10511,18017,18777,18583,16709,16394,16802,16556
"S100a13",760,1454,1576,1386,1262,1207,1283,1318
"S100a14",7,9,7,12,15,15,17,9
"S100a16",2598,4471,5188,4731,4315,4117,3931,4101
"S100a2",1,1,0,0,1,0,1,0
"S100a3",22,44,26,41,47,51,57,25
"S100a4",20588,38757,41960,39816,36375,31515,32003,33728
"S100a5",0,0,0,1,1,0,2,0
"S100a6",7665,15813,17478,14735,14370,14574,16258,15261
"S100a7a",5,19,11,11,18,19,12,15
"S100a8",1,6,2,4,7,6,83,47
"S100b",2,7,1,2,5,4,1,2
"S100g",2,3,2,5,0,1,2,1
"S100pbp",294,579,545,604,649,533,575,561
"S1pr1",471,971,1261,1190,1048,1309,1771,1574
"S1pr2",881,1654,2044,1841,1453,1477,2035,1788
"S1pr3",610,1089,1266,1198,1125,1098,847,814
"S1pr4",0,0,0,0,0,1,2,1
"S1pr5",0,3,8,5,15,9,5,8
"Saa1",0,8,1,0,6,6,21,18
"Saa2",2,14,9,3,13,24,35,24
"Saa3",87,3987,706,321,3134,7097,35870,29773
"Saa4",0,3,0,0,3,2,8,13
"Saal1",496,949,1037,959,925,859,960,1011
"Sac3d1",255,475,618,492,435,445,454,489
"Sacm1l",1393,3548,2829,3484,3137,3806,3247,3314
"Sacs",4,31,13,9,28,26,22,19
"Sae1",2965,5388,5713,5558,5254,4708,4856,4923
"Safb",2145,3676,4395,4101,3853,3568,3604,3734
"Safb2",957,1973,1822,2002,1979,1968,1979,1970
"Sag",0,3,3,0,7,8,6,1
"Sall2",653,1174,1232,1223,1083,1083,1128,1106
"Samd1",964,1512,1313,1566,1458,1413,1274,1455
"Samd10",43,82,96,83,99,80,75,72
"Samd11",1,0,1,2,0,0,0,0
"Samd12",1,8,3,3,7,19,17,8
"Samd14",1027,1704,1618,1833,1609,1562,1520,1594
"Samd15",10,15,7,15,8,13,13,10
"Samd4",1637,3752,2904,3426,4258,4387,4173,3738
"Samd4b",1281,2414,2186,2365,2435,2407,2333,2347
"Samd5",1,1,3,1,0,0,0,0
"Samd7",1,1,5,5,1,1,0,2
"Samd8",1482,4026,3009,3543,3954,4561,3944,3638
"Samd9l",106,269,182,206,213,247,230,308
"Samhd1",1964,3439,3301,3824,3482,3063,2735,2933
"Samm50",2821,4960,5637,5292,4718,4601,4917,4824
"Samsn1",2,6,1,7,4,3,1,0
"Sap130",1618,3231,2699,2940,3156,3404,3074,2826
"Sap18",632,930,1077,1128,1007,831,876,963
"Sap30",631,1016,1295,1160,1000,1003,1044,1158
"Sap30bp",1339,2515,2701,2535,2466,2446,2540,2507
"Sap30l",429,930,907,845,918,900,1055,971
"Sapcd1",7,2,7,8,6,3,2,4
"Sapcd2",235,226,258,345,244,121,88,179
"Sar1a",9796,18082,19346,19107,18259,17887,18195,18324
"Sar1b",1707,3086,3368,3319,3400,3621,3760,3732
"Saraf",3304,6999,6507,6179,6903,8028,8648,7446
"Sardh",1212,1808,2037,2213,1624,1340,1396,1497
"Sarm1",19,17,19,32,14,18,26,24
"Sarnp",1638,2998,3513,3349,3122,2946,2769,3067
"Sars",4658,11750,11349,9161,10950,12752,15164,13431
"Sars2",155,291,359,297,311,261,267,260
"Sart1",1703,3050,3342,3266,3053,3023,3111,3095
"Sart3",1300,2392,2322,2397,2349,2139,2166,2124
"Sash1",809,1896,1628,1835,2051,2174,2585,2157
"Sass6",145,259,143,242,180,159,128,156
"Sat1",2319,5475,5720,4366,5654,6845,9724,8609
"Sat2",131,205,282,261,188,177,177,188
"Satb1",19,39,35,39,50,36,38,43
"Satb2",226,485,344,439,513,507,450,433
"Satl1",1,1,2,1,2,2,3,3
"Sav1",2067,3807,3566,4097,4327,4639,4672,4509
"Saxo2",0,4,4,0,5,7,8,4
"Saysd1",164,307,318,311,280,337,327,340
"Sbds",1493,2727,3524,3315,3049,3244,3446,3513
"Sbf1",3840,7612,7983,7544,7758,7510,8195,7812
"Sbf2",988,2705,2055,2608,2837,2891,2927,2644
"Sbk1",613,1136,1239,1087,1100,1125,1068,1114
"Sbk2",104,205,117,140,180,207,146,120
"Sbk3",27,28,31,35,35,37,27,22
"Sbno1",1144,3030,2162,2695,3019,3246,2750,2839
"Sbno2",2292,5694,4717,4517,5660,6554,9314,7738
"Sbsn",35,95,89,83,87,71,123,109
"Sbspon",5,5,17,16,5,4,1,10
"Sc5d",611,1163,981,1125,1252,1145,1148,1173
"Scaf1",2382,4368,4149,4134,4075,4042,4177,4098
"Scaf11",2244,6595,3970,5175,5394,5657,5346,5339
"Scaf4",669,1461,1356,1371,1512,1529,1538,1376
"Scaf8",1618,3287,2611,3200,3479,3423,3161,3145
"Scai",114,425,241,290,393,408,395,354
"Scamp1",1423,2739,2778,2889,3044,3349,3154,2993
"Scamp2",1523,2918,3240,2931,2847,2983,2954,2868
"Scamp3",79,110,114,86,114,119,111,117
"Scamp4",1483,3015,2667,2588,2781,3196,3254,2827
"Scamp5",582,1161,1170,1096,1111,1163,1142,1037
"Scand1",365,554,622,528,539,540,628,620
"Scap",1395,3097,2762,2691,2881,3225,3894,3486
"Scaper",138,478,247,328,352,419,383,392
"Scara3",517,968,1003,986,893,979,880,850
"Scara5",520,1442,2162,1751,1471,1966,1966,1659
"Scarb1",788,1466,1361,1373,1465,1450,1667,1456
"Scarb2",2583,5650,6030,5406,5632,6208,6523,5432
"Scarf1",2,16,13,6,8,16,14,9
"Scarf2",1312,2234,2593,2631,2068,1911,1997,2154
"Scarletltr",7,9,20,11,5,5,6,4
"Scarna13",0,0,3,3,2,1,4,3
"Scarna17",0,0,0,1,0,0,1,1
"Scarna2",1,1,0,1,0,0,0,0
"Scarna6",0,2,1,0,4,4,7,0
"Scarna9",0,0,0,0,1,1,2,0
"Sccpdh",1850,3229,3762,3583,3507,3315,3028,3445
"Scd1",9004,19447,16878,15793,21709,22725,20516,16895
"Scd2",34736,62363,59966,57563,68676,63948,56135,55578
"Scd3",0,10,4,3,5,1,7,4
"Scd4",17,16,17,28,38,35,32,36
"Scel",1,4,7,4,5,5,3,7
"Scfd1",1085,2441,1941,2588,2485,2637,2055,2354
"Scfd2",226,433,560,490,429,362,404,466
"Scg2",6,15,22,16,16,24,28,30
"Scg5",13,12,18,21,14,14,22,16
"Scgb1b30",0,0,1,0,1,0,0,1
"Scgb2b7",1,1,0,1,1,2,1,2
"Schip1",7,6,17,6,7,11,6,7
"Scimp",0,1,0,0,1,0,1,0
"Scin",2,4,5,4,6,3,2,4
"Sclt1",73,180,130,164,153,144,131,211
"Scly",389,766,716,675,698,687,650,616
"Scmh1",902,1951,1749,1728,1850,1983,2147,2046
"Scml2",5,8,1,7,6,10,5,7
"Scml4",204,305,365,340,381,295,204,275
"Scn10a",75,123,112,112,129,127,89,87
"Scn1b",234,528,504,458,449,473,475,439
"Scn2a1",4,7,6,5,5,9,7,6
"Scn3a",10,9,17,15,17,5,7,23
"Scn3b",4,5,7,6,3,1,2,13
"Scn4a",370,759,924,622,881,856,691,726
"Scn5a",2240,4140,3399,3510,4202,3770,2957,3172
"Scn7a",295,900,374,574,655,637,436,527
"Scn9a",0,2,1,1,6,1,0,2
"Scnm1",297,679,650,564,593,646,611,656
"Scnn1a",14,28,26,28,36,43,63,49
"Sco1",439,793,946,833,895,775,787,869
"Scoc",378,836,579,713,683,650,538,732
"Scp2",3403,6475,6068,6245,6525,7701,7236,7124
"Scpep1",5484,11477,10317,9982,11059,14166,16844,14799
"Scpep1os",1,1,5,1,8,3,4,3
"Scrib",2966,5139,5759,5388,5208,4615,4397,4919
"Scrn1",1094,2195,2764,2290,2064,1919,2018,1885
"Scrn2",308,517,595,548,518,464,477,541
"Scrn3",448,907,768,966,957,994,786,829
"Sct",1,7,6,3,4,2,2,1
"Sctr",27,55,45,44,46,53,36,38
"Scube1",2,1,0,2,0,1,1,2
"Scube2",4,5,5,5,10,8,2,5
"Scube3",10,9,14,17,14,7,10,14
"Scx",2098,3437,3580,3496,3468,3111,2467,2839
"Scyl1",2317,4607,4429,4184,4520,4665,5076,4727
"Scyl2",732,1888,1306,1633,2022,2040,1731,1665
"Scyl3",464,933,875,1004,1036,1053,1046,1077
"Sdad1",708,1312,1327,1549,1553,1412,1414,1640
"Sdc1",10663,19195,22250,20785,18342,17485,22767,22338
"Sdc2",15527,33488,31492,36693,34427,39427,35023,32573
"Sdc3",2953,5796,7788,6793,5823,5786,8259,7582
"Sdc4",5915,11583,10200,11330,11053,12111,15053,13988
"Sdcbp",4549,8229,8368,8952,9032,8824,8586,8652
"Sdcbp2",6,6,10,11,8,19,16,8
"Sdccag3",1263,2435,2441,2363,2588,2613,2710,2595
"Sdccag8",421,760,701,844,872,941,797,825
"Sde2",1378,2758,2999,2781,2790,2640,2930,2959
"Sdf2",1834,3776,3634,3474,3506,3816,3981,3822
"Sdf2l1",432,1323,937,806,1226,1784,1915,1513
"Sdf4",4849,9420,11133,10007,9200,9199,10417,10234
"Sdha",5858,10850,12968,11613,10447,9739,9707,10465
"Sdhaf1",118,178,364,256,239,258,305,290
"Sdhaf2",1006,1992,2201,2060,1951,1954,1917,1969
"Sdhaf3",68,150,193,137,141,155,176,144
"Sdhaf4",397,791,796,774,764,769,756,706
"Sdhb",1926,3537,4128,3592,3426,3196,3081,3135
"Sdhc",3239,5536,6593,5970,5495,5060,5077,5326
"Sdhd",3021,5430,6409,5768,5176,5342,5164,5442
"Sdk1",2,3,4,2,2,3,3,3
"Sdk2",0,0,0,0,0,1,2,1
"Sdpr",2264,6719,4069,5060,6736,8237,5496,4024
"Sdr39u1",470,845,825,831,803,990,1002,881
"Sdr42e1",10,12,6,15,21,15,19,11
"Sdr9c7",4,7,2,8,7,8,3,1
"Sds",6,8,14,11,5,3,3,12
"Sdsl",18,47,20,36,52,41,41,23
"Sec1",20,22,20,22,24,22,18,18
"Sec11a",1478,2960,3119,2923,2845,2842,3041,3008
"Sec11c",446,964,981,863,896,997,962,1053
"Sec13",4388,7653,9764,8660,7456,6684,7334,8018
"Sec14l1",3774,7059,7793,7304,7310,6887,7544,7177
"Sec14l2",430,783,665,717,749,800,797,730
"Sec14l5",3,4,1,5,4,8,7,1
"Sec16a",3041,6035,5506,5871,6198,6540,6418,5983
"Sec16b",712,1388,814,1222,1328,1360,1050,1077
"Sec22a",671,1277,1255,1191,1146,1199,1096,1175
"Sec22b",2273,4172,4250,4274,4112,3951,3810,4006
"Sec22c",455,829,873,887,824,786,860,864
"Sec23a",3447,6360,6400,7423,7220,7175,6467,6827
"Sec23b",1902,3671,3714,3593,3721,3974,3925,3607
"Sec23ip",1994,3810,4003,3967,3975,4034,3722,4000
"Sec24a",656,1659,1097,1451,1655,1730,1577,1542
"Sec24b",1520,2779,2516,2863,2996,2950,2929,2731
"Sec24c",4032,8389,8320,7787,8014,8255,8439,7919
"Sec24d",5260,8989,9889,10096,9358,9079,8960,9232
"Sec31a",9429,17242,17310,17389,17294,16673,16630,16869
"Sec31b",10,28,23,21,31,26,26,30
"Sec61a1",7186,14817,13117,13256,13894,15388,15162,13926
"Sec61a2",1073,2203,2321,2104,2240,2322,2122,2183
"Sec61b",1488,3096,3486,3052,3118,3254,3296,3288
"Sec61g",1914,3877,3780,3757,3604,3657,3986,3962
"Sec62",1845,5402,3889,4540,4601,5038,4633,4916
"Sec63",2336,6616,4172,5432,6414,7316,6222,5621
"Secisbp2",489,984,1039,925,1114,1056,990,1054
"Secisbp2l",995,3287,1871,2490,2862,3211,3374,3010
"Sectm1a",44,89,99,88,76,64,57,73
"Sectm1b",0,0,1,1,1,0,2,2
"Seh1l",1827,3092,2631,3224,3233,3407,3612,3667
"Sel1l",3167,7324,6090,6414,7762,9205,9121,8003
"Sel1l3",5,5,13,7,5,4,2,10
"Sele",0,0,0,2,2,1,1,1
"Selenbp1",86,317,214,210,264,444,512,431
"Selenbp2",0,27,19,21,23,42,46,30
"Selk",2230,4929,4497,4146,4749,5560,5745,5096
"Selm",880,1667,1956,1810,1527,1506,1436,1578
"Selo",431,863,1008,809,843,835,1022,930
"Selp",4,15,7,7,8,10,44,34
"Selplg",1,1,0,0,0,1,1,0
"Selt",3129,7737,5785,7190,7447,7861,6430,6581
"Sema3a",942,2128,1351,1955,1653,1369,906,1481
"Sema3b",1720,3822,3178,3207,3757,4452,4503,3537
"Sema3c",381,1504,692,811,1379,1820,2168,1833
"Sema3d",872,3428,2211,2055,2936,4165,3434,2670
"Sema3e",548,1225,835,1081,1090,841,688,909
"Sema3f",697,1246,1125,1207,1109,1095,1127,1259
"Sema3g",159,161,228,305,165,90,77,112
"Sema4a",33,50,43,60,56,53,46,39
"Sema4b",757,1338,1531,1414,1408,1331,1368,1300
"Sema4c",1770,3822,3260,3337,3934,4031,3860,3287
"Sema4d",255,432,508,416,504,408,314,436
"Sema4f",49,117,85,78,111,112,103,87
"Sema4g",38,89,78,76,80,96,88,75
"Sema5a",613,1966,1297,1529,2146,2496,2697,2142
"Sema5b",6,6,11,17,9,3,2,11
"Sema6a",1627,3588,3109,3311,4104,4110,3084,2542
"Sema6b",62,119,78,106,103,125,209,151
"Sema6c",369,726,733,712,696,775,677,566
"Sema6d",141,306,266,317,313,307,281,290
"Sema7a",2085,3152,3455,3696,3304,2217,2134,2798
"Senp1",1039,1716,1657,1970,1721,1468,1477,1669
"Senp2",1223,2443,2291,2452,2579,2667,2852,2804
"Senp3",2332,4228,4658,4383,4216,3906,4003,4128
"Senp5",1573,3538,2948,3494,3774,3907,3667,3646
"Senp6",818,2448,1544,1862,2103,2262,2061,2129
"Senp7",297,951,593,761,696,818,724,794
"Senp8",156,382,304,347,369,351,300,314
"Sephs1",1737,2836,3074,3315,2978,2547,2554,2726
"Sephs2",708,1286,1311,1314,1449,1393,1492,1516
"Sepn1",2703,5206,4791,5079,4967,5096,5242,5112
"Sepp1",2268,5010,4947,4796,5185,6321,5551,4787
"Sepsecs",167,400,319,359,370,390,403,344
"Sepw1",896,1884,2426,1952,1797,1956,2249,2045
"Serac1",337,868,807,791,995,1085,1123,1085
"Serbp1",9233,15716,18203,18829,17641,15216,14375,16737
"Serf1",331,559,579,612,510,578,527,547
"Serf2",4347,6926,6886,6211,6477,6688,6616,6303
"Sergef",142,307,262,256,289,281,275,280
"Serhl",378,703,746,685,720,693,677,717
"Serinc1",7717,18505,15819,17993,21507,26032,23057,21235
"Serinc2",1597,2736,2791,2734,2701,2696,2191,2350
"Serinc3",8385,18633,17701,16485,18740,22690,22534,19898
"Serinc4",53,75,68,78,82,68,67,69
"Serinc5",1787,3267,3200,3619,3601,3413,3161,2952
"Serp1",5744,11538,9308,11038,12656,14205,12474,12288
"Serp2",96,209,238,195,197,179,238,201
"Serpina11",1,2,0,1,1,3,8,4
"Serpina12",11,37,32,25,29,45,64,47
"Serpina1a",1,1,0,1,2,2,0,0
"Serpina1b",1,3,3,1,2,4,0,3
"Serpina1c",1,3,2,3,3,1,2,0
"Serpina1d",1,3,0,2,4,1,4,11
"Serpina1e",1,2,6,3,1,5,2,0
"Serpina3c",5,22,11,13,13,28,26,35
"Serpina3f",0,15,1,2,11,32,22,17
"Serpina3g",118,483,288,274,490,722,921,700
"Serpina3h",125,213,206,232,277,251,173,187
"Serpina3i",11,77,14,25,63,120,184,144
"Serpina3k",1,7,5,5,6,5,6,4
"Serpina3m",3,13,8,5,15,23,69,66
"Serpina3n",26,346,104,87,332,607,2546,2166
"Serpina4-ps1",0,0,0,1,1,0,0,1
"Serpina6",39,105,113,104,84,90,87,85
"Serpina9",4,33,13,9,14,35,23,27
"Serpinb1a",2605,5631,7130,5452,5359,6109,8587,8128
"Serpinb1b",68,176,134,134,143,192,313,299
"Serpinb1c",11,20,18,22,25,41,28,23
"Serpinb2",5,40,24,29,63,96,465,476
"Serpinb6a",12392,25732,26656,23558,26310,28483,31770,29743
"Serpinb6b",317,846,966,854,867,1177,1409,1165
"Serpinb6c",7,11,24,21,17,19,14,28
"Serpinb6d",0,3,1,0,1,3,1,0
"Serpinb7",64,149,252,128,191,210,150,173
"Serpinb8",137,284,206,240,264,299,262,204
"Serpinb9",1020,2406,2356,2311,2570,2924,4010,3815
"Serpinb9b",159,852,331,380,977,1544,2292,1738
"Serpinb9c",8,37,14,23,40,54,38,34
"Serpinb9d",23,54,72,44,62,89,83,60
"Serpinb9e",19,72,80,43,98,141,178,139
"Serpinb9f",3,7,8,6,6,11,9,11
"Serpinb9g",35,116,112,72,135,188,167,132
"Serpinc1",3,11,4,6,5,9,5,6
"Serpind1",32,40,55,55,49,54,43,51
"Serpine1",3034,5072,4662,5327,5529,5289,4552,4764
"Serpine2",2020,4362,2756,3363,4163,5464,4778,3678
"Serpine3",14,26,11,16,9,23,17,18
"Serpinf1",20897,34963,47833,44401,33304,31398,31608,33743
"Serpinf2",0,2,6,0,4,3,4,2
"Serping1",877,2355,3112,2339,2381,3173,5100,4279
"Serpinh1",38729,68966,62103,66452,66525,62337,55620,59050
"Serpini1",8,10,4,15,10,14,17,10
"Sertad1",578,1108,1113,1062,1038,964,967,980
"Sertad2",1751,3474,2907,3584,3792,3906,3398,3400
"Sertad3",295,501,738,602,522,484,492,482
"Sertad4",6980,11625,11313,12844,12332,10827,7970,9500
"Sesn1",1454,2731,3142,3043,2639,2569,2315,2163
"Sesn2",439,943,811,786,989,1105,2007,1793
"Sesn3",415,985,733,858,899,834,686,604
"Sestd1",1068,2707,2016,2445,2566,2819,2693,2594
"Set",6315,9913,11580,12070,10755,9422,9565,10921
"Setbp1",427,1400,637,965,1347,1574,1327,1103
"Setd1a",1095,2168,1885,2032,2217,2044,2191,2100
"Setd1b",563,1254,1224,1183,1266,1243,1397,1247
"Setd2",814,2679,1521,1837,2067,2162,2013,2163
"Setd3",2477,4259,4722,4489,4428,4354,4689,4557
"Setd4",60,136,148,127,121,133,136,171
"Setd5",2718,5522,4997,5858,5710,5625,5313,5469
"Setd6",345,732,866,717,685,632,715,881
"Setd7",2616,6409,5185,6000,6408,6448,5663,5614
"Setd8",2107,3839,3788,4158,4431,4097,3628,3787
"Setdb1",1621,2999,3131,3213,3306,2889,3199,3255
"Setdb2",194,398,368,417,437,366,357,458
"Setmar",46,68,75,68,78,85,86,69
"Setx",787,2396,1462,1671,1976,2093,2005,2116
"Sez6l2",2,5,3,2,4,8,12,5
"Sf1",5138,9012,9219,9604,8861,8208,7935,8268
"Sf3a1",2911,5156,5508,5410,4989,4404,4579,4700
"Sf3a2",1325,2384,2526,2445,2376,2204,2158,2202
"Sf3a3",1653,3144,3494,3335,3184,2899,3065,3145
"Sf3b1",5367,12092,10199,12311,12002,12248,10926,11368
"Sf3b2",6200,11923,12160,11799,11804,11604,12031,11609
"Sf3b3",4825,8509,9740,9321,8544,7770,9013,9031
"Sf3b4",1973,2990,3416,3197,2949,2791,3052,3027
"Sf3b5",727,1286,1343,1285,1288,1243,1254,1299
"Sf3b6",1530,2821,3376,2992,2832,2656,2678,2835
"Sfi1",273,620,570,536,606,674,679,677
"Sfmbt1",460,901,828,920,1002,961,931,953
"Sfmbt2",43,67,39,71,82,69,54,55
"Sfn",34,48,39,45,43,44,52,61
"Sfpq",5491,9465,9866,10754,9881,8610,8504,9176
"Sfr1",3518,7124,6314,7242,7799,7625,6369,6801
"Sfrp1",297,527,776,694,582,617,793,718
"Sfrp2",6349,8336,7482,10661,7469,5721,3139,5482
"Sfrp4",56,78,82,89,102,65,93,109
"Sfrp5",1,1,0,1,0,0,0,1
"Sfswap",957,1871,1766,1851,1967,1853,1803,1938
"Sft2d1",474,806,796,884,788,858,886,903
"Sft2d2",1797,4688,4253,4037,4705,5511,6484,5560
"Sft2d3",90,211,199,232,232,213,248,249
"Sftpc",0,0,0,0,1,1,1,0
"Sfxn1",919,1488,1636,1845,1535,1262,1362,1646
"Sfxn2",101,122,130,169,136,109,127,145
"Sfxn3",3207,6770,6815,6515,6143,6570,7506,6755
"Sfxn4",100,188,132,159,174,149,110,135
"Sfxn5",54,88,82,79,110,108,134,131
"Sgca",979,1937,2026,1749,1873,1998,1426,1509
"Sgcb",3330,6850,7015,6874,7316,7736,6478,6638
"Sgcd",224,407,363,425,399,402,441,476
"Sgce",1082,2430,2318,2393,2422,2641,2609,2504
"Sgcg",1351,2173,2712,2187,2334,2095,1535,1908
"Sgcz",1,1,0,1,0,0,1,0
"Sgip1",6,28,10,8,25,33,22,31
"Sgk1",2567,4304,3101,4001,4754,4241,4238,4428
"Sgk3",103,175,156,206,175,167,122,164
"Sgms1",571,1040,995,1140,1208,1154,980,1079
"Sgms2",617,1415,927,1289,1566,1867,1689,1412
"Sgol1",481,766,459,821,689,389,274,521
"Sgol2a",193,430,289,387,319,239,162,312
"Sgpl1",4349,10510,9465,8461,10542,11667,13766,11311
"Sgpp1",1597,3228,3144,3568,3725,4358,4917,4818
"Sgpp2",4,4,6,7,3,5,3,10
"Sgsh",273,657,563,496,687,728,895,657
"Sgsm1",122,250,192,216,282,254,247,229
"Sgsm2",736,1493,1308,1317,1558,1492,1405,1234
"Sgsm3",785,1538,1559,1412,1493,1417,1651,1672
"Sgta",2927,5665,5702,5347,5449,5541,5570,5272
"Sgtb",198,384,431,403,419,403,470,450
"Sh2b1",1888,3613,3651,3479,3539,3403,3171,3134
"Sh2b2",215,365,353,371,376,449,483,455
"Sh2b3",1121,2172,2210,2233,2136,1916,1924,2002
"Sh2d1b1",2,3,1,3,2,0,0,3
"Sh2d3c",42,71,78,82,65,70,100,85
"Sh2d4a",75,158,104,112,165,172,179,151
"Sh2d4b",2,3,3,3,4,5,2,5
"Sh2d5",6,9,6,12,9,10,9,12
"Sh2d7",23,33,40,41,35,31,28,36
"Sh3bgr",228,369,473,406,415,362,203,308
"Sh3bgrl",1603,5683,3218,3909,4060,5435,4275,4342
"Sh3bgrl2",159,218,238,242,287,207,226,262
"Sh3bgrl3",1614,3196,3368,3131,2720,3083,3125,2976
"Sh3bp1",572,937,1160,1126,826,814,962,982
"Sh3bp2",494,1042,1041,932,979,1021,1009,987
"Sh3bp4",1652,2779,2429,2895,2783,2536,2411,2709
"Sh3bp5",1127,2273,2814,2527,2280,2484,2647,2218
"Sh3bp5l",1052,2069,1914,1845,1996,2019,2197,2109
"Sh3d19",4762,8436,8547,9570,8720,8234,6915,7535
"Sh3d21",17,14,31,30,20,17,19,20
"Sh3gl1",2822,4908,5176,5268,4793,4614,4506,4488
"Sh3gl2",0,0,0,2,0,2,1,0
"Sh3gl3",239,368,332,393,331,252,229,310
"Sh3glb1",16307,35263,29619,34150,35962,35391,27527,29600
"Sh3glb2",923,1768,1823,1724,1646,1603,1511,1571
"Sh3kbp1",2539,4860,4152,5454,4805,4524,3743,4213
"Sh3pxd2a",8571,16476,17126,16650,17912,15284,13540,14596
"Sh3pxd2b",4302,8284,7675,8020,7837,7505,8083,7270
"Sh3rf1",607,1080,920,1061,1255,1248,1165,1096
"Sh3rf2",63,79,111,100,73,72,56,71
"Sh3rf3",155,308,218,281,328,309,230,251
"Sh3tc1",15,29,12,23,22,39,31,22
"Sh3tc2",11,18,23,14,22,22,22,23
"Sh3yl1",56,144,130,120,148,139,146,145
"Shank1",3,6,15,7,7,9,8,6
"Shank2",9,17,16,15,39,20,20,22
"Shank3",1,4,5,1,5,7,5,9
"Sharpin",682,1290,1480,1375,1234,1309,1371,1390
"Shb",969,1893,1790,1680,1910,1957,1762,1685
"Shbg",3,4,1,4,2,0,0,1
"Shc1",5103,10022,8959,9042,9991,10098,10424,9640
"Shc2",1144,2718,1943,2132,2708,3169,3772,3078
"Shc3",4,2,8,7,2,0,0,2
"Shc4",34,70,62,64,90,93,70,73
"Shcbp1",637,945,699,1137,846,435,310,632
"Shcbp1l",0,4,0,2,4,2,1,2
"Shd",1,3,0,1,2,1,0,3
"She",4,16,21,14,23,15,10,18
"Shf",656,1110,1369,1232,1177,1036,1035,1060
"Shfm1",1502,3000,3227,2950,2979,2780,2731,2705
"Shisa2",189,259,420,324,306,253,164,307
"Shisa4",1202,1968,2131,1986,1907,1866,1563,1710
"Shisa5",2352,5057,4579,4483,4911,5402,6684,5903
"Shisa7",0,1,2,1,0,0,0,0
"Shisa8",3,5,4,4,4,4,2,8
"Shisa9",1,0,3,5,3,0,0,4
"Shkbp1",472,815,836,841,791,779,765,746
"Shmt1",280,430,444,493,409,331,352,418
"Shmt2",2250,5055,4896,4131,4924,5307,6206,5731
"Shoc2",928,2483,1550,2075,2200,2458,2008,2038
"Shox2",607,1364,1468,1604,1330,1444,1357,1448
"Shpk",53,80,160,121,80,79,97,136
"Shprh",289,963,549,757,848,909,816,816
"Shq1",204,412,477,418,442,402,503,487
"Shroom1",154,281,321,278,260,253,253,266
"Shroom2",9,13,38,15,19,13,9,22
"Shroom3",272,444,531,455,542,430,308,509
"Shroom4",77,146,130,155,182,105,119,145
"Shtn1",15,27,27,33,25,34,35,23
"Siae",94,220,255,220,276,270,291,267
"Siah1a",1158,2008,1868,2220,2184,2204,2187,2373
"Siah1b",195,287,283,341,316,279,255,295
"Siah2",767,1371,1332,1369,1349,1392,1387,1404
"Sidt1",0,1,5,1,0,2,1,1
"Sidt2",3488,7433,7682,7122,7021,7612,8469,7608
"Sigirr",43,89,33,59,84,68,61,70
"Siglec1",0,0,1,0,3,2,3,1
"Siglec15",19,55,33,30,53,53,50,34
"Siglecf",21,36,27,37,28,32,24,42
"Siglecg",131,371,181,218,395,457,399,310
"Sigmar1",1420,2822,2501,2555,2763,2989,3359,3034
"Sik1",1423,2532,2625,2513,2685,2422,2033,2321
"Sik2",231,496,483,503,506,429,554,507
"Sik3",1242,2525,2246,2401,2359,2418,2606,2338
"Sike1",1051,2001,2203,1994,2052,1907,1736,2027
"Sil1",1368,2695,3137,2825,2599,2825,2958,2853
"Sim1",3,1,0,3,1,0,0,2
"Sim2",739,1542,1573,1496,1551,1656,1622,1595
"Simc1",286,614,622,616,668,521,531,656
"Sin3a",1736,3091,3126,3457,3152,3185,3492,3254
"Sin3b",1655,3314,3786,3306,3291,3111,3472,3404
"Sipa1",793,1375,1259,1420,1384,1388,1223,1267
"Sipa1l1",1662,3356,2525,3001,3495,3925,3623,3059
"Sipa1l2",649,1102,1133,1084,1305,1135,1255,1201
"Sipa1l3",683,1375,1102,1243,1440,1465,1660,1348
"Sirpa",1396,4461,2649,2594,4315,6069,7379,5532
"Sirt1",271,926,453,633,795,920,729,758
"Sirt2",1592,2763,2822,2707,2709,3112,3035,2750
"Sirt3",207,386,416,422,431,428,477,470
"Sirt4",190,395,395,409,375,398,404,393
"Sirt5",168,331,306,276,342,391,337,307
"Sirt6",432,844,732,745,824,868,869,808
"Sirt7",403,728,704,691,752,724,748,743
"Sit1",1,0,0,3,1,1,0,1
"Siva1",509,715,987,901,723,626,697,803
"Six1",5428,10075,9981,10602,10489,11138,9454,8988
"Six2",0,1,1,0,1,0,0,0
"Six4",923,2020,1703,2081,2125,1993,1561,1642
"Six5",205,408,360,405,371,436,454,375
"Six6",0,1,0,0,0,0,1,1
"Ska1",265,346,322,431,335,150,112,255
"Ska2",524,778,747,980,800,645,521,681
"Ska3",471,591,498,737,555,329,242,453
"Skap1",38,50,38,47,38,24,15,29
"Skap2",1049,2089,2107,1939,2192,2047,2007,2103
"Ski",4429,8612,7931,8120,8389,8806,8598,8224
"Skida1",21,41,35,45,40,27,18,32
"Skil",1306,3419,1887,2711,2964,2987,2466,2907
"Skint7",0,0,0,0,0,1,3,4
"Skiv2l",1807,3602,3581,3429,3431,3663,3733,3665
"Skiv2l2",1480,2607,2361,2828,2846,2614,2241,2583
"Skor1",0,1,3,4,0,4,2,6
"Skp1a",7006,13130,14903,13682,12943,13076,12160,12628
"Skp2",632,926,1058,1276,1000,695,627,861
"Sla",76,105,103,127,115,98,69,90
"Sla2",6,4,4,10,8,7,8,4
"Slain2",1569,3820,2767,3287,3970,4494,3927,3615
"Slamf8",2,11,6,9,9,7,9,9
"Slamf9",5,12,14,6,18,21,13,14
"Slbp",1178,1700,1682,2035,1763,1292,1313,1628
"Slc10a1",0,0,2,1,3,1,2,7
"Slc10a3",449,812,966,836,912,926,1090,995
"Slc10a4",3,8,19,8,9,16,15,11
"Slc10a6",22,49,62,61,61,97,250,230
"Slc10a7",666,1188,1121,1380,1179,1104,1167,1325
"Slc11a1",68,157,101,114,162,163,184,147
"Slc11a2",2887,7071,7594,6220,6956,7801,9901,8070
"Slc12a1",1,4,5,5,2,11,11,8
"Slc12a2",1433,3752,2917,3333,3778,4157,3105,3275
"Slc12a3",1,2,0,1,1,0,0,0
"Slc12a4",2098,4458,4001,3757,4423,4406,4458,4341
"Slc12a5",15,18,11,23,27,25,18,28
"Slc12a6",1303,2542,2474,2660,2842,2973,3036,2837
"Slc12a7",1809,3376,3280,3314,3323,3211,3002,3072
"Slc12a8",7,10,15,8,10,19,16,6
"Slc12a9",368,802,857,733,791,996,1053,906
"Slc13a1",1,3,7,3,1,9,4,2
"Slc13a2",2,1,0,4,2,0,0,0
"Slc13a3",2,2,2,3,1,3,0,0
"Slc13a4",2,3,7,4,6,3,4,3
"Slc13a5",12,48,45,37,46,41,64,48
"Slc14a1",86,151,76,127,201,123,89,82
"Slc14a2",4,5,4,4,5,5,1,9
"Slc15a1",1,0,0,1,1,0,0,0
"Slc15a2",1,1,0,1,0,0,0,0
"Slc15a3",0,5,1,0,1,2,3,2
"Slc15a4",797,1904,1675,1494,1756,2306,2537,1981
"Slc16a1",3397,9064,7367,7377,9313,13092,19513,16724
"Slc16a10",54,146,124,126,176,200,208,164
"Slc16a11",200,404,640,505,419,435,624,616
"Slc16a12",6,11,9,16,14,1,0,9
"Slc16a13",198,352,465,407,369,337,427,466
"Slc16a14",2,3,1,2,2,3,4,0
"Slc16a2",875,2067,1190,1251,2091,2414,1878,1618
"Slc16a3",2369,4697,2067,3341,4174,5375,5166,4313
"Slc16a4",17,36,17,28,30,35,23,19
"Slc16a5",2,7,1,6,2,5,6,3
"Slc16a6",27,51,49,54,50,49,41,49
"Slc16a7",9,20,8,14,13,17,26,25
"Slc16a8",1,5,7,2,7,9,8,7
"Slc16a9",74,115,134,134,121,134,98,101
"Slc17a5",408,810,822,905,983,1180,1310,1203
"Slc17a7",4,11,11,7,10,5,3,10
"Slc17a8",0,0,1,0,1,0,0,1
"Slc17a9",4,3,8,7,4,3,2,7
"Slc18a1",0,3,4,1,2,3,4,6
"Slc18a2",25,64,37,52,43,68,72,73
"Slc18b1",545,1085,1073,1020,1071,1128,993,988
"Slc19a1",450,890,1012,903,786,925,1160,1064
"Slc19a2",433,751,1129,989,819,746,1087,1075
"Slc19a3",1,0,0,1,0,0,1,0
"Slc1a1",5,1,2,5,0,0,0,1
"Slc1a2",1,4,5,1,4,1,1,0
"Slc1a3",3491,6134,6439,7654,5754,5296,5281,5474
"Slc1a4",2346,4613,4564,4489,4502,4784,5842,5964
"Slc1a5",357,750,656,614,737,804,980,927
"Slc1a6",121,193,202,195,204,177,117,117
"Slc1a7",0,0,1,0,3,3,7,1
"Slc20a1",2460,4718,4642,4585,5275,5141,5607,5510
"Slc20a2",1253,2380,2788,2375,2477,2481,3536,3374
"Slc22a13",0,3,1,0,0,3,1,0
"Slc22a13b-ps",5,7,6,10,7,8,14,14
"Slc22a15",211,429,450,419,419,435,410,388
"Slc22a17",135,292,306,262,254,261,180,248
"Slc22a18",20,31,28,35,52,67,67,41
"Slc22a21",114,210,164,229,217,239,214,243
"Slc22a23",188,556,483,420,640,842,954,790
"Slc22a4",58,202,163,136,176,248,505,458
"Slc22a5",354,697,778,733,685,722,721,753
"Slc23a1",11,14,12,25,19,18,20,23
"Slc23a2",1512,3041,2808,2953,3412,3578,4124,3593
"Slc23a3",2,12,8,6,5,13,16,17
"Slc24a3",387,866,951,851,912,1013,1319,1266
"Slc24a4",16,23,17,23,11,14,8,17
"Slc24a5",8,18,12,18,11,15,7,18
"Slc25a1",1392,2803,2450,2515,2538,2818,3050,2841
"Slc25a10",1085,1721,1906,1997,1711,1491,1400,1437
"Slc25a11",2144,3960,4446,4079,3704,3929,3769,3773
"Slc25a12",1828,3045,3733,3484,3078,2727,2566,3058
"Slc25a13",56,88,83,96,100,64,62,81
"Slc25a14",208,367,323,333,344,366,366,377
"Slc25a15",229,440,536,482,470,460,493,494
"Slc25a16",660,1333,1229,1439,1537,1590,1432,1540
"Slc25a17",3492,5932,6866,7113,5886,5538,5728,6155
"Slc25a18",1,4,3,2,6,7,4,3
"Slc25a19",246,520,540,471,500,498,552,537
"Slc25a2",1,1,3,2,2,7,6,2
"Slc25a20",818,1437,1479,1407,1363,1382,1451,1419
"Slc25a22",291,542,731,629,642,497,607,623
"Slc25a23",153,372,303,272,357,389,345,272
"Slc25a24",3175,5771,5220,6270,6590,5879,5383,5828
"Slc25a25",429,768,765,796,694,613,757,783
"Slc25a26",109,189,193,200,216,202,247,224
"Slc25a27",139,272,290,358,320,379,464,397
"Slc25a28",308,630,663,600,590,525,590,618
"Slc25a29",425,996,936,820,903,1204,1409,1102
"Slc25a3",12188,22546,25443,22788,21931,22287,21480,21388
"Slc25a30",615,1233,1127,1232,1220,1217,1425,1341
"Slc25a32",395,873,729,782,767,671,659,794
"Slc25a33",150,438,396,289,382,425,599,579
"Slc25a34",2,4,6,7,3,8,8,3
"Slc25a35",56,127,149,148,113,116,125,117
"Slc25a36",646,1576,1130,1352,1495,1653,1473,1548
"Slc25a37",2214,5160,4570,4879,5899,7116,9084,8691
"Slc25a38",226,414,444,432,415,455,469,499
"Slc25a39",2106,4059,4166,3897,3959,4055,4225,4043
"Slc25a4",8389,15348,17776,16148,14685,13672,13943,14746
"Slc25a40",328,693,582,700,756,716,683,744
"Slc25a42",178,308,335,361,308,333,303,315
"Slc25a43",61,87,105,114,89,99,103,86
"Slc25a44",936,1885,1881,1743,1845,1835,1955,1921
"Slc25a45",161,320,292,317,330,390,392,351
"Slc25a46",1386,2873,2499,2901,3208,3301,2911,2949
"Slc25a47",37,57,66,51,67,73,69,71
"Slc25a5",8878,14308,18003,16161,14319,12906,13764,15017
"Slc25a51",2087,3797,4152,3841,3998,3890,4060,4029
"Slc25a53",27,64,60,54,76,49,77,69
"Slc25a54",1,4,1,5,1,3,2,1
"Slc26a1",5,5,9,10,5,6,4,10
"Slc26a10",10,31,23,20,32,27,27,25
"Slc26a11",94,242,229,189,218,238,329,290
"Slc26a2",205,573,393,466,467,441,433,391
"Slc26a4",2,11,4,5,9,5,3,3
"Slc26a6",98,151,166,155,170,156,168,173
"Slc26a7",1,4,11,1,2,5,3,2
"Slc26a8",3,3,4,6,8,9,9,8
"Slc26a9",1,2,3,1,0,0,0,1
"Slc27a1",1348,4059,3200,2423,3948,5268,7003,5668
"Slc27a2",1,2,0,2,1,0,0,1
"Slc27a3",322,706,365,540,646,764,575,434
"Slc27a4",1221,2573,2344,2255,2453,2716,2710,2570
"Slc27a5",1,1,0,2,2,1,3,2
"Slc28a1",1,1,1,2,1,1,2,0
"Slc29a1",11461,20605,23528,22690,19243,19776,18575,18612
"Slc29a2",164,332,408,341,350,387,332,300
"Slc29a3",652,1512,1204,1239,1500,1617,1855,1675
"Slc29a4",0,1,1,1,2,0,0,0
"Slc2a1",2819,7065,4375,4927,6641,10402,14150,11408
"Slc2a10",128,237,232,256,237,236,184,208
"Slc2a12",4,16,15,8,19,11,16,9
"Slc2a13",112,262,153,231,257,243,182,238
"Slc2a2",0,0,0,1,0,1,0,1
"Slc2a3",62,148,140,134,155,217,249,204
"Slc2a4",22,31,62,36,33,17,14,27
"Slc2a4rg-ps",30,100,83,80,101,111,112,109
"Slc2a5",3,2,4,5,6,7,4,3
"Slc2a6",459,787,1325,922,825,804,703,749
"Slc2a7",1,1,0,1,0,0,0,0
"Slc2a8",274,616,592,571,575,732,728,655
"Slc2a9",55,90,68,86,68,52,77,87
"Slc30a1",304,607,468,548,688,675,676,644
"Slc30a2",2,7,4,4,5,3,5,3
"Slc30a3",10,19,23,22,19,11,14,23
"Slc30a4",1622,5420,2942,3681,4867,6179,5433,4472
"Slc30a5",1605,3243,3327,3284,3409,3591,3688,3403
"Slc30a6",526,993,1085,970,1054,1081,1152,1134
"Slc30a7",1186,2710,2062,2768,2850,2890,2768,2733
"Slc30a9",2484,4961,4429,4749,5453,5812,5580,5448
"Slc31a1",2024,4046,3963,3950,4199,4438,4373,4340
"Slc31a2",334,681,799,703,709,867,944,829
"Slc33a1",1222,3014,2750,2807,3226,4089,3726,3092
"Slc34a1",1,1,0,1,1,0,0,0
"Slc35a1",1242,1951,2167,2265,2262,2211,2098,2223
"Slc35a2",879,1689,1743,1681,1587,1566,1678,1676
"Slc35a3",454,1278,787,1024,1069,1137,1078,1138
"Slc35a4",1964,3288,3845,3625,3173,3062,3348,3478
"Slc35a5",435,980,819,951,1083,1118,991,969
"Slc35b1",1506,3351,3330,3021,3256,3947,4380,3910
"Slc35b2",1898,3512,3824,3565,3227,3241,3513,3472
"Slc35b3",313,538,586,615,575,546,594,609
"Slc35b4",1331,2768,2540,2579,2718,2777,2984,2805
"Slc35c1",432,801,761,790,786,832,878,860
"Slc35c2",797,1898,1722,1523,1759,2104,2486,2097
"Slc35d1",204,343,411,377,378,347,384,401
"Slc35d2",181,343,334,302,347,382,398,369
"Slc35e1",2340,4107,3693,3879,3852,3695,3648,3873
"Slc35e2",425,721,776,901,810,794,722,814
"Slc35e3",963,1631,1783,1671,1700,1595,1856,1781
"Slc35e4",1574,2980,3048,2883,2925,3077,3051,3172
"Slc35f1",0,1,1,0,0,1,0,3
"Slc35f2",4,3,5,4,2,1,2,2
"Slc35f3",0,2,1,0,1,2,1,1
"Slc35f5",1622,3593,3700,3288,3398,4053,4711,4328
"Slc35f6",1083,2260,2390,2122,2066,2376,2714,2498
"Slc35g1",16,20,33,24,16,14,12,32
"Slc35g2",4,15,17,14,16,12,10,19
"Slc35g3",1,5,2,2,9,2,3,1
"Slc36a1",458,1026,849,812,1004,1211,1179,917
"Slc36a2",16,56,43,36,54,59,63,39
"Slc36a4",241,476,466,467,465,370,452,438
"Slc37a1",7,9,5,9,9,12,7,6
"Slc37a2",186,344,417,387,369,429,345,303
"Slc37a3",1138,2349,1955,2056,2387,2533,2827,2474
"Slc37a4",317,685,584,587,640,852,900,753
"Slc38a1",1428,2909,3047,2810,3232,3142,3855,3731
"Slc38a10",6590,10243,12700,12148,10070,7754,8208,10373
"Slc38a2",10725,24859,18358,23013,27398,31384,28442,25580
"Slc38a3",5,2,4,8,7,4,6,1
"Slc38a4",8,22,25,16,22,15,11,13
"Slc38a5",1,1,0,1,0,1,1,0
"Slc38a6",397,791,636,819,878,800,710,723
"Slc38a7",1198,3304,3229,2518,3050,3801,5545,4666
"Slc38a9",337,732,775,740,752,870,841,776
"Slc39a1",4170,7946,7465,7068,7430,7310,8129,7644
"Slc39a10",351,878,604,845,835,917,831,753
"Slc39a11",548,1052,988,985,1075,1070,1165,1040
"Slc39a12",0,2,0,0,3,0,1,3
"Slc39a13",2445,4667,5214,4825,4680,4876,5089,5094
"Slc39a14",2684,6505,5260,5173,6509,7571,11416,9727
"Slc39a2",1,5,7,4,5,10,9,3
"Slc39a3",715,1481,1277,1258,1455,1629,1596,1335
"Slc39a4",2,1,2,4,3,5,9,4
"Slc39a5",7,4,4,10,8,13,3,12
"Slc39a6",2031,4617,4100,4020,4865,5546,6817,5886
"Slc39a7",5915,13212,12585,11529,12387,13690,15536,14151
"Slc39a8",94,212,133,182,236,265,297,265
"Slc39a9",1954,3848,3506,3544,3743,3702,3707,3737
"Slc3a1",1,1,4,2,1,5,2,4
"Slc3a2",2751,8488,5960,5445,8061,11320,17594,15039
"Slc40a1",517,952,917,867,995,1070,758,749
"Slc41a1",1004,2211,2193,2114,2143,2445,2818,2499
"Slc41a2",915,1833,1192,1579,2052,2432,2293,2061
"Slc41a3",175,373,360,329,367,388,354,329
"Slc43a1",292,680,774,687,630,754,784,644
"Slc43a2",1097,1746,2583,2193,1685,1443,1296,1614
"Slc43a3",1018,1398,1584,1847,1396,1021,1133,1399
"Slc44a1",3068,5672,5895,5995,5541,5476,5194,5254
"Slc44a2",10038,20427,21325,19779,18958,20820,23598,21581
"Slc44a3",5,12,17,8,12,19,9,12
"Slc44a4",125,274,345,209,335,376,260,271
"Slc44a5",10,10,15,21,11,8,21,19
"Slc45a2",0,1,0,2,3,0,0,2
"Slc45a3",14,34,40,36,28,37,69,70
"Slc45a4",1215,2271,2165,2162,2266,2247,2248,2232
"Slc46a1",225,544,491,431,522,603,624,512
"Slc46a3",54,128,119,97,125,152,156,127
"Slc47a2",0,0,4,1,1,2,1,4
"Slc48a1",2505,7487,7549,5674,6865,8948,12538,10421
"Slc4a1",0,0,1,0,0,1,1,0
"Slc4a10",0,0,1,1,1,1,1,0
"Slc4a11",41,114,93,78,97,105,122,102
"Slc4a1ap",696,1302,1349,1439,1496,1448,1467,1458
"Slc4a2",2909,5838,5651,5583,5571,5642,6464,5733
"Slc4a3",832,1390,1823,1452,1548,1311,1051,1393
"Slc4a4",49,122,44,76,147,111,89,77
"Slc4a5",0,0,3,1,4,1,0,1
"Slc4a7",1216,3784,2187,2922,3310,3481,2916,2845
"Slc4a8",332,708,487,551,715,708,1027,886
"Slc50a1",579,1160,1174,1138,1165,1216,1351,1183
"Slc51a",0,1,2,3,2,3,3,2
"Slc51b",2,6,5,4,10,4,5,5
"Slc52a2",433,873,1001,879,859,932,948,896
"Slc52a3",3,2,1,5,5,2,1,3
"Slc5a2",0,1,1,0,0,1,0,2
"Slc5a3",621,2076,929,1460,1793,2035,1875,1962
"Slc5a5",62,181,290,170,183,156,116,137
"Slc5a6",283,485,520,477,490,531,478,524
"Slc5a7",49,98,81,110,62,68,61,71
"Slc5a8",1,1,3,1,0,1,1,1
"Slc6a13",2,3,1,3,1,2,1,3
"Slc6a15",0,3,3,0,4,1,4,1
"Slc6a17",240,693,629,511,651,726,1028,889
"Slc6a19",33,65,53,41,42,43,41,54
"Slc6a2",239,437,422,462,518,461,448,392
"Slc6a4",1,0,0,1,0,1,0,0
"Slc6a6",16521,33947,35817,32962,36698,39556,34682,30681
"Slc6a7",89,120,167,183,139,56,54,118
"Slc6a8",2552,6814,7382,5538,6699,8112,10123,8839
"Slc6a9",556,2002,1573,1174,1915,2837,3962,3348
"Slc7a1",1377,3125,2498,2671,3430,3379,4253,4132
"Slc7a11",184,2939,2812,2798,2751,2690,2761,2658
"Slc7a15",1,0,1,1,6,2,4,1
"Slc7a2",3379,8795,5943,7530,8466,9557,8001,7414
"Slc7a3",4,14,19,20,16,17,22,21
"Slc7a4",55,184,125,100,159,214,249,228
"Slc7a5",2957,7290,7337,5823,7323,8884,9316,8227
"Slc7a6",1256,2330,2532,2473,2329,2022,2245,2476
"Slc7a6os",548,984,1137,1110,1056,1019,1041,1037
"Slc7a7",88,124,187,161,137,122,96,134
"Slc7a8",0,0,2,1,0,0,0,4
"Slc8a1",701,1664,1799,1850,1824,1879,1749,1814
"Slc8a2",0,3,5,0,4,4,4,2
"Slc8a3",6,12,14,14,15,19,12,20
"Slc8b1",676,1623,1673,1340,1529,1852,2013,1650
"Slc9a1",1511,2809,2901,2672,2824,2773,3191,3196
"Slc9a2",278,684,589,479,733,852,665,577
"Slc9a3r1",499,1081,951,816,1086,1146,1501,1170
"Slc9a3r2",616,1042,1345,1126,982,883,865,946
"Slc9a4",12,36,24,23,32,27,29,14
"Slc9a5",340,646,662,684,591,514,493,555
"Slc9a6",782,1631,1645,1585,1750,1791,1750,1605
"Slc9a7",2,15,6,8,23,17,18,14
"Slc9a8",897,1895,1789,1662,1861,1935,2179,2016
"Slc9a9",1703,3653,3639,3486,3521,3963,3449,2945
"Slc9b1",3,0,0,5,1,1,0,2
"Slc9b2",18,32,39,25,28,20,16,40
"Slco1a5",26,18,23,35,24,8,4,12
"Slco1b2",1,1,4,1,0,1,2,1
"Slco2a1",6,5,11,8,8,10,17,11
"Slco2b1",7,9,12,12,7,3,3,7
"Slco3a1",1006,2144,2213,1952,2295,2574,2398,2107
"Slco4a1",2,21,9,6,19,17,88,74
"Slco5a1",89,173,199,188,201,147,109,214
"SlcUbl4a",0,6,1,2,2,1,1,1
"Slfn10-ps",0,2,0,3,2,1,3,2
"Slfn2",2,5,2,1,11,7,49,32
"Slfn3",2,9,3,4,8,3,3,4
"Slfn4",1,2,1,1,4,2,1,0
"Slfn5",15,51,19,47,55,58,63,49
"Slfn5os",1,1,2,0,0,1,0,0
"Slfn8",0,6,2,0,5,0,1,2
"Slfn9",36,89,48,58,78,26,18,63
"Slfnl1",0,1,0,0,0,2,1,0
"Slirp",521,590,749,624,595,530,532,616
"Slit1",13,16,22,13,16,24,16,10
"Slit2",1802,4790,2332,3327,4980,5507,4144,3441
"Slit3",0,1,1,0,0,1,1,2
"Slitrk4",0,1,1,1,0,0,0,1
"Slk",1295,3946,2210,2774,3122,3348,3135,3166
"Slmap",1071,3142,2231,2580,2801,3297,2933,2950
"Slmo1",64,112,130,123,103,110,125,127
"Slmo2",1902,3042,3721,3573,3206,2878,2773,3198
"Slpi",168,570,347,351,481,753,2639,2313
"Sltm",476,1499,951,1201,1163,1301,1194,1242
"Slu7",1319,2654,2436,2674,2814,3120,2943,2964
"Slurp1",1,4,0,1,1,5,7,5
"Slx1b",145,316,345,313,293,291,351,372
"Slx4",673,1175,1147,1270,1326,1165,1186,1230
"Slx4ip",99,197,145,180,190,198,148,142
"Smad1",1480,2366,2696,2812,2546,2612,2818,2814
"Smad2",1410,2602,2587,2820,2772,2735,2590,2603
"Smad3",2783,5281,4867,5209,5061,4683,4179,4361
"Smad4",1989,3754,3704,3932,3861,4090,4200,4059
"Smad5",2580,5205,4406,5362,5607,5200,4939,5055
"Smad6",307,472,444,537,461,407,384,434
"Smad7",483,734,555,792,833,776,707,803
"Smad9",81,147,238,200,118,146,204,217
"Smagp",6,9,19,12,13,8,4,10
"Smap1",573,1119,952,1087,1231,1281,1116,1200
"Smap2",1368,2458,2514,2562,2498,2396,2227,2248
"Smarca1",0,0,1,0,0,1,0,1
"Smarca2",1008,1931,1605,2080,1902,2019,1765,1843
"Smarca4",4424,7836,8240,8390,7778,7108,6998,7330
"Smarca5",2818,7882,4963,6401,5874,5542,4956,5974
"Smarca5-ps",1,9,7,7,9,6,7,5
"Smarcad1",381,1191,657,841,988,973,914,1049
"Smarcal1",1063,2021,2155,2202,1999,2144,2271,2085
"Smarcb1",2563,4620,4872,4811,4609,4473,4736,4719
"Smarcc1",2646,4823,4678,5273,5320,4432,4191,4731
"Smarcc2",3626,7122,6737,7022,7446,7341,7197,6858
"Smarcd1",829,1598,1440,1541,1546,1389,1453,1481
"Smarcd2",1350,2464,2349,2498,2353,2163,2358,2337
"Smarcd3",1516,2651,3001,2876,2615,2608,2239,2235
"Smarce1",3472,5880,6178,6271,6353,5884,5430,5665
"Smc1a",1797,4882,3159,4493,4309,3998,3275,3711
"Smc1b",1,3,1,1,0,2,2,1
"Smc2",654,1481,869,1245,956,741,605,1048
"Smc2os",2,7,4,2,5,2,2,5
"Smc3",594,1846,1029,1277,1415,1454,1394,1542
"Smc4",598,1436,1214,1349,1294,1133,1009,1487
"Smc5",558,1588,954,1217,1320,1311,1176,1441
"Smc6",571,1606,1215,1276,1326,1465,1316,1499
"Smchd1",891,2775,1586,2163,2225,2059,1988,2227
"Smco1",0,1,0,0,0,0,1,1
"Smco2",0,0,0,1,1,0,1,0
"Smco3",19,47,65,71,47,45,112,107
"Smco4",166,300,313,304,294,273,266,330
"Smcr8",1400,3093,2741,2653,3163,3306,3339,3043
"Smdt1",1358,2579,3005,2663,2458,2322,2233,2436
"Smek1",812,2004,1293,1773,1716,1790,1567,1682
"Smek2",547,1729,1089,1213,1290,1467,1423,1515
"Smg1",1452,4182,2688,3420,3838,3986,3846,3663
"Smg5",2267,4279,4640,4316,4184,3696,4050,4219
"Smg6",1696,3088,3518,3393,3342,2995,2729,2984
"Smg7",1502,2641,2938,2921,2859,2556,2736,2939
"Smg8",982,1843,1731,1767,1819,1830,2023,1943
"Smg9",295,536,627,536,501,546,642,664
"Smim1",67,145,178,117,141,142,112,126
"Smim10l1",596,1721,1268,1458,1536,1894,1822,1769
"Smim10l2a",2,7,1,2,1,2,2,3
"Smim11",501,936,1114,990,903,892,880,921
"Smim12",397,776,816,763,768,760,867,830
"Smim13",1088,2056,1799,2093,2334,2421,2194,2105
"Smim14",1875,4339,3720,3635,4125,5237,5762,4916
"Smim15",724,1918,1624,1825,1742,1885,1696,1819
"Smim19",567,1112,1174,1067,1092,1204,1206,1160
"Smim20",237,457,478,450,482,483,403,417
"Smim22",1,9,15,4,12,4,4,4
"Smim24",1,3,2,2,0,2,3,0
"Smim3",766,1316,1389,1389,1304,1265,1440,1492
"Smim4",103,252,265,237,234,213,221,250
"Smim5",122,150,306,223,172,68,42,163
"Smim6",18,34,35,25,33,9,8,22
"Smim7",2832,5228,6023,5492,4977,4894,4794,5012
"Smim8",219,418,423,419,406,469,406,429
"Smkr-ps",0,1,0,0,5,2,3,0
"Smn1",680,1182,1266,1332,1134,1033,1083,1154
"Smndc1",1432,2464,2687,2591,2597,2480,2401,2642
"Smo",2771,5048,4767,4799,4726,4619,4805,4837
"Smoc1",37,54,139,102,52,42,49,58
"Smoc2",701,710,2040,1596,761,305,414,804
"Smox",722,1275,1439,1365,1286,1230,1420,1345
"Smpd1",1577,3220,3342,2954,3138,3407,3239,3025
"Smpd2",533,1013,1252,1070,976,1088,1206,1076
"Smpd3",20,30,19,31,29,27,21,23
"Smpd4",876,1618,1857,1775,1634,1664,1728,1663
"Smpd5",30,37,35,42,35,25,31,36
"Smpdl3a",225,582,755,584,587,747,900,811
"Smpdl3b",458,767,982,944,710,580,665,757
"Smpx",692,964,1781,1178,1077,767,523,1163
"Sms",1432,2371,3077,2909,2616,2345,2509,2844
"Smtn",3663,6161,6445,6707,5770,5417,4897,5096
"Smtnl1",11,23,14,14,14,10,6,12
"Smtnl2",7,8,7,8,20,17,12,11
"Smu1",2468,4539,5080,4705,4553,4125,4278,4584
"Smug1",676,1310,1371,1342,1375,1319,1409,1475
"Smurf1",1931,4676,3672,3486,4694,5224,6200,5089
"Smurf2",1560,3535,2839,3368,3781,3986,3761,3607
"Smyd1",1637,2781,3576,2870,2825,2480,1942,2629
"Smyd2",1303,2539,2990,2694,2550,2521,2901,3000
"Smyd3",360,788,700,637,704,821,852,746
"Smyd4",553,981,1044,1074,998,1012,942,978
"Smyd5",786,1514,1586,1485,1423,1477,1533,1527
"Snai1",1235,1945,2139,2269,1878,1641,1619,1907
"Snai2",778,2000,1593,2064,1866,2285,1970,1850
"Snai3",15,7,46,26,18,10,4,17
"Snap23",1162,2298,2116,2353,2490,2626,2219,2218
"Snap29",963,1788,1814,1893,1857,2008,2154,1956
"Snap47",1938,3526,3886,3584,3478,3548,3178,3233
"Snap91",0,1,2,0,1,1,1,4
"Snapc1",311,655,574,632,693,703,733,677
"Snapc2",718,1376,1335,1269,1257,1286,1239,1248
"Snapc3",429,798,1070,895,843,889,838,813
"Snapc4",367,684,665,690,716,763,943,771
"Snapc5",254,512,504,567,517,534,512,531
"Snapin",1718,3508,4158,3656,3644,4001,3949,3901
"Sncaip",138,247,234,288,247,211,159,193
"Sncg",19,37,38,26,37,26,20,26
"Snd1",6098,11889,10206,10766,11092,11708,11850,10840
"Sned1",55,153,114,144,114,101,139,111
"Snf8",1277,2160,2611,2417,2174,1996,2067,2259
"Snhg1",498,866,919,993,941,776,980,1200
"Snhg10",10,4,25,31,15,15,19,19
"Snhg11",2,7,6,8,7,17,14,13
"Snhg12",320,633,645,615,659,674,1286,1214
"Snhg14",11,30,19,30,39,36,29,32
"Snhg17",508,970,1004,1016,1110,876,1099,1201
"Snhg18",381,806,840,823,677,886,927,838
"Snhg20",69,157,230,195,156,165,183,194
"Snhg3",168,265,378,375,271,273,298,319
"Snhg4",137,254,418,413,231,213,281,345
"Snhg5",789,1407,1400,1508,1564,1474,2199,2325
"Snhg6",155,245,286,278,203,165,241,269
"Snhg7",46,91,171,139,92,93,141,170
"Snhg8",370,745,909,821,687,772,1107,1018
"Snip1",815,1436,1515,1482,1382,1283,1383,1410
"Snn",1157,2228,2444,2221,2224,2020,2006,1906
"Snora15",0,3,0,1,0,0,0,2
"Snora16a",16,36,25,37,28,32,46,26
"Snora17",8,6,26,15,10,4,11,14
"Snora20",1,4,0,1,7,4,5,5
"Snora21",7,8,5,11,14,6,7,5
"Snora23",0,5,1,2,5,3,0,3
"Snora28",23,36,20,28,33,28,31,33
"Snora2b",9,24,11,19,18,22,19,23
"Snora3",19,41,36,43,51,34,46,50
"Snora30",0,4,4,0,1,3,2,1
"Snora31",24,49,59,52,54,35,48,53
"Snora33",12,21,19,36,30,25,28,28
"Snora34",2,5,17,17,15,11,15,25
"Snora41",14,33,42,41,42,32,25,44
"Snora43",5,5,26,24,11,11,19,16
"Snora44",11,12,11,18,19,8,10,14
"Snora47",3,2,7,3,0,0,1,2
"Snora52",9,11,18,18,13,13,12,15
"Snora5c",4,10,21,8,11,7,6,12
"Snora61",9,22,35,19,17,20,23,24
"Snora62",3,6,6,5,14,3,7,7
"Snora64",28,34,36,53,58,55,37,58
"Snora65",63,128,106,123,119,117,118,111
"Snora68",9,19,8,19,10,10,8,10
"Snora69",7,3,14,12,7,6,10,8
"Snora70",25,58,45,61,68,82,62,62
"Snora74a",7,10,14,15,4,5,11,10
"Snora75",1,7,2,1,9,6,8,8
"Snora78",0,0,6,0,4,3,2,3
"Snora7a",22,53,44,45,45,37,48,58
"Snora81",18,63,18,47,69,69,40,40
"Snord100",13,26,27,23,41,39,28,33
"Snord104",15,33,50,43,34,28,29,33
"Snord110",0,0,0,1,2,1,2,0
"Snord12",14,45,43,43,46,44,38,31
"Snord123",7,5,11,8,2,4,8,16
"Snord15a",1,3,0,1,3,3,3,2
"Snord15b",4,8,9,9,8,10,7,5
"Snord16a",12,25,25,31,34,29,22,22
"Snord17",2,2,1,2,2,0,3,2
"Snord19",1,10,8,4,14,11,9,7
"Snord1b",2,1,5,2,0,0,1,1
"Snord1c",1,8,5,9,8,9,7,4
"Snord2",9,29,10,23,19,26,36,21
"Snord22",11,22,25,31,35,23,33,33
"Snord23",0,2,0,2,3,1,1,2
"Snord32a",6,6,3,6,2,3,6,3
"Snord34",2,2,1,1,1,2,2,0
"Snord35a",3,3,9,2,2,8,4,7
"Snord35b",0,4,3,1,4,3,2,0
"Snord37",1,0,2,4,3,1,4,2
"Snord42a",0,4,1,0,3,4,3,3
"Snord42b",6,22,31,12,26,13,18,22
"Snord43",7,6,4,5,8,3,5,3
"Snord45b",5,27,23,20,18,21,21,11
"Snord47",3,8,7,16,6,14,9,16
"Snord49a",21,40,42,39,44,28,30,45
"Snord49b",3,10,8,7,15,7,6,13
"Snord4a",11,28,27,30,19,23,22,21
"Snord52",21,57,67,53,49,53,54,60
"Snord53",0,0,1,1,1,0,1,1
"Snord55",9,15,13,19,13,14,19,27
"Snord57",0,1,0,1,0,3,0,0
"Snord58b",8,11,7,11,10,7,12,13
"Snord64",1,0,0,0,0,2,0,2
"Snord65",9,6,3,9,8,9,5,3
"Snord66",0,0,0,1,0,0,2,1
"Snord67",0,1,2,0,1,1,0,1
"Snord68",0,2,1,1,4,5,1,1
"Snord69",8,21,9,23,23,16,22,19
"Snord70",1,0,1,2,2,0,1,0
"Snord71",2,1,2,2,2,0,1,1
"Snord72",17,31,29,39,46,28,34,41
"Snord73a",9,9,8,5,16,12,10,12
"Snord8",0,5,3,1,2,0,1,0
"Snord83b",7,15,19,19,14,14,13,15
"Snord85",1,0,0,1,1,1,0,0
"Snord87",3,8,5,11,12,7,1,7
"Snord88a",1,0,2,3,1,0,1,1
"Snord88c",2,1,9,2,3,0,2,6
"Snord89",6,4,12,6,3,10,7,8
"Snord91a",5,20,13,16,25,22,17,11
"Snord93",1,1,0,1,2,0,0,0
"Snord95",17,24,21,26,31,25,28,27
"Snord96a",163,253,323,311,263,223,284,275
"Snord98",1,4,2,2,3,4,3,1
"Snord99",8,21,32,23,18,19,27,25
"Snph",3,1,1,3,3,1,1,0
"Snrk",814,1409,1397,1462,1372,1222,1274,1288
"Snrnp200",3622,7422,7366,7336,7250,7164,7890,7110
"Snrnp25",251,466,546,456,503,448,423,451
"Snrnp27",888,1754,2047,1893,1796,1916,1899,1890
"Snrnp35",223,455,439,404,479,412,445,412
"Snrnp40",1096,1724,2040,1991,1824,1464,1502,1683
"Snrnp48",195,480,370,468,423,447,362,428
"Snrnp70",3113,6099,6484,6344,6189,5682,5860,5977
"Snrpa",1355,1922,2226,2148,1933,1739,1710,1765
"Snrpa1",856,1434,1714,1668,1403,1151,1177,1304
"Snrpb",3342,5811,6627,6390,5678,5093,5778,6089
"Snrpb2",1137,1918,2095,2438,2161,2094,1905,2139
"Snrpc",1461,2228,2652,2439,2121,2003,1981,2114
"Snrpd1",1526,2565,3082,3098,2771,2071,2098,2483
"Snrpd2",1251,2109,2407,2365,2176,1760,1988,2055
"Snrpd3",1695,2941,3538,3396,3045,2698,2894,3076
"Snrpe",1257,2346,2542,2551,2327,1901,1844,2120
"Snrpf",558,1,3,5,3,3,1,2
"Snrpg",988,1893,2137,1953,1750,1642,1823,1917
"Snrpn",3,9,4,5,2,3,3,1
"Snta1",1288,2531,2755,2411,2372,2645,2457,2409
"Sntb1",281,739,586,728,790,765,652,604
"Sntb2",488,1108,885,1052,1133,1032,1173,987
"Sntg2",0,1,0,0,0,1,1,0
"Snupn",249,554,549,494,490,523,502,500
"Snw1",4524,8554,9998,9341,8979,8845,9762,9819
"Snx1",4549,8754,9785,9044,8815,8744,9424,9010
"Snx10",357,875,805,799,933,1137,1075,959
"Snx11",629,1172,1558,1260,1209,1158,1220,1289
"Snx12",1675,3041,3300,3164,3030,2939,2958,2998
"Snx13",786,2604,1428,1738,2133,2349,2135,2027
"Snx14",834,1696,1475,1761,1823,1998,1772,1776
"Snx15",533,948,1014,999,912,919,852,940
"Snx16",245,552,440,510,524,608,613,598
"Snx17",2498,4541,5449,4828,4362,4322,4888,4647
"Snx18",3093,7443,5645,6049,8216,10075,9657,7858
"Snx19",1268,2525,2514,2486,2464,2545,2818,2678
"Snx2",1440,3154,2661,3197,3234,3378,3192,3276
"Snx20",0,1,3,2,3,2,1,3
"Snx21",556,1058,1060,1010,999,1153,1114,981
"Snx22",79,117,211,195,121,57,69,108
"Snx24",637,1140,1060,1288,1318,1278,1311,1344
"Snx25",728,1357,1177,1392,1294,1435,1469,1365
"Snx27",1911,3548,3549,3730,3929,3699,3649,3542
"Snx29",71,194,187,140,203,212,300,236
"Snx3",3636,6757,6669,6678,6636,6615,6099,6111
"Snx30",363,863,800,778,887,988,1127,968
"Snx32",103,260,210,176,206,258,230,167
"Snx33",835,1952,1753,1746,1850,2032,2449,2085
"Snx4",2521,4632,5404,5178,5071,4914,4603,4691
"Snx5",3230,5973,5754,6209,6456,6421,6023,6121
"Snx6",2721,5465,5175,5590,5748,5966,5699,5468
"Snx7",2234,4108,5253,4558,4296,4038,4049,4577
"Snx8",718,1398,1540,1382,1453,1365,1428,1338
"Snx9",2580,4970,4918,5147,5495,5731,6451,6039
"Soat1",2288,4076,3922,4180,3999,4367,4845,4423
"Soat2",3,2,0,3,4,3,3,1
"Sobp",120,291,310,296,284,341,273,197
"Socs1",87,207,191,169,182,200,197,162
"Socs2",1557,2562,2631,3075,2864,3042,2332,2373
"Socs3",1359,3177,2206,2279,2849,3678,4866,4126
"Socs4",119,338,211,244,316,244,269,248
"Socs5",2060,3990,3769,4163,4188,4000,3971,4077
"Socs6",574,1065,933,972,1145,1089,972,1048
"Socs7",956,1902,1947,1807,1967,1731,1712,1704
"Sod1",2503,4856,5811,5142,4922,4883,5695,5450
"Sod2",1602,4464,4164,3358,4705,5887,10032,8538
"Sod3",5247,8049,8817,8599,8309,7043,8277,9630
"Soga1",2878,5671,4484,5290,5722,5166,4982,4752
"Soga3",32,100,40,72,95,109,75,58
"Sohlh2",46,76,111,95,96,88,57,59
"Son",4489,10504,8292,10188,11096,10650,9718,9521
"Sorbs1",1551,3335,3524,3283,3667,3871,3146,3267
"Sorbs2",1737,5075,3536,3973,5325,7012,5570,4335
"Sorbs2os",1,5,7,6,14,10,10,15
"Sorbs3",1832,3572,3582,3666,3514,3761,3563,3289
"Sorcs1",51,116,82,134,134,144,105,88
"Sorcs2",2334,5069,4325,4214,5103,5540,4776,3983
"Sord",1177,2405,2797,2387,2113,2494,3052,2510
"Sorl1",4,1,3,5,2,3,3,4
"Sort1",291,552,841,587,601,606,537,549
"Sos1",560,1741,1171,1270,1562,1637,1450,1532
"Sos2",512,1372,1014,1159,1307,1481,1463,1384
"Sost",2,0,2,1,2,0,0,3
"Sowaha",0,0,0,0,2,0,1,2
"Sowahb",0,3,1,0,1,1,1,0
"Sowahc",162,444,309,389,462,444,444,412
"Sox11",2231,4735,3820,4213,5072,4924,3335,3949
"Sox12",145,284,371,356,265,299,345,315
"Sox13",50,141,90,87,128,134,107,88
"Sox15",1,1,0,1,1,1,1,1
"Sox18",12,11,15,18,8,6,6,12
"Sox30",1,1,1,3,2,1,11,4
"Sox4",1067,2511,1679,2101,2607,2551,2558,2207
"Sox5",39,131,67,103,111,138,152,120
"Sox6",3,4,2,6,1,4,6,0
"Sox8",725,1009,1331,1427,896,430,252,667
"Sox9",1010,1983,1084,1616,1983,2221,1770,1458
"Sp1",2493,6046,3843,5516,6452,6187,5359,5283
"Sp100",84,129,98,130,170,111,90,143
"Sp140",5,5,7,12,11,10,15,8
"Sp2",442,753,663,734,756,747,682,702
"Sp3",1005,3043,1722,2384,2435,2721,2448,2487
"Sp3os",42,59,64,74,85,111,109,69
"Sp4",115,339,177,233,249,307,274,256
"Sp6",178,295,309,315,276,281,297,306
"Sp7",7,6,7,9,6,4,2,7
"Sp8",17,45,31,28,43,21,19,23
"Sp9",1,4,6,2,4,2,6,6
"Spa17",13,17,26,22,35,30,27,18
"Spaca4",2,2,0,2,1,0,0,1
"Spaca5",0,0,1,0,0,2,1,1
"Spaca6",39,87,96,76,107,107,93,92
"Spag1",109,203,165,199,235,163,160,199
"Spag17",3,7,5,4,9,3,5,3
"Spag4",23,39,50,48,50,23,35,31
"Spag5",1327,1740,1714,2186,1874,901,741,1220
"Spag6l",6,14,11,12,16,16,17,16
"Spag7",1133,2035,2350,2253,2165,2149,2130,2131
"Spag8",1,2,7,8,6,15,6,8
"Spag9",2659,8573,5446,6642,8133,8436,8140,7445
"Sparc",141750,229697,261238,264274,234102,209843,172163,207664
"Sparcl1",19,21,50,46,17,25,21,11
"Spast",1061,2175,1923,2237,2434,2369,2045,2226
"Spata1",24,60,42,48,71,73,48,60
"Spata13",609,824,634,898,819,563,447,644
"Spata17",1,2,1,2,5,7,4,3
"Spata18",2,2,0,3,2,1,0,0
"Spata2",791,1504,1421,1413,1494,1582,1704,1594
"Spata20",5,6,3,9,6,2,0,3
"Spata21",0,1,2,0,5,2,1,1
"Spata22",0,1,1,0,0,0,1,1
"Spata24",95,165,204,202,182,162,138,196
"Spata25",1,1,3,1,2,3,4,5
"Spata2l",35,67,89,64,79,66,48,69
"Spata32",0,0,0,0,1,2,2,0
"Spata33",13,27,22,24,24,22,20,21
"Spata4",0,6,1,0,1,2,1,3
"Spata45",3,2,1,3,1,2,0,1
"Spata5",672,1149,1257,1282,1340,1265,1219,1331
"Spata5l1",89,131,155,157,138,126,178,175
"Spata6",788,1455,1408,1633,1667,1793,1573,1477
"Spata7",201,411,408,406,427,481,441,412
"Spata9",12,26,16,18,24,23,23,15
"Spatc1",0,0,1,1,0,1,2,3
"Spats1",2,1,1,4,3,3,2,1
"Spats2",1650,2805,2931,2858,2866,2689,2589,2738
"Spats2l",791,1176,2647,2401,1261,741,638,1360
"Spc24",658,666,837,1022,634,219,163,469
"Spc25",1089,1462,1397,1880,1497,839,595,1142
"Spcs1",3806,7784,8551,7425,7218,7860,7568,7803
"Spcs2",2360,5785,4599,4407,5678,6862,6589,5655
"Spcs3",3075,6970,5363,6420,7520,9261,8135,7131
"Spdef",1,5,4,7,3,2,2,2
"Spdl1",271,470,280,482,447,271,179,298
"Spdya",3,10,8,7,9,14,8,4
"Specc1",1945,3683,3197,3444,3871,3377,3024,3194
"Specc1l",3143,5763,6074,6346,6208,5387,5169,5475
"Speer3",0,0,2,1,1,1,2,0
"Speer4a",0,1,0,0,3,0,3,5
"Speer4e",0,2,3,2,1,2,0,1
"Spef1",338,611,453,532,616,630,738,751
"Speg",1334,2631,2566,2598,2631,2532,2439,2443
"Spem1",2,1,1,2,2,0,1,0
"Spen",1234,2913,2112,2322,3001,2933,3081,2682
"Spg11",578,1411,1180,1196,1545,1518,1729,1461
"Spg20",2519,4780,5470,5149,4999,4998,4782,4726
"Spg21",2498,5249,5227,4942,4913,5716,6373,5687
"Spg7",1515,2899,2917,2754,2866,2783,2747,2599
"Sphk1",778,1791,1474,1375,1649,2008,2569,2219
"Sphk2",585,1125,1259,1136,1121,1157,1211,1112
"Spi1",1,5,3,1,1,1,2,1
"Spib",1,0,5,1,2,0,2,1
"Spice1",374,823,680,819,837,923,881,838
"Spidr",633,1326,676,1078,1394,1657,1597,1406
"Spin1",2841,4884,4985,5294,4969,4798,4512,4942
"Spin2c",13,10,15,19,9,12,17,15
"Spin4",55,199,101,138,162,167,140,146
"Spink10",1,5,1,1,4,4,3,5
"Spink13",0,1,1,0,0,0,0,1
"Spink2",0,0,1,0,1,0,1,1
"Spink4",1,1,11,4,3,5,2,2
"Spink5",1,1,0,1,5,2,10,5
"Spink8",1,1,2,1,0,1,1,0
"Spint1",185,307,320,349,320,305,434,407
"Spint2",1,1,14,3,5,3,2,0
"Spire1",1954,4031,3561,3924,4435,4774,4264,4252
"Spire2",135,202,304,232,217,171,127,179
"Spn",542,972,956,982,978,757,877,905
"Spns1",628,1324,1197,1154,1327,1508,1523,1431
"Spns2",23,30,46,45,30,23,22,29
"Spns3",1,1,1,1,1,1,2,1
"Spock1",21,19,57,51,31,5,3,17
"Spock2",1687,2821,3109,3262,2673,2290,2250,2354
"Spon1",3,6,11,9,11,14,7,6
"Spon2",2594,3858,4390,5183,3186,2488,1789,2467
"Spop",3030,6350,6119,6646,7087,7554,7472,7530
"Spopl",240,683,520,592,685,746,629,640
"Spp1",32314,68498,63874,71318,75192,89950,99336,84641
"Sppl2a",1963,5178,3388,4046,4708,4841,4276,4126
"Sppl2b",637,1250,1255,1156,1108,1142,1261,1156
"Sppl3",1852,3575,3538,3505,3541,3960,4232,3893
"Spr",432,969,877,789,902,1020,1133,1051
"Spred1",1439,3676,2368,3327,3377,3915,3607,3440
"Spred2",1026,1833,1606,1767,1997,1993,1963,1844
"Spred3",160,296,274,280,302,298,338,343
"Sprn",2,0,0,2,0,0,0,2
"Sprr1a",87,149,96,136,153,141,161,167
"Sprr1b",0,0,0,0,1,0,3,2
"Sprr2b",0,1,0,0,1,0,3,1
"Sprr2d",0,0,0,0,0,1,2,4
"Sprr2e",1,3,0,1,1,4,20,13
"Sprr2g",2,12,6,6,10,20,56,55
"Sprr2h",0,1,2,0,7,7,15,21
"Sprr2j-ps",0,0,0,1,1,2,5,4
"Sprr2k",13,10,4,16,7,3,2,3
"Sprr3",3,6,0,3,3,1,1,4
"Sprtn",464,850,768,843,851,707,785,839
"Spry1",588,1018,987,916,1165,1291,1106,1114
"Spry2",2474,4020,3839,4267,4172,3957,3365,3506
"Spry4",156,272,212,268,271,322,317,337
"Spryd3",1539,3126,3164,2948,2930,2750,2837,2830
"Spryd4",343,641,906,684,724,644,644,763
"Spryd7",334,604,735,674,651,678,662,633
"Spsb1",1256,2875,2184,2099,3083,3484,3515,2999
"Spsb2",455,886,1074,884,894,854,877,810
"Spsb3",605,1006,1092,1036,957,908,999,975
"Spsb4",38,74,44,58,77,82,79,68
"Spta1",21,32,30,31,39,4,1,17
"Sptan1",10953,21318,19755,20440,21161,19189,19062,17863
"Sptb",32,51,53,54,59,30,37,49
"Sptbn1",10833,21937,17744,21231,24445,23184,21003,19445
"Sptbn2",80,151,138,146,165,130,112,138
"Sptbn4",9,19,13,16,18,22,22,16
"Sptlc1",1332,2627,2453,2451,2559,2627,2898,2791
"Sptlc2",1794,4154,3914,3638,4198,4267,5618,5163
"Sptssa",1890,2945,2926,3246,3120,3372,3360,3402
"Spty2d1",922,2263,1717,2066,2365,2548,2340,2231
"Spx",4,25,11,17,14,13,13,20
"Sqle",3865,8457,7047,7332,8945,9046,9834,8258
"Sqrdl",636,1440,1251,1244,1387,1730,2945,2489
"Sqstm1",12045,31492,29751,24365,28882,36005,44595,37548
"Sra1",1231,2363,2571,2334,2323,2289,2384,2580
"Srbd1",541,984,942,1047,1114,1060,1046,1007
"Src",1320,2487,2429,2449,2558,2462,2615,2414
"Srcap",1855,3702,3094,3355,3693,3425,3296,3394
"Srd5a1",145,166,153,231,197,149,132,178
"Srd5a2",0,1,1,0,2,1,1,0
"Srd5a3",434,961,850,802,886,979,1154,970
"Srebf1",2406,4333,4102,4074,4433,4025,4182,4105
"Srebf2",9316,17857,15773,16515,17383,16426,16089,14536
"Srek1",547,1476,889,1197,1344,1451,1244,1288
"Srek1ip1",431,882,853,965,886,919,794,912
"Srf",1987,3469,4074,4013,3518,2946,2827,3019
"Srfbp1",763,1325,1268,1506,1546,1467,1473,1580
"Srgap1",54,84,171,100,135,106,108,144
"Srgap2",1234,2008,2324,2477,2324,2025,2020,2071
"Srgap3",1045,2454,2532,2372,2586,2939,3271,2831
"Srgn",27,88,97,82,93,95,161,114
"Sri",1423,2493,2739,2880,2592,2349,2318,2563
"Srl",6134,11228,15345,11881,11393,10317,8014,9945
"Srm",1365,2447,2890,2663,2472,2307,2714,2915
"Srp14",2484,4991,5678,4934,4986,4976,5046,5166
"Srp19",1103,1966,1978,2185,2256,2290,2048,2206
"Srp54a",67,195,149,200,212,198,172,201
"Srp54b",279,626,422,604,585,554,451,522
"Srp68",3173,5980,6172,6099,5907,5863,5870,5723
"Srp72",3680,6793,6775,7566,7277,7378,6981,7190
"Srp9",1971,3382,3608,3572,3670,3864,3714,3583
"Srpk1",1012,1831,1900,1934,1880,1722,1977,1979
"Srpk2",1208,2775,2251,2661,3075,2902,2700,2875
"Srpk3",241,468,614,448,469,523,395,414
"Srpr",5912,11148,10968,10687,11022,11706,12650,11645
"Srprb",1962,4236,4177,3719,3997,4324,4847,4459
"Srpx",5,11,2,14,2,3,2,5
"Srpx2",5222,9098,12056,10948,8738,8217,7473,8091
"Srr",399,693,649,700,780,823,765,643
"Srrd",138,219,295,224,239,235,280,233
"Srrm1",2918,5361,5545,5921,5740,4947,4853,5342
"Srrm2",6528,14288,9591,12402,15460,14312,12610,12503
"Srrm3",1,3,0,2,0,1,2,1
"Srrm4",2,4,1,4,4,6,7,4
"Srrm4os",34,47,46,37,59,47,25,53
"Srrt",2627,4459,4695,4769,4529,3829,3900,4298
"Srsf1",5196,9190,9352,10861,9323,7951,7265,8713
"Srsf10",1671,3922,2889,3773,3710,3537,2984,3579
"Srsf11",1569,3114,3243,3559,3271,3052,2935,3186
"Srsf12",3,3,4,5,3,2,2,0
"Srsf2",5973,8880,12305,11625,9302,7562,8036,9321
"Srsf3",6982,9537,11282,11778,10214,8178,8642,10206
"Srsf4",416,602,538,641,656,534,531,590
"Srsf5",5925,11092,7310,10005,13068,12057,9749,10365
"Srsf6",5913,10888,9279,11045,11691,10774,9746,10399
"Srsf7",3164,5338,5622,6241,5473,4540,4608,5736
"Srsf9",1293,2054,2410,2487,2019,1864,2020,2123
"Srxn1",811,2020,1492,1508,1988,2353,3242,2805
"Ss18",1540,2654,2552,2969,2752,2488,2616,2861
"Ss18l1",140,271,340,343,306,340,361,356
"Ssb",1397,3984,3065,3571,3033,3154,2969,3548
"Ssbp1",674,1290,1556,1382,1359,1335,1274,1358
"Ssbp2",1478,3348,3305,3202,3180,3368,3412,3198
"Ssbp3",3067,5572,6149,5929,5645,5745,5573,5552
"Ssbp4",917,1672,1646,1612,1564,1667,1869,1805
"Ssc4d",29,70,63,54,56,76,66,49
"Ssc5d",2598,4949,4033,4609,4674,4933,4002,3469
"Ssfa2",682,1642,1376,1550,1808,1808,1773,1612
"Ssh1",259,547,414,451,512,482,514,446
"Ssh2",496,1088,957,975,1217,1330,1206,1116
"Ssh3",31,81,82,76,89,115,128,110
"Ssmem1",2,2,5,4,5,4,1,4
"Ssna1",1074,1816,2272,2042,1857,1542,1752,1856
"Sspn",2141,3637,3492,3861,3862,3836,3172,3354
"Sspo",6,11,7,10,13,15,17,10
"Ssr1",8274,15721,15894,17033,16802,17528,17454,17428
"Ssr2",3610,6148,7198,6996,5660,6273,6205,6175
"Ssr3",15338,28384,29596,30754,30469,32602,29796,30738
"Ssr4",1935,4007,4526,3997,3886,3979,4433,4336
"Ssrp1",5457,8915,9961,10287,9063,7605,8751,9318
"Sssca1",345,639,768,695,636,622,666,674
"Sstr2",6,2,8,9,2,4,1,6
"Sstr5",0,0,0,1,2,2,4,4
"Ssu2",3,11,13,7,8,6,7,13
"Ssu72",1498,2938,3536,2935,2887,2906,3143,3202
"Ssx2ip",859,1606,1739,1791,1809,1584,1456,1706
"St13",6872,14089,13595,13628,14972,15626,14102,13318
"St14",1,1,3,3,1,0,0,2
"St18",5,6,8,9,15,4,4,10
"St3gal1",2183,4663,3633,3920,4855,5070,4610,3530
"St3gal2",2502,5160,4679,4853,5021,4797,5719,5412
"St3gal3",914,1991,1832,1682,1946,2126,1857,1705
"St3gal4",1738,2942,3180,3195,2666,2610,2718,2610
"St3gal5",3240,5898,6705,6236,6259,6497,5398,5558
"St3gal6",21,20,23,33,24,32,35,33
"St5",2992,5398,5542,5634,5124,4919,4709,4886
"St6gal1",362,884,898,771,910,971,1312,1078
"St6galnac2",27,48,37,44,54,34,21,40
"St6galnac4",2061,3747,4499,3890,3795,3763,3684,3813
"St6galnac6",1524,2896,3368,3108,2899,2949,3094,3009
"St7",304,567,568,620,600,661,733,706
"St7l",586,1346,1203,1167,1457,1507,1672,1503
"St8sia1",0,0,0,1,2,0,0,2
"St8sia2",446,711,1045,931,703,533,330,484
"St8sia4",7,8,6,12,4,12,5,5
"St8sia5",1,0,0,1,1,0,0,0
"St8sia6",0,0,0,1,1,1,1,2
"Stab1",11,13,14,18,14,9,13,19
"Stab2",33,67,47,54,70,67,49,57
"Stac",40,47,44,55,55,18,13,40
"Stac2",2259,5671,4321,4195,5249,6264,6623,5369
"Stac3",720,1401,1688,1406,1518,1487,1156,1127
"Stag1",857,2513,1606,2275,2129,2350,2298,2159
"Stag2",815,2767,1691,1882,1973,2351,2337,2402
"Stag3",0,1,0,1,0,1,2,0
"Stam",1806,4111,3479,4126,4219,4475,3869,3854
"Stam2",1496,2914,2805,2881,3204,3269,2988,3091
"Stambp",610,1234,1283,1241,1297,1379,1437,1396
"Stambpl1",616,1154,1236,1165,1191,1258,1213,1283
"Stamos",12,30,28,26,39,43,41,24
"Stap1",1,0,1,1,1,1,1,0
"Stap2",84,195,158,148,207,230,188,177
"Star",83,168,212,185,191,209,206,226
"Stard10",485,1112,1066,894,1046,1100,898,768
"Stard13",1806,3110,3291,3690,3383,2751,2318,2964
"Stard3",606,1110,1104,1111,1067,1158,1277,1170
"Stard3nl",585,1210,1117,1136,1243,1253,1378,1359
"Stard4",549,1032,896,1059,1071,873,986,872
"Stard5",347,858,762,698,864,1020,1528,1396
"Stard6",12,22,12,21,27,34,33,24
"Stard7",2239,3846,4668,4421,3750,3613,3643,3818
"Stard8",13,19,17,16,22,5,4,15
"Stat1",1147,1877,1737,2113,2319,1815,1770,1797
"Stat2",655,1498,1521,1349,1764,1727,2050,1847
"Stat3",4777,10553,11258,10111,10503,12418,14948,12450
"Stat4",1,1,1,2,0,0,0,0
"Stat5a",1003,1688,2322,2048,1742,1475,1602,1696
"Stat5b",1315,2203,2751,2491,2178,2152,2109,2168
"Stat6",25,35,46,34,37,41,41,36
"Stau1",4360,7579,8394,8575,7775,7801,7870,8191
"Stau2",464,869,759,849,1046,1004,827,850
"Stbd1",1262,2727,2508,2483,2605,3282,3192,2731
"Stc1",46,116,50,78,122,141,110,102
"Stc2",129,294,320,240,295,367,498,475
"Steap1",422,799,961,821,745,739,1323,1311
"Steap2",1551,3156,3270,3602,3241,3356,4181,4263
"Steap3",1504,3929,3370,3002,3788,4907,5616,4145
"Steap4",153,784,344,295,945,1267,1280,891
"Stil",353,529,342,617,602,317,227,402
"Stim1",635,1254,1214,1200,1251,1202,1160,1142
"Stim2",1438,2894,2270,2811,3249,3268,2499,2467
"Stip1",6155,10892,12323,11494,11208,9863,10416,11262
"Stk10",440,922,818,835,882,825,1027,1021
"Stk11",2519,4816,5334,4890,4913,4714,4929,4720
"Stk11ip",750,1430,1764,1395,1542,1375,1456,1612
"Stk16",1373,2527,2815,2584,2423,2329,2402,2600
"Stk17b",5537,10671,9192,10643,10994,9388,6104,9094
"Stk19",260,549,525,477,586,515,665,553
"Stk24",1978,4512,3542,3854,4364,5471,7336,6204
"Stk25",3279,5671,6664,6118,5790,5520,5302,5564
"Stk3",545,1639,947,1254,1368,1600,1274,1293
"Stk32a",22,50,30,43,43,32,18,25
"Stk32b",3,12,8,6,8,13,12,2
"Stk32c",7,8,11,14,9,8,10,15
"Stk33",0,2,6,1,2,2,3,4
"Stk35",493,928,804,861,902,860,929,902
"Stk36",284,679,624,528,613,668,641,636
"Stk38",1648,3040,3063,3353,3277,3159,3132,3200
"Stk38l",607,1237,1145,1191,1316,1390,1554,1460
"Stk39",310,632,689,718,755,693,742,689
"Stk4",1050,1866,1868,1984,2148,1963,1969,1955
"Stk40",354,687,713,708,697,740,789,736
"Stkld1",6,5,7,10,8,10,10,8
"Stmn1",3438,3764,3744,4527,3696,2398,1877,2536
"Stmn2",2499,4452,3509,4242,4970,4329,3248,3115
"Stmn4",35,114,67,70,116,117,94,65
"Stmnd1",18,38,45,31,36,34,35,18
"Stom",5228,12824,12665,10061,12460,14938,16334,13653
"Stoml1",680,1390,1944,1602,1439,1572,1979,1765
"Stoml2",1152,2239,2535,2251,2194,2026,2178,2210
"Stoml3",0,0,1,0,0,2,2,0
"Ston1",1139,2242,2216,2364,2319,2093,2189,2156
"Ston2",846,2115,1448,1793,2366,2229,1947,1628
"Stox1",0,1,1,0,0,0,0,3
"Stox2",6,16,5,12,15,12,11,11
"Stra13",208,425,401,371,364,356,372,430
"Stra6",82,86,106,129,72,33,22,48
"Stra6l",0,2,0,0,1,0,0,1
"Strada",519,1055,1289,1083,1099,1089,1049,1076
"Stradb",509,975,1040,899,977,983,976,968
"Strap",4795,8640,9857,9781,9131,8976,8601,9320
"Strbp",90,278,111,181,287,286,219,233
"Strc",1,0,0,1,0,0,0,1
"Strip1",2019,3609,4176,3897,3597,3758,3913,3760
"Strip2",170,285,178,260,281,249,181,200
"Strn",285,708,482,630,713,665,638,670
"Strn3",2170,5949,4397,4921,5128,5407,4277,4717
"Strn4",1728,3338,3372,3237,3276,2902,3248,3161
"Stt3a",7185,13296,13885,13797,13251,12596,13575,13782
"Stt3b",3622,6719,6163,6793,6945,7487,7270,7295
"Stub1",1233,1978,2059,1955,2062,2004,2151,1994
"Stx11",391,621,816,739,637,667,750,754
"Stx12",2428,4540,5051,4777,4868,4884,4789,4868
"Stx16",1161,2351,2326,2478,2437,2392,2364,2408
"Stx17",508,1222,891,1116,1179,1215,1063,1070
"Stx18",645,1234,1225,1190,1318,1277,1265,1250
"Stx19",0,0,0,1,0,2,2,0
"Stx1a",152,252,289,282,338,282,296,329
"Stx1b",5,11,9,9,12,8,9,3
"Stx2",1011,1758,1729,1803,1951,1807,1800,1769
"Stx3",255,512,450,484,537,643,736,649
"Stx4a",1276,2437,2649,2507,2540,2389,2453,2314
"Stx5a",912,1946,1889,1865,1752,1909,2092,1906
"Stx6",1534,2807,3140,3093,2684,2591,2947,2840
"Stx7",1933,3869,3632,3823,3876,4091,3910,3907
"Stx8",472,1003,1066,942,1063,1084,1106,1135
"Stxbp1",1481,2967,2795,2870,2888,2962,3261,2991
"Stxbp2",302,643,560,591,687,632,711,632
"Stxbp3",721,1743,1359,1784,1679,1937,1634,1675
"Stxbp3-ps",0,3,0,0,1,3,0,0
"Stxbp4",391,921,615,822,988,1044,918,878
"Stxbp5",392,1022,769,844,1115,1226,1146,1038
"Stxbp6",1,0,2,2,1,0,0,0
"Styk1",7,13,18,11,12,13,10,3
"Styx",103,237,175,194,199,208,201,195
"Styxl1",1,3,1,3,2,10,8,9
"Sub1",1730,3312,3318,3627,3625,3556,3103,3464
"Sucla2",2392,4261,5006,4787,4431,4469,3907,4423
"Suclg1",2102,3687,4567,4155,3581,3259,3333,3646
"Suclg2",1143,1853,2185,2278,1953,1808,2168,2269
"Sucnr1",14,19,17,24,32,25,9,23
"Suco",430,1558,819,1015,1268,1574,1369,1208
"Suds3",2096,4361,4271,3891,4185,4363,4439,4126
"Sufu",963,1804,1813,1817,1828,1702,1873,1822
"Sugct",27,67,71,73,71,73,70,56
"Sugp1",1001,1874,1928,1851,1782,1781,1875,1767
"Sugp2",511,972,937,939,979,925,797,843
"Sugt1",2010,3578,3749,3823,3914,3737,3524,3645
"Sulf1",3752,8393,6314,7123,8921,10695,13324,11101
"Sulf2",3987,7934,9116,9497,7029,7975,8563,7243
"Sult1a1",0,0,0,2,0,4,1,2
"Sult2b1",11,16,25,21,15,7,8,13
"Sult5a1",1,7,2,3,6,3,2,3
"Sult6b1",3,5,12,8,8,16,4,13
"Sumf1",1781,3681,3958,3648,3724,4126,4640,4054
"Sumf2",577,1120,1362,1215,1075,1089,1322,1282
"Sumo1",2937,4206,4647,4785,4633,4605,4245,4531
"Sumo2",3677,5126,5784,6005,5320,4628,4699,5130
"Sumo3",3072,5840,6898,6148,5710,5207,6172,6338
"Sun1",3107,6058,6448,6325,6193,6155,6418,6010
"Sun2",4949,8930,9743,9406,8825,8387,9415,9024
"Suox",1551,3139,3719,2874,3014,3241,3105,3061
"Supt16",1808,3898,3052,4067,3973,3358,3106,3438
"Supt20",704,1367,1164,1447,1479,1253,1107,1227
"Supt3",409,814,697,715,784,833,764,665
"Supt4a",1064,2091,2377,2022,1899,2095,2310,2187
"Supt5",3588,6922,6949,6648,6557,6349,6666,6302
"Supt6",3812,7488,7905,7803,7643,7071,7175,7322
"Supt7l",617,1135,1195,1165,1210,1198,1163,1137
"Supv3l1",792,1343,1574,1459,1326,1231,1276,1339
"Surf1",558,1088,1302,1125,1021,1113,1207,1125
"Surf2",407,654,708,646,696,680,783,827
"Surf4",10232,20095,19939,19249,19773,21047,21493,20667
"Surf6",603,1126,1107,1131,1037,998,1132,1164
"Susd1",93,301,137,150,298,465,595,439
"Susd2",64,78,104,132,65,68,77,66
"Susd3",2,6,7,4,3,1,1,5
"Susd4",20,43,24,38,35,29,33,30
"Susd5",373,722,772,699,824,774,631,662
"Susd6",6112,13794,13984,12288,13991,15566,18454,15988
"Suv39h1",1156,1752,1972,2066,1743,1312,1406,1524
"Suv39h2",163,242,234,286,257,152,115,186
"Suv420h1",695,1818,1133,1477,1847,1934,1673,1723
"Suv420h2",259,429,472,486,435,372,398,446
"Suz12",755,2262,1147,1601,1749,1784,1551,1733
"Sv2a",25,48,65,53,45,44,74,55
"Sv2b",59,169,158,125,216,286,199,169
"Svep1",1068,3459,2015,2280,3172,4670,6356,4503
"Svil",3641,7265,7654,7847,7627,7795,6750,6771
"Svip",21,30,25,34,29,23,26,32
"Svop",0,0,0,1,0,1,1,0
"Svopl",1,0,0,1,0,0,0,3
"Swap70",871,2363,2097,1999,2667,3418,3321,2631
"Swi5",3768,6714,6896,7077,6435,6026,5986,6274
"Swsap1",155,278,357,280,314,294,333,358
"Swt1",115,319,237,281,242,297,269,331
"Syap1",1431,3580,2615,3328,3434,3860,3110,3263
"Sybu",4,15,15,12,17,22,26,19
"Syce1l",0,0,0,0,1,1,2,3
"Syce2",23,30,32,41,29,21,30,37
"Sycp1",5,40,19,22,34,21,26,29
"Sycp3",11,22,17,15,21,21,25,29
"Syde1",1478,2881,2986,2849,2819,2751,3250,3252
"Syde2",88,146,133,160,150,148,147,155
"Syf2",1265,2283,2675,2450,2464,2670,3004,2842
"Syk",448,705,578,732,707,513,468,540
"Sympk",1984,3895,3377,3485,3836,3767,4037,3677
"Syn1",316,616,419,505,620,700,626,458
"Syn2",29,67,55,57,85,131,106,81
"Syn3",31,59,49,50,54,53,51,43
"Syna",6,10,9,13,13,12,8,8
"Sync",1405,2406,2437,2510,2636,2281,1839,1955
"Syncrip",3480,8385,6619,7869,8043,7865,7399,7751
"Syne1",850,2253,1841,1976,2334,2397,1870,1850
"Syne2",467,1277,566,893,1227,1120,1087,946
"Syne3",749,1527,1332,1443,1590,1173,1452,1287
"Syne4",0,3,1,3,2,2,4,1
"Syngap1",291,688,472,538,724,624,647,591
"Syngr1",83,180,140,128,191,259,242,184
"Syngr2",1786,3199,3493,2993,3017,2993,3164,3093
"Syngr3",20,24,15,32,24,13,22,29
"Syngr4",2,3,7,3,2,3,3,5
"Synj1",500,1132,822,1019,1095,1094,1050,1014
"Synj2",2406,5094,5066,4764,5137,5018,4984,4675
"Synj2bp",692,1720,1354,1615,1649,1839,1648,1670
"Synm",65,145,90,143,153,124,92,100
"Synpo",2896,5449,3931,4820,5083,5133,4618,4326
"Synpo2",2363,4399,4705,4148,4873,4679,3541,3712
"Synpo2l",5317,9321,11326,8985,10256,9544,7122,8377
"Synpr",14,32,25,28,30,4,1,33
"Synrg",880,1751,1584,1725,1846,1816,1699,1751
"Syp",7,11,21,14,10,12,15,16
"Sypl",3032,6696,6177,6647,7166,8026,6975,6993
"Sypl2",20,31,64,49,45,31,27,44
"Sys1",509,901,965,958,909,917,982,1005
"Syt1",1,6,0,4,4,3,1,3
"Syt11",293,532,558,572,630,704,672,602
"Syt12",336,406,788,540,492,352,376,489
"Syt13",2553,4143,4210,4581,4177,3213,3560,3793
"Syt14",0,0,0,0,1,2,1,1
"Syt15",2,2,2,3,4,0,0,1
"Syt17",384,752,743,698,750,754,912,863
"Syt3",2,1,2,4,2,4,4,4
"Syt5",6,8,5,7,6,7,20,22
"Syt6",19,14,23,28,21,25,26,32
"Syt7",30,54,49,52,45,42,86,76
"Syt8",174,210,291,271,251,241,179,248
"Sytl1",93,214,211,168,162,189,160,162
"Sytl2",1985,4314,3912,4420,4791,4914,3905,3555
"Sytl3",0,10,5,1,4,7,6,1
"Sytl4",4,5,6,5,6,1,2,4
"Sytl5",172,582,346,453,501,530,399,366
"Syvn1",1355,2892,2606,2525,2850,3416,3358,2952
"Szrd1",3820,6845,7699,7370,6755,5880,6231,6383
"Szt2",749,1616,1467,1470,1622,1645,1795,1576
"Tab1",865,1718,1755,1639,1622,1650,1797,1729
"Tab2",2083,4936,3704,4493,4996,5170,4560,4617
"Tab3",162,479,237,383,427,428,381,396
"Tac4",4,12,13,7,14,16,19,9
"Tacc1",2895,5065,5217,5908,5528,5362,4919,5325
"Tacc2",1035,1899,1908,1855,1990,2055,2117,2030
"Tacc3",1910,2549,2828,3270,2474,1338,1046,1828
"Taco1",400,735,852,746,738,698,679,734
"Tacr2",1,7,2,2,7,9,13,8
"Tacstd2",9,20,29,12,11,16,9,18
"Tada1",814,1342,1351,1437,1403,1306,1232,1315
"Tada2a",555,932,996,1051,1023,1030,1067,1020
"Tada2b",657,1138,1169,1158,1279,1234,1208,1232
"Tada3",872,1575,1492,1488,1359,1503,1412,1476
"Taf1",940,2711,1655,2302,2431,2463,2320,2296
"Taf10",782,1398,1540,1440,1414,1387,1430,1443
"Taf11",795,1464,1744,1519,1510,1390,1269,1421
"Taf12",767,1366,1295,1326,1288,1129,1193,1360
"Taf13",700,1244,1345,1308,1401,1345,1107,1331
"Taf15",1245,2691,2079,2596,2798,2609,2713,2758
"Taf1a",212,420,455,471,464,409,444,466
"Taf1b",529,965,1002,1036,1082,970,910,1030
"Taf1c",198,352,348,330,363,355,370,371
"Taf1d",327,848,595,805,694,596,635,792
"Taf2",1671,3676,3444,3756,4033,3803,3539,3793
"Taf3",256,589,519,555,670,665,660,665
"Taf4a",455,893,839,924,953,963,890,947
"Taf4b",69,157,117,173,192,151,174,202
"Taf5",186,324,343,335,349,328,308,387
"Taf5l",518,1036,927,893,1042,888,995,1042
"Taf6",1332,2376,2449,2314,2305,2289,2429,2375
"Taf6l",136,205,213,223,224,240,250,225
"Taf7",106,239,141,213,271,236,206,251
"Taf7l",5,15,5,14,6,7,8,12
"Taf8",441,871,979,920,865,873,1053,937
"Taf9",1671,1822,2165,1997,2118,1982,1720,1988
"Taf9b",101,196,189,233,216,177,130,140
"Tagap",90,107,120,136,129,125,164,153
"Tagap1",396,622,689,615,588,626,702,772
"Tagln",10829,12602,16861,18678,12257,6226,3786,10890
"Tagln2",7692,12238,12124,13144,12450,11094,13157,13655
"Tagln3",2,2,5,4,3,7,5,4
"Tal2",14,32,23,25,29,40,23,26
"Taldo1",2581,4819,5381,4912,4831,4697,6257,6072
"Tamm41",311,534,543,576,483,466,505,603
"Tanc1",2635,4843,4922,5310,5112,4783,4740,4789
"Tanc2",1512,4206,2566,3437,4356,4901,4227,3124
"Tango2",413,735,860,723,731,673,688,763
"Tango6",224,425,482,401,439,450,474,458
"Tank",854,1900,1765,1921,1910,2179,1982,2038
"Taok1",1267,4813,2397,2902,3500,4073,3347,3744
"Taok2",1426,2736,2851,2773,2840,2401,2641,2588
"Taok3",673,1454,1262,1448,1438,1605,1577,1460
"Tap1",126,146,224,257,165,139,140,190
"Tap2",864,1371,1743,1718,1298,1148,1123,1333
"Tapbp",5104,8775,8661,8927,8514,7888,7594,7669
"Tapbpl",197,345,302,356,384,401,440,419
"Tapt1",1164,2246,2429,2369,2410,2423,2455,2572
"Tarbp2",727,1095,1156,1143,1158,1058,1028,1098
"Tardbp",4464,7485,8731,9281,8016,6612,6672,7878
"Tars",4237,8192,9248,8872,9542,9483,9889,10085
"Tars2",620,1189,1423,1225,1203,1153,1191,1245
"Tarsl2",357,644,550,680,674,644,516,601
"Tas1r1",207,358,376,329,401,293,205,397
"Tas1r2",64,90,71,77,81,77,80,72
"Tas1r3",15,29,24,27,20,30,34,26
"Tas2r135",0,1,0,1,0,2,1,0
"Tasp1",270,546,611,567,623,645,687,622
"Tat",0,1,1,1,2,2,0,0
"Tatdn1",421,734,769,790,688,737,692,725
"Tatdn2",941,1631,1963,1804,1803,1599,1695,1768
"Tatdn3",135,264,328,264,296,305,307,303
"Tax1bp1",1925,5645,4020,5206,4966,5190,4592,5101
"Tax1bp3",1706,2425,2682,2609,2328,2244,2189,2257
"Taz",685,1517,1384,1363,1560,1715,1736,1594
"Tbata",4,3,4,4,14,3,4,4
"Tbc1d1",3027,5013,6222,5646,5477,4457,3993,4843
"Tbc1d10a",645,1059,1118,1108,1085,987,1004,1056
"Tbc1d10b",1717,3359,3371,3258,3283,3273,3277,3112
"Tbc1d10c",8,10,22,14,13,14,11,21
"Tbc1d12",175,476,348,388,424,551,510,456
"Tbc1d13",719,1472,1599,1434,1499,1465,1884,1626
"Tbc1d14",891,1907,1857,1720,1916,2017,2253,2059
"Tbc1d15",1602,4024,3052,3515,3962,4422,4386,4132
"Tbc1d16",630,1021,1141,1196,918,796,829,950
"Tbc1d17",756,1883,1702,1527,1672,2037,2338,1983
"Tbc1d19",618,1183,1151,1319,1321,1308,1205,1213
"Tbc1d2",67,121,161,138,98,130,283,257
"Tbc1d20",1549,3178,2946,2798,3050,3154,3661,3433
"Tbc1d21",0,2,1,0,2,3,0,1
"Tbc1d22a",1042,2182,2001,1975,2139,2431,2542,2120
"Tbc1d22b",460,899,847,857,885,877,937,894
"Tbc1d22bos",0,0,0,1,1,1,1,0
"Tbc1d23",1207,2835,2155,2700,2910,3066,2804,2809
"Tbc1d24",635,1436,1190,1281,1499,1559,1659,1419
"Tbc1d25",375,774,806,721,765,697,743,775
"Tbc1d2b",1482,3040,3129,2977,2953,3047,3810,3321
"Tbc1d30",1,0,0,2,0,1,1,1
"Tbc1d31",640,1231,1141,1369,1341,1171,1153,1246
"Tbc1d32",135,446,245,294,350,437,372,377
"Tbc1d4",121,227,279,223,255,261,260,216
"Tbc1d5",1040,1893,1679,1988,1930,1915,1831,1765
"Tbc1d7",428,807,863,837,782,794,748,786
"Tbc1d8",300,432,650,512,501,396,344,530
"Tbc1d8b",513,1629,896,1089,1166,1329,1197,1280
"Tbc1d9",209,456,468,474,586,615,610,523
"Tbc1d9b",2578,5540,4866,4768,5242,5607,5825,5237
"Tbca",1709,3296,3365,3332,3366,3351,3781,3787
"Tbcb",966,1835,2113,1835,1795,1864,1904,1923
"Tbcc",512,937,1057,980,913,883,814,938
"Tbccd1",489,1079,1165,952,1088,1305,1333,1248
"Tbcd",2346,4633,5114,4461,4390,4333,5321,5124
"Tbce",474,954,1070,1029,996,1062,1062,1135
"Tbcel",723,1560,1445,1471,1713,1903,1951,1938
"Tbck",469,922,774,980,985,1074,908,1022
"Tbk1",793,1735,1535,1652,1899,2022,1754,1730
"Tbkbp1",0,1,1,0,3,2,5,3
"Tbl1x",931,2019,1683,1911,2108,1995,2153,1921
"Tbl1xr1",1673,3869,3291,4110,3970,3939,3260,3670
"Tbl2",1302,2442,2159,2359,2442,2606,2665,2377
"Tbl3",1023,1813,2422,2120,1791,1562,1898,2011
"Tbp",532,853,948,1068,921,968,894,977
"Tbpl1",913,1818,1845,1856,1974,2009,2175,2144
"Tbr1",1,3,1,1,1,1,1,0
"Tbrg1",2985,5296,6217,5789,5242,5213,6076,6146
"Tbrg4",958,1720,1831,1747,1668,1553,1582,1661
"Tbx1",335,538,724,643,494,490,609,599
"Tbx10",2,5,5,4,6,2,2,2
"Tbx15",2280,4031,4633,4115,4701,4683,3580,4270
"Tbx18",1119,2440,1961,2452,2521,2304,2240,2489
"Tbx19",1,2,0,1,0,2,1,2
"Tbx2",10,8,10,15,9,10,6,11
"Tbx20",1,0,1,2,2,0,0,0
"Tbx3",380,817,828,876,915,990,1109,1051
"Tbx4",14,22,42,30,33,20,22,31
"Tbx5",0,0,3,1,0,3,2,0
"Tbx6",9,21,21,21,15,26,25,21
"Tbxa2r",4,4,4,6,3,7,4,4
"Tbxas1",0,3,1,0,2,3,11,5
"Tc2n",0,0,0,1,2,1,1,0
"Tcaf1",1432,2645,2627,2686,2594,2475,2410,2408
"Tcaf2",883,1425,1799,2038,1594,1511,1399,1437
"Tcaf3",2,2,0,1,0,9,3,3
"Tcaim",156,371,343,402,405,428,386,411
"Tcam1",4,11,11,11,5,14,24,15
"Tcap",107,135,227,169,184,116,82,157
"Tcea1",1274,2629,2231,2610,2749,2572,2361,2492
"Tcea2",73,153,178,159,164,153,172,151
"Tcea3",178,361,340,393,311,366,393,295
"Tceal1",82,179,169,181,223,244,209,190
"Tceal3",0,3,5,2,1,1,1,1
"Tceal5",11,22,39,22,16,17,12,18
"Tceal6",1,0,5,1,1,0,0,2
"Tceal7",175,231,407,296,285,107,72,290
"Tceal8",3112,5220,6253,6496,5801,5380,4758,5775
"Tceanc",130,247,215,271,272,302,240,254
"Tceanc2",622,1130,1210,1149,1129,1233,1245,1205
"Tceb1",1633,2929,3276,3392,3150,3206,2831,3050
"Tceb2",2773,5335,6023,5588,5023,4894,5027,5283
"Tceb3",2016,3846,4035,4084,4154,4046,3990,4252
"Tcerg1",1324,2900,2503,2883,2815,2406,2223,2585
"Tcf12",3500,7270,6258,8152,7285,7129,6335,6707
"Tcf19",702,800,773,1089,726,354,315,724
"Tcf20",906,2357,1830,2090,2441,2255,2211,2163
"Tcf23",48,84,75,75,82,69,55,75
"Tcf25",4928,10064,10282,9756,9951,10367,10775,10133
"Tcf3",2773,4755,4918,5171,4786,4263,4319,4464
"Tcf4",1481,3752,3039,3394,3229,3402,3048,3328
"Tcf7",777,1310,1519,1483,1436,1410,1261,1291
"Tcf7l1",917,1339,1446,1589,1315,1276,1225,1163
"Tcf7l2",572,1028,981,1179,1018,1094,957,971
"Tchh",0,3,1,0,1,1,0,0
"Tchp",366,653,650,631,699,690,664,662
"Tcirg1",1592,2922,3398,3201,2937,2791,2991,2960
"Tcn2",718,2222,2052,1562,1936,2558,2936,2367
"Tcof1",1303,2496,2853,2640,2555,2309,2826,2823
"Tcp1",9506,16522,18467,17153,16354,15713,15282,16359
"Tcp10a",0,1,0,0,0,0,1,1
"Tcp10b",0,0,0,0,1,2,3,3
"Tcp11",1,0,2,0,0,0,0,1
"Tcp11l1",148,317,301,298,312,309,310,295
"Tcp11l2",659,1339,1672,1397,1375,1679,1950,1806
"Tcp11x2",32,41,96,68,46,33,37,70
"Tcta",566,1337,1513,1291,1249,1436,1555,1463
"Tcte2",7,21,9,9,11,17,18,14
"Tctex1d2",320,663,626,684,697,767,794,779
"Tctex1d4",3,3,5,5,1,6,11,4
"Tctn1",302,584,608,601,546,639,733,602
"Tctn2",337,751,738,708,776,834,839,737
"Tctn3",326,654,546,584,698,693,741,651
"Tdg",6,0,1,1,0,0,0,1
"Tdh",1,2,0,1,5,2,2,2
"Tdo2",1,3,1,1,1,6,4,2
"Tdp1",483,867,879,849,817,799,832,795
"Tdp2",522,927,792,1088,968,965,880,902
"Tdrd1",1,0,0,2,2,0,0,1
"Tdrd12",0,2,2,1,0,0,1,2
"Tdrd3",698,1625,1214,1500,1615,1581,1358,1457
"Tdrd5",0,2,2,0,1,2,0,1
"Tdrd6",0,2,3,1,1,1,1,2
"Tdrd7",1002,1804,1615,1880,1944,1849,1806,1870
"Tdrd9",27,38,47,41,69,38,26,33
"Tdrkh",473,775,648,873,797,555,409,607
"Tdrp",1,2,6,3,9,6,6,4
"Tead1",2598,6177,4138,5712,6043,5961,4861,4654
"Tead2",1185,2145,2253,2039,2090,1926,1796,1884
"Tead3",1015,1781,2176,2000,1724,1727,1725,1821
"Tead4",1018,1655,2270,1763,1782,1416,1375,1648
"Tec",67,204,144,120,239,307,249,176
"Tecpr1",552,1394,1272,1109,1465,1505,1972,1545
"Tecpr2",386,755,786,750,819,757,847,819
"Tecr",6976,13779,13764,12747,12616,14651,13991,13278
"Tecrl",47,83,112,89,94,94,71,89
"Tecta",1,2,4,1,4,2,3,4
"Teddm2",1,2,1,2,2,0,1,1
"Tef",2812,5357,6455,5599,5468,5236,4251,4258
"Tefm",337,647,702,634,636,584,550,610
"Tek",9,24,14,20,25,24,26,33
"Tekt2",21,48,30,46,48,45,39,45
"Tekt5",52,69,125,95,108,83,50,66
"Telo2",410,842,865,851,820,782,812,883
"Ten1",404,685,643,591,624,666,649,620
"Tenm2",0,0,0,0,1,1,2,1
"Tenm3",4263,7748,7177,8848,7354,6058,4757,6052
"Tenm4",105,161,150,157,149,142,230,235
"Tep1",1482,3161,2797,2825,3076,3041,3008,2680
"Terc",1,1,2,2,0,0,2,0
"Terf1",222,427,447,477,444,354,335,401
"Terf2",807,1382,1544,1541,1487,1370,1294,1471
"Terf2ip",550,1021,1029,1053,1069,1170,1048,1021
"Tert",62,95,96,101,107,121,101,97
"Tes",2259,3549,3430,3987,3627,3300,3092,3247
"Tesc",0,4,2,2,4,4,2,2
"Tescl",0,1,1,1,2,1,1,0
"Tesk1",1150,2074,2287,2095,2031,2049,2104,2038
"Tesk2",382,685,835,770,728,662,664,750
"Tet1",83,248,157,205,219,213,189,185
"Tet2",143,463,340,405,460,556,538,480
"Tet3",1051,2129,1961,2156,2366,2226,2204,2313
"Tex10",993,1582,1665,1905,1685,1516,1441,1622
"Tex12",4,0,1,4,1,1,1,2
"Tex14",1,0,1,3,5,5,5,1
"Tex16",0,1,2,0,3,6,3,2
"Tex19.1",1,0,0,0,1,0,1,1
"Tex19.2",1,0,0,1,1,1,1,0
"Tex2",824,1679,1685,1678,1833,1799,1928,1829
"Tex22",1,0,0,1,1,0,1,1
"Tex26",33,47,29,55,49,67,46,47
"Tex261",1253,2499,2490,2336,2337,2340,2741,2421
"Tex264",1380,3407,2812,2552,3280,4192,4538,3665
"Tex30",312,424,466,561,457,396,355,468
"Tex38",0,1,2,0,1,4,1,0
"Tex40",2,5,8,5,4,4,8,4
"Tex9",130,281,253,288,240,259,273,268
"Tfam",1335,2322,2433,2647,2457,2481,2316,2372
"Tfap2a",8,12,5,11,7,7,10,11
"Tfap2c",5,4,6,7,8,2,4,5
"Tfap4",144,325,300,318,286,300,430,407
"Tfb1m",166,254,268,285,308,289,242,281
"Tfb2m",665,1102,1124,1232,1314,1332,1185,1198
"Tfcp2",668,1228,1483,1367,1288,1208,1260,1310
"Tfcp2l1",13,30,12,22,15,43,29,20
"Tfdp1",4119,6109,7361,7587,6356,5254,5598,6577
"Tfdp2",753,1685,1538,1887,1714,1685,1523,1570
"Tfe3",1724,3301,3446,3376,3128,3153,3721,3722
"Tfeb",310,514,644,563,553,446,428,489
"Tfg",2298,4401,4129,4633,4517,4719,4145,4146
"Tfip11",1363,2685,2629,2427,2614,2642,2847,2546
"Tfpi",1015,2528,2424,2522,2544,3105,2592,2602
"Tfpi2",1,1,2,2,0,0,1,0
"Tfpt",239,473,496,451,478,487,494,473
"Tfr2",57,87,96,87,81,68,62,80
"Tfrc",4057,7857,6504,7621,7707,7677,5991,7332
"Tg",442,685,1017,917,680,626,512,525
"Tgds",523,991,1036,1068,1148,1095,1107,1162
"Tgfa",13,15,11,15,13,9,19,17
"Tgfb1",2243,4023,4246,4160,3777,3804,3603,3821
"Tgfb1i1",2226,3589,4055,4201,3653,3323,3086,3467
"Tgfb2",1810,2982,3277,3974,2920,1890,1254,2515
"Tgfb3",6399,9038,11865,11720,9000,6974,5778,8439
"Tgfbi",84,149,135,151,121,107,165,177
"Tgfbr1",441,1611,749,1062,1652,2228,2219,1723
"Tgfbr2",10311,17310,18960,18524,17010,14559,14279,17202
"Tgfbr3",344,839,541,694,991,1122,994,907
"Tgfbr3l",16,36,35,38,34,51,56,44
"Tgfbrap1",954,1794,1876,1783,1891,1927,2267,2188
"Tgif1",1833,4186,3437,3450,4211,5125,5932,5203
"Tgif2",295,397,578,543,360,358,331,368
"Tgm1",3,2,6,5,5,10,18,6
"Tgm2",1267,2119,2025,2166,2005,1776,1406,1590
"Tgm3",0,5,3,2,1,0,0,2
"Tgm4",331,522,613,555,518,572,622,614
"Tgm5",50,78,50,79,61,64,48,40
"Tgoln1",1199,2492,2048,2547,2914,3246,3297,3138
"Tgs1",520,1361,1037,1177,1324,1264,1060,1193
"Tgtp1",4,5,0,6,13,7,5,2
"Tgtp2",26,31,5,27,56,38,24,20
"Tha1",35,57,70,57,39,70,71,73
"Thada",619,1184,1171,1217,1264,1127,1311,1278
"Thap1",238,414,337,446,435,498,417,460
"Thap11",713,1350,1564,1371,1339,1392,1414,1376
"Thap2",270,624,472,548,537,531,537,540
"Thap3",365,749,850,770,670,680,668,686
"Thap4",813,1602,1628,1508,1498,1585,1724,1597
"Thap6",64,159,109,133,165,195,181,165
"Thap7",392,822,799,743,779,818,1069,1062
"Thbd",480,2358,1112,1141,2374,3821,8216,6525
"Thbs1",107156,186211,171817,199479,199933,188240,135861,154041
"Thbs2",9313,21554,29424,25390,24998,26518,33626,31402
"Thbs3",307,427,598,625,430,334,296,408
"Thbs4",6,9,8,9,5,0,2,0
"Them4",156,280,322,314,325,397,449,436
"Them6",457,769,925,857,690,677,790,749
"Them7",1,3,1,1,0,1,1,1
"Themis",5,23,7,7,10,23,26,11
"Thg1l",541,1002,1025,977,1022,1032,1292,1234
"Thnsl1",277,465,519,501,566,479,388,521
"Thnsl2",30,69,54,65,75,65,52,57
"Thoc1",733,1768,1414,1574,1747,1801,1734,1803
"Thoc2",242,904,565,654,870,1019,953,932
"Thoc3",904,1538,1804,1695,1543,1345,1443,1515
"Thoc5",1120,2336,2347,2155,2200,2243,2375,2367
"Thoc6",541,869,943,934,879,834,785,779
"Thoc7",1415,2537,2944,2895,2842,2668,2312,2813
"Thop1",1936,3023,4039,3439,3144,2653,2560,3053
"Thpo",22,39,52,34,47,56,42,50
"Thra",1735,3252,4114,3693,3147,2917,3466,3091
"Thrap3",4270,7371,7474,8212,7882,7057,6813,7165
"Thsd1",6,8,10,9,5,5,6,8
"Thsd4",187,347,312,381,404,346,337,328
"Thsd7a",662,1610,1351,1553,1590,1451,1340,1556
"Thsd7b",15,26,24,28,31,23,24,27
"Thtpa",433,741,828,763,806,786,782,826
"Thumpd1",942,1691,1866,1857,1897,1703,1741,1700
"Thumpd2",148,340,354,322,327,350,408,392
"Thumpd3",854,1464,1626,1535,1601,1538,1464,1579
"Thy1",2,1,5,2,5,2,1,0
"Thyn1",292,396,484,452,386,323,392,414
"Tia1",749,2062,1570,1865,1889,1833,1649,1873
"Tial1",990,2052,1771,1989,2123,1912,1683,1880
"Tiam1",984,1587,1580,1864,1700,1487,1694,1988
"Tiam2",1177,2005,1961,2226,1971,1824,1769,1872
"Ticam1",531,1000,988,954,1087,1137,1124,964
"Ticam2",1,5,1,2,0,0,2,0
"Ticrr",277,425,323,444,412,217,178,280
"Tifa",275,653,651,566,734,854,1035,915
"Tigar",208,342,360,351,383,344,378,399
"Tigd2",312,828,589,715,874,924,831,811
"Tigd3",18,26,32,36,26,14,18,26
"Tigd4",2,1,2,5,2,0,1,4
"Tigd5",157,279,349,311,287,267,284,271
"Tigit",43,61,64,59,69,52,45,67
"Timeless",458,645,519,713,655,524,547,624
"Timm10",308,619,797,628,584,575,631,717
"Timm10b",351,608,691,664,588,558,594,631
"Timm13",1186,2168,2637,2227,2130,2011,2092,2141
"Timm17a",1757,3141,3819,3433,3056,3094,2939,3128
"Timm17b",664,1123,1152,1226,1172,1042,1033,1115
"Timm21",468,720,904,907,885,909,880,872
"Timm22",1052,1911,2506,2025,1930,1843,1854,2011
"Timm23",2081,3273,4151,3685,3388,3075,3202,3532
"Timm44",1157,2005,2199,2160,2099,2038,1908,2088
"Timm50",746,1315,1440,1319,1351,1244,1285,1256
"Timm8a1",307,343,385,352,318,322,413,415
"Timm8b",321,688,812,644,642,716,753,806
"Timm9",258,498,615,556,557,466,424,635
"Timmdc1",733,1340,1486,1316,1303,1331,1307,1290
"Timp1",5976,10149,11336,10895,9942,9545,10232,10718
"Timp2",32426,63128,68624,63914,61252,65408,63636,58968
"Timp3",17561,23628,24637,31519,28109,12959,12225,29429
"Timp4",6,25,13,10,24,43,27,25
"Tinagl1",301,520,503,546,535,463,487,623
"Tinf2",516,847,839,910,812,712,773,815
"Tiparp",768,2154,1623,1777,2051,2386,2118,2171
"Tipin",874,1232,1305,1542,1423,1108,1019,1335
"Tiprl",1546,2999,3194,3117,3146,3141,2952,3062
"Tirap",456,883,946,1023,1042,1033,1127,1114
"Tjap1",1551,2761,2922,2842,2742,2549,2417,2588
"Tjp1",3327,8792,6007,7644,8451,8197,7145,7309
"Tjp2",734,1363,1328,1284,1434,1168,1093,1058
"Tjp3",3,4,0,5,5,5,4,1
"Tk1",1338,1503,1722,2127,1648,700,530,1187
"Tk2",386,770,721,704,716,845,941,855
"Tkfc",440,799,812,796,756,766,785,721
"Tkt",1305,1844,2504,2347,1840,1358,1886,2208
"Tktl1",0,2,0,1,1,1,1,5
"Tlcd1",115,206,236,187,190,190,147,201
"Tlcd2",84,93,107,122,113,80,68,80
"Tldc1",255,520,506,438,527,491,533,526
"Tldc2",1,0,2,0,5,0,1,1
"Tle1",465,869,750,850,915,944,991,965
"Tle2",261,609,425,498,613,677,621,562
"Tle3",2434,4985,5083,4951,4984,5144,5367,4893
"Tle4",41,86,83,95,75,69,54,89
"Tle6",259,614,408,460,540,660,636,586
"Tlk1",823,2156,1468,1883,2237,2449,2310,2161
"Tlk2",961,2298,1746,2261,2364,2476,2191,2312
"Tll1",14,20,23,21,17,15,8,13
"Tln1",13651,28623,24972,25186,27798,27753,30108,26098
"Tln2",2934,4447,4399,5221,4429,2937,2772,3753
"Tlr1",13,10,13,18,7,8,5,6
"Tlr13",2,0,1,2,0,3,3,0
"Tlr2",864,1906,1609,1628,1906,2438,2563,2185
"Tlr3",71,193,99,159,180,217,199,171
"Tlr4",486,1944,899,1101,1880,2799,2953,2142
"Tlr5",23,34,32,39,42,52,52,28
"Tlr6",233,380,498,449,413,414,322,396
"Tlr7",0,1,1,0,2,3,2,3
"Tlr9",1,1,0,1,0,0,0,0
"Tlx2",11,18,6,12,13,14,9,3
"Tm2d1",780,1621,1760,1598,1693,1848,1751,1821
"Tm2d2",1351,2613,3059,2659,2565,2730,2932,2751
"Tm2d3",267,567,589,513,570,579,610,559
"Tm4sf1",2203,3941,3689,3814,4069,3397,3879,3984
"Tm4sf19",0,3,3,0,0,5,1,8
"Tm4sf4",1,5,3,2,5,2,4,3
"Tm6sf1",24,50,110,73,69,78,68,64
"Tm6sf2",2,10,8,6,9,18,10,10
"Tm7sf2",148,463,279,228,406,517,454,327
"Tm7sf3",1378,2572,2742,2738,2696,2883,2909,2824
"Tm9sf1",2761,5071,5427,5100,5135,5318,5776,5610
"Tm9sf2",5251,10229,10455,10467,10712,12190,12735,12418
"Tm9sf3",5491,13052,9883,12143,13202,14041,12519,12411
"Tm9sf4",2409,4962,4921,4733,4818,5224,5398,5045
"Tma16",209,341,355,386,381,310,391,426
"Tma7",1353,2370,2719,2514,2283,2242,2266,2375
"Tmbim1",4250,8972,9818,8468,8924,9707,9884,9381
"Tmbim4",1240,2609,2759,2324,2471,2856,2725,2587
"Tmbim6",12981,26254,26607,24997,25526,27747,27713,25296
"Tmc3",51,149,69,97,142,210,155,61
"Tmc4",34,57,81,69,67,66,74,65
"Tmc6",867,2006,1770,1606,1938,2308,2227,1907
"Tmc7",49,77,133,103,72,78,71,78
"Tmc8",8,12,13,15,16,14,8,15
"Tmcc1",817,1489,1463,1570,1721,1687,1509,1584
"Tmcc2",1110,2071,2052,1993,2027,1906,2049,1988
"Tmcc3",671,1242,892,1140,1564,1411,1147,1052
"Tmco1",2047,3923,3948,3968,4088,4505,4174,4116
"Tmco3",1342,2885,2707,2522,2986,3267,3398,3105
"Tmco4",76,169,171,160,160,138,199,193
"Tmco6",169,278,337,300,316,354,353,350
"Tmed1",969,2036,2187,1951,1796,1949,2291,2111
"Tmed10",8483,16744,16770,16803,17411,19307,20119,18775
"Tmed2",6316,7967,8929,8323,8194,8170,8748,8709
"Tmed3",2459,5146,5075,4663,4854,5544,5916,5532
"Tmed4",1947,3941,4444,3901,3846,3913,4472,4269
"Tmed5",200,691,551,512,689,783,795,787
"Tmed6",0,0,1,0,1,0,1,0
"Tmed7",3285,7531,6034,7542,7696,8825,7532,7409
"Tmed8",589,1135,989,1204,1301,1302,1395,1434
"Tmed9",4964,9173,10418,9566,9146,8604,9437,9711
"Tmeff1",1287,2388,3584,3158,2666,2580,2784,3191
"Tmeff2",505,928,875,971,907,1025,679,646
"Tmem100",8,7,10,15,9,3,2,4
"Tmem101",479,896,989,933,930,887,867,912
"Tmem104",446,1046,893,840,967,1108,1287,1247
"Tmem106a",110,170,162,176,147,135,112,153
"Tmem106b",1820,5962,3770,4249,4998,6026,6421,6023
"Tmem106c",465,909,1021,917,864,960,942,880
"Tmem107",245,420,303,384,362,387,345,300
"Tmem108",2,0,5,2,2,1,2,0
"Tmem109",3453,6489,7044,6379,6264,6367,5881,5861
"Tmem11",752,1250,1503,1377,1317,1166,1254,1325
"Tmem110",525,962,941,1006,949,943,1042,990
"Tmem115",1090,2424,2291,2124,2013,2436,2733,2548
"Tmem116",5,16,21,7,17,34,26,17
"Tmem117",81,131,205,157,181,143,158,196
"Tmem119",3835,6207,7592,7339,5959,5255,4086,4792
"Tmem120a",505,986,1140,1041,971,970,1258,1067
"Tmem120b",349,660,739,662,675,614,580,571
"Tmem121",256,400,456,464,405,346,332,359
"Tmem123",8683,16448,16944,19880,17224,16343,12387,15125
"Tmem125",0,1,0,0,2,2,2,2
"Tmem126a",534,938,1110,1021,1035,963,934,960
"Tmem126b",261,431,502,472,456,480,486,489
"Tmem127",2672,5433,4827,4728,5339,5380,5258,4757
"Tmem128",554,919,1018,1060,1040,876,1014,1180
"Tmem129",863,1676,1840,1627,1671,1534,1671,1662
"Tmem130",34,25,70,57,26,15,14,40
"Tmem131",1824,4019,3240,3702,4262,4404,4356,4033
"Tmem132a",2620,5474,5318,4603,5327,5648,5649,5170
"Tmem132b",0,1,0,2,0,0,1,2
"Tmem134",1277,2400,2647,2538,2230,2327,2387,2434
"Tmem135",537,1099,982,1037,1175,1252,1321,1295
"Tmem136",0,3,5,3,1,1,0,1
"Tmem138",464,788,863,784,756,754,847,778
"Tmem139",1,1,6,5,7,1,2,3
"Tmem140",43,45,45,47,40,65,81,66
"Tmem141",213,370,414,347,367,384,353,347
"Tmem143",324,658,650,625,639,789,738,673
"Tmem144",44,88,73,82,93,72,72,72
"Tmem147",933,1893,2105,1812,1886,1853,1817,1850
"Tmem14a",39,65,80,74,86,99,82,55
"Tmem14c",1314,2454,2881,2565,2248,2314,2609,2723
"Tmem150a",409,780,823,761,781,792,765,831
"Tmem150b",2,0,2,1,3,1,2,2
"Tmem151a",217,638,412,358,517,782,869,763
"Tmem151b",6,7,9,7,13,4,2,10
"Tmem154",54,137,87,92,142,200,396,405
"Tmem158",336,556,758,583,559,537,462,611
"Tmem159",470,908,873,851,884,1015,1115,1047
"Tmem160",358,762,792,701,692,667,733,786
"Tmem161a",1138,2643,2739,2283,2631,2438,2731,2444
"Tmem161b",143,352,254,322,349,363,310,395
"Tmem163",1,0,2,1,0,3,2,0
"Tmem164",1361,2546,2265,2449,2334,2109,2245,2263
"Tmem165",1661,3192,3843,3517,3551,3530,3984,3985
"Tmem167",2057,4177,3998,4347,4190,4193,4253,4532
"Tmem167b",2310,4281,4611,4591,4530,4458,4613,4809
"Tmem168",1327,2513,2255,2607,2726,2655,2470,2705
"Tmem169",147,273,298,319,279,311,334,357
"Tmem17",60,120,106,105,161,141,131,132
"Tmem170",70,132,125,127,133,116,113,142
"Tmem170b",162,526,296,416,520,617,521,455
"Tmem171",61,99,110,118,98,71,67,85
"Tmem173",662,1101,875,1058,1095,1166,1279,1187
"Tmem175",527,1107,978,923,985,1153,1030,948
"Tmem176a",436,950,644,730,916,1220,966,680
"Tmem176b",1129,2738,1778,1927,2543,3198,2555,2083
"Tmem177",338,702,924,745,611,663,726,690
"Tmem178b",1,1,1,1,2,1,1,0
"Tmem179b",147,261,272,250,266,323,336,296
"Tmem18",618,1048,1173,1270,1155,1051,1093,1183
"Tmem180",20,69,63,41,52,78,70,66
"Tmem181a",313,475,413,400,456,412,499,446
"Tmem181b-ps",517,923,862,939,1028,1011,1017,1057
"Tmem181c-ps",117,338,328,376,412,364,392,437
"Tmem182",674,1147,1572,1216,1279,1043,814,1114
"Tmem183a",2167,3845,4496,4126,4143,3939,3940,3925
"Tmem184a",75,138,153,116,116,140,85,115
"Tmem184b",3541,7696,6670,6545,7508,7963,8749,8113
"Tmem184c",545,1596,1039,1263,1373,1787,1421,1291
"Tmem185b",751,1480,1480,1490,1529,1560,1599,1564
"Tmem186",344,644,965,737,673,614,748,733
"Tmem189",1719,3659,4107,3231,3455,3893,4261,4159
"Tmem19",1270,2535,2888,2595,2602,2668,2693,2643
"Tmem190",3,6,5,4,4,1,4,6
"Tmem191c",6,17,26,23,36,34,24,30
"Tmem192",341,864,740,675,791,877,1041,960
"Tmem194",459,830,968,978,894,688,680,783
"Tmem194b",116,219,197,248,202,162,185,189
"Tmem198",19,23,40,34,32,24,25,40
"Tmem198b",407,794,737,691,769,712,709,642
"Tmem199",507,1012,1173,995,1011,1020,1084,1176
"Tmem2",1356,2410,2789,2660,2362,1942,1797,2135
"Tmem200a",100,136,90,157,133,78,47,101
"Tmem200b",42,46,62,68,41,63,49,50
"Tmem200c",1,1,0,2,1,0,4,0
"Tmem201",753,1586,1551,1394,1488,1652,1602,1586
"Tmem202",22,33,47,31,39,39,46,35
"Tmem203",88,188,252,216,198,211,258,255
"Tmem204",36,56,48,55,48,47,43,45
"Tmem205",229,548,537,473,509,626,609,572
"Tmem206",371,704,832,730,747,818,966,930
"Tmem208",662,1247,1377,1333,1286,1291,1292,1288
"Tmem209",1113,2181,2157,2343,2270,2319,2332,2534
"Tmem212",1,1,0,2,1,0,2,2
"Tmem214",2163,4046,3753,3820,3783,3880,4123,3855
"Tmem216",203,346,415,395,370,343,406,472
"Tmem218",234,470,513,481,466,543,535,509
"Tmem219",371,635,638,668,561,593,614,604
"Tmem220",30,74,68,65,66,107,104,71
"Tmem221",4,17,6,8,10,22,20,11
"Tmem222",851,1603,1637,1529,1609,1664,1826,1772
"Tmem223",24,39,42,52,32,47,41,33
"Tmem229b",142,232,284,234,240,192,167,239
"Tmem230",1018,1685,1729,1641,1756,1890,1881,1783
"Tmem231",244,496,479,499,512,578,555,496
"Tmem232",1,0,0,1,0,0,1,0
"Tmem234",1203,2250,2392,2207,2227,2273,2431,2415
"Tmem236",4,9,4,4,9,13,8,11
"Tmem237",675,1240,1181,1374,1409,1478,1502,1371
"Tmem238",32,52,52,54,49,53,53,52
"Tmem239",0,2,0,2,2,3,4,1
"Tmem240",9,12,12,9,5,16,22,12
"Tmem241",176,377,385,339,387,460,478,457
"Tmem242",1192,2082,2351,2176,2148,2208,1994,2005
"Tmem243",131,232,248,268,246,212,235,266
"Tmem245",235,551,391,457,549,498,466,364
"Tmem246",129,214,250,209,261,177,141,203
"Tmem248",2116,4449,4290,4166,4366,4562,4718,4519
"Tmem25",13,48,48,37,47,66,59,47
"Tmem251",198,461,498,433,555,579,826,774
"Tmem252",3,6,13,6,5,9,1,12
"Tmem253",0,6,12,3,6,7,13,8
"Tmem255a",1,0,1,1,1,0,1,0
"Tmem255b",5,2,3,6,2,0,0,0
"Tmem256",566,1259,1261,1117,1174,1196,1326,1246
"Tmem258",1241,2767,2666,2524,2525,2672,2940,2860
"Tmem259",2393,5067,4896,4515,4758,5324,5706,5131
"Tmem26",5,14,14,19,13,5,7,5
"Tmem260",692,1238,1015,1276,1289,1325,1112,1229
"Tmem261",363,718,854,797,773,731,779,827
"Tmem263",2313,4490,3865,4858,4413,4742,3785,4043
"Tmem265",55,99,111,106,118,137,112,110
"Tmem27",0,0,0,0,0,1,2,1
"Tmem29",212,353,317,385,329,370,405,370
"Tmem30a",1990,6301,3993,4781,5286,6279,5232,5275
"Tmem30c",1,1,0,1,0,0,1,2
"Tmem33",1818,4161,3783,3715,3935,4326,4234,4135
"Tmem35",4,12,16,14,17,18,17,14
"Tmem37",741,1447,1824,1415,1392,1444,1140,1261
"Tmem38a",3082,6075,7446,5469,6309,6652,4961,5450
"Tmem38b",1726,3895,4064,3592,4250,4948,4756,4596
"Tmem39a",1061,2250,2130,2062,2214,2335,2380,2410
"Tmem39b",186,416,379,361,401,424,417,406
"Tmem40",3,11,13,9,9,5,1,3
"Tmem41a",235,522,551,472,462,557,663,591
"Tmem41b",677,1415,1297,1231,1584,1725,1657,1611
"Tmem42",147,354,306,279,331,403,436,388
"Tmem43",5172,9583,10139,9881,9145,8952,11045,10987
"Tmem44",205,382,235,335,298,303,248,268
"Tmem45a",1638,3426,2028,2687,3335,4138,4252,3605
"Tmem45a2",0,2,0,0,1,0,0,2
"Tmem47",687,1852,1550,1766,1524,1699,1446,1601
"Tmem5",825,1669,1642,1666,1803,1777,1823,1918
"Tmem50a",3559,7730,7562,6798,7420,8506,8929,8117
"Tmem50b",944,1829,1883,1726,1679,1881,1679,1660
"Tmem52",1,0,2,2,0,1,0,1
"Tmem53",176,384,322,304,346,465,435,313
"Tmem54",1,1,2,2,1,0,0,0
"Tmem55a",1941,3697,3724,3910,3891,4047,3421,3607
"Tmem55b",993,2145,1960,1862,2082,2342,2912,2539
"Tmem56",21,49,45,63,27,40,28,52
"Tmem57",1544,3307,3164,3069,3596,4311,4166,3793
"Tmem59",7400,14984,16043,14892,14876,16171,17080,16205
"Tmem59l",1,4,0,3,2,0,0,3
"Tmem60",304,676,697,668,680,778,876,778
"Tmem62",539,900,1005,933,911,948,821,982
"Tmem63a",2039,4310,4356,4177,3951,4494,5533,4915
"Tmem63b",1481,3092,2887,2784,2957,3285,3402,3061
"Tmem63c",0,0,2,0,2,2,1,1
"Tmem64",5461,11445,10118,12040,13293,14171,10605,9749
"Tmem65",2605,5433,4856,5860,6204,6873,5844,5002
"Tmem67",231,519,395,464,566,609,569,550
"Tmem68",367,720,702,703,786,780,817,879
"Tmem69",382,664,820,756,761,675,609,675
"Tmem70",1166,1938,2093,2322,2138,2034,1783,2087
"Tmem71",14,10,8,22,17,23,12,14
"Tmem74",3,2,4,4,12,7,9,7
"Tmem79",91,246,186,166,227,291,364,249
"Tmem8",73,115,111,106,103,116,102,128
"Tmem80",146,322,350,307,311,349,328,306
"Tmem81",105,179,167,202,196,234,197,230
"Tmem82",1,2,0,3,1,1,0,1
"Tmem86a",730,1365,2191,1619,1492,1376,1471,1750
"Tmem86b",33,49,32,41,59,37,25,36
"Tmem87a",1321,2548,2316,2619,2707,2648,2471,2810
"Tmem87b",763,1805,1408,1793,2028,2352,2222,2124
"Tmem88",6,4,5,9,6,10,9,5
"Tmem88b",65,104,129,148,128,89,70,102
"Tmem8b",111,202,268,240,216,203,190,206
"Tmem8c",8083,13524,21246,15658,13811,14058,10332,12355
"Tmem9",1375,2746,3070,2791,2608,2554,2805,2769
"Tmem91",2,4,3,3,7,5,3,2
"Tmem95",24,25,30,37,19,17,19,31
"Tmem97",1270,2314,2377,2323,2227,2033,2202,2301
"Tmem98",1222,2964,2267,2297,2732,3456,3391,2772
"Tmem9b",1124,2308,2565,2225,2414,2313,2265,2345
"Tmf1",500,1478,1026,1138,1187,1349,1233,1333
"Tmie",64,85,104,96,80,48,36,76
"Tmigd1",1,3,1,1,5,5,6,7
"Tmod1",714,1218,1725,1347,1329,1217,1020,1041
"Tmod2",24,50,40,53,39,33,44,53
"Tmod3",1723,3403,2948,3694,3842,3703,3429,3472
"Tmod4",15,26,34,30,30,36,30,37
"Tmpo",5895,10813,8910,11384,10743,8934,7538,8279
"Tmppe",158,367,405,363,365,328,451,424
"Tmprss11b",1,9,4,6,4,7,4,7
"Tmprss11f",12,15,10,25,16,25,21,11
"Tmprss2",0,0,3,2,2,0,0,2
"Tmprss6",29,40,40,49,28,49,33,34
"Tmprss7",1,0,0,1,0,1,0,0
"Tmprss9",1,0,3,1,1,0,3,3
"Tmsb10",18968,32102,36139,32355,32790,29780,24979,26805
"Tmsb15a",0,3,6,2,3,4,1,5
"Tmsb4x",24043,38477,45633,44653,41216,30080,21676,31910
"Tmtc1",1,2,2,3,3,4,3,4
"Tmtc2",97,192,105,170,158,129,96,150
"Tmtc3",556,1421,829,1097,1204,1177,1121,1232
"Tmtc4",634,1108,988,1278,1205,1145,1124,1244
"Tmub1",165,314,263,265,272,398,462,333
"Tmub2",1327,2833,2581,2434,2655,2994,3032,2817
"Tmx1",2116,4042,3565,4229,4484,4467,4430,4703
"Tmx2",1627,2910,2946,2638,2886,2880,2883,2801
"Tmx3",1088,3458,2313,2711,2932,3426,3327,3146
"Tmx4",1502,2736,2978,3046,3002,2985,2715,2856
"Tnc",21202,28474,32408,34938,29986,17313,14684,24637
"Tnf",13,36,20,14,33,29,25,12
"Tnfaip1",3394,6570,6730,6405,6431,6252,6597,6283
"Tnfaip2",2883,9057,7353,6233,8544,11578,15964,12051
"Tnfaip3",999,1942,1705,1775,2108,2204,1956,1875
"Tnfaip6",34,29,28,46,44,29,32,30
"Tnfaip8",481,801,819,967,780,736,696,751
"Tnfaip8l1",110,137,173,200,141,114,100,129
"Tnfaip8l2",4,4,4,4,3,5,4,2
"Tnfrsf10b",901,1606,1800,1718,1462,1482,1773,1813
"Tnfrsf11a",6,2,2,6,9,1,1,8
"Tnfrsf11b",158,240,254,268,307,236,130,274
"Tnfrsf12a",3718,5637,5849,5930,6006,4501,4092,5073
"Tnfrsf13c",3,5,2,7,5,6,5,6
"Tnfrsf14",15,24,37,24,32,23,15,27
"Tnfrsf18",15,25,42,42,29,27,36,26
"Tnfrsf19",25,38,128,63,43,29,22,64
"Tnfrsf1a",3442,7430,8056,7171,6854,8144,10600,9324
"Tnfrsf1b",2725,5050,4854,4878,4965,4851,4741,5194
"Tnfrsf21",109,195,344,256,237,186,275,368
"Tnfrsf22",218,526,493,451,594,571,943,824
"Tnfrsf23",1255,2517,2570,2319,2674,3078,4341,4211
"Tnfrsf25",158,275,319,310,285,214,161,248
"Tnfrsf26",4,10,4,5,15,16,23,15
"Tnfrsf4",11,18,19,20,24,17,14,21
"Tnfrsf8",5,1,1,5,3,1,4,2
"Tnfrsf9",36,162,82,73,120,205,827,732
"Tnfsf10",0,3,3,0,4,1,1,2
"Tnfsf11",5,7,3,7,7,7,6,14
"Tnfsf12",205,373,304,289,330,353,346,308
"Tnfsf13",8,38,8,10,29,37,34,16
"Tnfsf13b",1,3,3,2,1,3,3,1
"Tnfsf14",0,0,0,0,0,1,3,4
"Tnfsf15",54,81,57,88,55,46,19,51
"Tnfsf18",2,3,4,3,1,7,13,13
"Tnfsf4",1,1,0,1,2,1,2,2
"Tnfsf9",175,375,366,312,345,382,557,540
"Tnik",121,316,205,263,359,323,221,236
"Tnip1",2010,4024,4177,3870,4006,4187,4393,4050
"Tnip2",257,634,537,513,570,669,679,592
"Tnip3",3,8,5,4,11,15,8,15
"Tnk1",1,2,2,1,3,2,0,1
"Tnk2",1089,2041,1924,2010,1964,1845,2156,2231
"Tnk2os",7,7,1,9,8,7,11,6
"Tnks",1048,2477,1881,2259,2666,2487,2372,2213
"Tnks1bp1",5893,11585,11159,11459,11273,10746,11460,11021
"Tnks2",3546,7528,6455,7562,7942,8218,7446,7592
"Tnmd",0,1,1,1,0,0,0,0
"Tnn",65,81,52,91,106,13,12,75
"Tnnc1",11815,21918,32670,23297,22009,21171,15343,19537
"Tnnc2",4217,6802,10968,7967,7350,6407,4671,6460
"Tnni1",12329,21540,33346,23338,21782,19681,14541,19671
"Tnni2",3337,5703,8609,6105,5821,5193,3851,5214
"Tnni3",8,11,22,14,15,18,10,13
"Tnni3k",3,9,6,7,10,8,5,8
"Tnnt1",4725,7463,10426,8276,8108,6266,4131,6425
"Tnnt2",10429,16982,28391,21077,18858,15776,11470,15968
"Tnnt3",8769,14728,21385,15758,16304,14999,10608,14105
"Tnpo1",1974,5157,3864,4472,4873,4206,4161,3991
"Tnpo2",3692,7048,8325,7591,6609,6377,8700,8655
"Tnpo3",2499,4548,4795,5129,5056,4965,4685,4726
"Tnr",2,1,1,4,5,13,5,3
"Tnrc18",2503,4968,4488,4866,5141,4568,4705,4536
"Tnrc6a",760,2099,1492,1842,2039,1833,1785,1704
"Tnrc6b",1012,3163,1998,2488,2986,2884,2604,2554
"Tnrc6c",700,1725,1232,1436,1666,1770,1630,1430
"Tns1",9046,16478,18013,17538,17555,15379,15956,15883
"Tns2",2901,6923,6229,5950,6559,7606,8145,6551
"Tns3",8164,15114,14874,15467,15420,14082,13448,13453
"Tns4",21,76,42,38,68,87,89,84
"Tnxb",0,4,3,1,5,6,46,35
"Tob1",1631,3185,3266,3294,3431,3909,3225,3275
"Tob2",1342,2442,2907,2797,2471,2599,2570,2623
"Toe1",489,804,817,835,843,828,870,866
"Tollip",2106,4214,4120,3785,4238,4284,4488,4468
"Tom1",835,1857,2064,1617,1835,2053,2144,1964
"Tom1l1",201,442,273,335,470,449,348,342
"Tom1l2",2000,3916,4311,3916,3966,3962,4331,3945
"Tomm20",3160,5831,6167,5881,5900,6080,6894,6618
"Tomm22",2372,4056,4575,4341,4057,3760,3950,4169
"Tomm34",599,1184,1233,1098,1222,1175,1157,1124
"Tomm40",1262,2056,2893,2477,2198,1965,2135,2190
"Tomm40l",600,1009,1030,947,944,913,942,915
"Tomm5",900,1594,1927,1642,1482,1393,1575,1694
"Tomm6",719,816,879,815,742,816,845,838
"Tomm6os",5,11,10,8,9,6,9,14
"Tomm7",838,1749,1959,1702,1674,1652,1742,1606
"Tomm70a",2571,5060,5289,5743,5325,4984,4621,5287
"Tomt",61,85,90,101,100,78,85,85
"Tonsl",321,558,363,551,577,411,351,414
"Top1",1631,4173,3573,3766,3586,3628,3353,3836
"Top1mt",226,457,483,421,443,426,443,428
"Top2a",4707,9659,5681,9052,7764,4146,3014,5797
"Top2b",1370,4750,2952,3309,3298,3586,3299,3802
"Top3a",363,750,682,658,679,636,677,728
"Top3b",1202,2233,2439,2261,2171,2266,2439,2342
"Topbp1",1540,2609,2118,2900,2504,1682,1705,2234
"Topors",927,2500,1551,2028,2321,2410,1895,2052
"Toporsos",9,3,5,8,6,8,4,5
"Tor1a",796,1531,1587,1542,1481,1562,1765,1691
"Tor1aip1",2208,3808,3545,4112,4317,4255,4085,3925
"Tor1aip2",4989,8868,10225,9591,9245,9139,9012,9308
"Tor1b",2057,3968,4288,4061,4034,3872,4215,4338
"Tor2a",465,867,938,803,832,855,968,921
"Tor3a",1800,3713,3871,3193,3908,4479,5265,4754
"Tor4a",1014,1588,2057,2021,1507,1193,1391,1609
"Tox",0,1,1,0,1,1,0,0
"Tox2",12,10,5,14,6,15,11,6
"Tox4",2190,3679,3848,3687,3857,3738,3705,3604
"Tpbg",1795,2796,2917,3143,2825,2758,3090,3356
"Tpcn1",2101,4948,3969,3903,4820,5226,5038,4267
"Tpcn2",240,400,550,495,440,394,499,512
"Tpd52",701,1279,1168,1306,1487,1575,1514,1492
"Tpd52l1",136,256,361,274,303,325,376,340
"Tpd52l2",2378,4665,5041,4709,4626,4685,5304,4965
"Tpgs1",404,886,767,723,866,932,939,880
"Tpgs2",650,1202,1051,1220,1323,1225,1064,1027
"Tph1",0,1,2,1,3,4,5,4
"Tph2",12,38,10,17,33,42,28,26
"Tpi1",23926,51166,35920,39070,46725,53396,50949,45126
"Tpk1",94,186,163,206,198,203,168,201
"Tpm1",30137,45697,64412,58413,48157,35930,28850,41472
"Tpm2",21330,35895,58906,41967,38000,32886,26793,33951
"Tpm3",8402,12767,14433,14264,13238,11666,11812,12416
"Tpm4",28088,40477,46894,50468,43441,33810,33717,40984
"Tpmt",247,477,470,464,531,493,408,418
"Tpp1",2251,5750,4678,4429,6373,7755,7915,6567
"Tpp2",1460,3971,3052,3513,3485,3478,3060,3385
"Tppp",3,0,1,6,2,2,0,3
"Tppp3",1439,3372,2237,2471,3266,3673,3245,2421
"Tpr",684,2210,1537,1524,2156,2240,2228,2343
"Tpra1",421,936,1033,862,852,997,1211,1017
"Tprg",2,0,1,3,3,1,0,2
"Tprgl",2102,4430,5120,4278,4200,4822,5348,5072
"Tprkb",882,1730,1867,1853,1730,1700,1929,1967
"Tprn",243,402,468,442,474,433,423,455
"Tpsab1",23,154,111,48,141,254,554,494
"Tpsb2",0,0,0,0,0,1,1,1
"Tpst1",1422,2510,3002,3084,2441,2565,2558,2529
"Tpst2",2409,4402,5001,4526,4355,4132,4346,4477
"Tpt1",57376,109326,110879,105128,111335,119924,128679,123734
"Tpte",0,1,0,0,3,0,2,1
"Tpx2",2922,3807,3871,5088,4157,2385,1756,2724
"Tra2a",2169,3752,3526,4109,3985,3425,2959,3461
"Tra2b",3429,5265,5644,6260,5372,4603,4554,5401
"Trabd",1369,2799,3108,2660,2740,3001,3105,2869
"Trabd2b",1591,1967,2132,2632,2201,664,440,2063
"Tradd",335,683,768,656,721,694,769,703
"Traf1",91,126,94,129,107,45,31,78
"Traf2",1394,2525,3072,2813,2431,2403,2603,2587
"Traf3",1609,2930,2792,3234,3513,3099,2900,2945
"Traf3ip1",356,629,659,703,714,620,674,653
"Traf3ip2",121,285,259,249,287,365,441,326
"Traf3ip3",96,180,133,157,168,163,130,129
"Traf4",2911,4504,5278,4858,4557,3791,2942,3717
"Traf5",312,458,532,586,434,433,465,470
"Traf6",636,1386,1059,1245,1527,1494,1450,1451
"Traf7",2807,5358,5465,5209,5206,5020,5107,5038
"Trafd1",1145,2235,2298,2234,2168,2133,2235,2061
"Traip",225,318,336,378,335,160,136,253
"Trak1",2019,4034,3794,3687,4055,4283,4002,3621
"Trak2",1871,3499,3220,3764,3692,3394,3146,3385
"Tram1",4251,8242,6938,8092,9036,10441,9027,8574
"Tram1l1",127,246,297,282,265,270,265,270
"Tram2",152,329,312,289,314,264,271,260
"Trank1",2,0,0,2,0,0,0,1
"Trap1",2186,3951,4580,4324,3805,3619,3840,3874
"Trappc1",1099,2083,2275,2092,2006,2041,1876,1820
"Trappc10",1899,3759,3828,3601,3866,3815,4201,3736
"Trappc11",1174,2269,2371,2406,2508,2506,2539,2573
"Trappc12",1151,2382,2233,2120,2221,2291,2358,2253
"Trappc13",1999,3438,3617,3741,3618,3286,3050,3387
"Trappc2",402,586,680,742,734,736,633,716
"Trappc2l",454,970,1041,891,967,1033,1084,972
"Trappc3",1880,3487,3788,3630,3456,3235,3446,3406
"Trappc4",1141,2137,2312,2199,2118,2051,2213,2354
"Trappc5",842,1645,1890,1618,1484,1521,1762,1780
"Trappc6a",357,797,801,755,784,818,1034,1044
"Trappc6b",981,1868,1939,2048,1968,2174,2210,2283
"Trappc8",1037,2709,1774,2289,2526,2866,2547,2405
"Trappc9",1243,2426,2504,2420,2356,2399,2245,2199
"Trcg1",0,5,2,1,3,2,3,2
"Trdmt1",159,272,295,335,295,245,241,264
"Trdn",10,27,21,16,35,32,19,27
"Trem2",7,45,28,24,30,43,123,79
"Trem3",0,1,1,0,2,2,3,0
"Trerf1",208,391,377,397,354,394,453,401
"Trex1",203,284,343,347,331,363,380,351
"Trf",7,17,13,22,15,14,18,11
"Trhde",5,5,10,7,5,6,7,7
"Trhr2",1,4,1,1,2,5,7,4
"Triap1",484,915,1224,1035,909,843,938,1088
"Trib1",378,1153,891,821,1203,1716,2226,1667
"Trib2",454,1161,723,802,1251,1700,1745,1332
"Trib3",132,633,233,211,564,1041,2703,2408
"Tril",588,750,690,1013,649,334,226,482
"Trim11",641,1313,1634,1407,1241,1284,1783,1817
"Trim12c",88,219,148,168,217,190,152,212
"Trim13",429,761,910,843,804,782,718,736
"Trim14",20,26,21,34,15,18,17,20
"Trim15",2,4,4,8,5,7,9,8
"Trim16",814,1556,1459,1407,1729,1753,1820,1445
"Trim17",16,27,35,24,32,24,33,25
"Trim2",529,1646,918,1344,1416,1624,1325,1191
"Trim21",105,240,152,186,203,217,214,185
"Trim23",393,1097,794,961,1008,1103,956,939
"Trim24",420,916,561,812,870,853,653,760
"Trim25",1133,2145,2028,2092,2353,2103,2203,1961
"Trim26",1109,1917,2057,2082,2071,1906,1895,1970
"Trim27",1441,2284,2562,2639,2355,2181,2269,2336
"Trim28",5626,9936,9953,10063,9386,8891,8962,9314
"Trim29",4,9,9,5,6,2,3,9
"Trim3",1096,2050,2199,2129,1972,2026,2344,2270
"Trim30a",11,21,4,16,29,22,17,24
"Trim32",1052,2051,2007,2038,1882,1915,1987,1933
"Trim33",456,1542,758,1041,1288,1345,1247,1314
"Trim34a",5,15,11,9,26,13,11,18
"Trim34b",5,13,10,12,23,20,21,11
"Trim35",6616,12291,13640,12677,12006,12119,13811,14021
"Trim36",26,47,32,44,44,35,28,37
"Trim37",997,1910,1779,1987,2001,1967,1997,1960
"Trim38",0,1,1,0,1,0,2,1
"Trim39",345,811,794,738,800,723,802,763
"Trim40",0,0,1,1,0,0,3,0
"Trim41",1099,2183,2000,2068,2224,2023,2117,2007
"Trim43a",3,3,9,4,2,3,4,9
"Trim43b",0,2,3,3,2,4,3,6
"Trim43c",5,8,10,11,8,10,8,12
"Trim44",2403,4598,4320,4979,4908,4597,4614,4928
"Trim45",165,332,277,316,323,332,354,321
"Trim46",248,501,452,467,500,529,572,528
"Trim47",1331,2109,2471,2397,2026,1769,1642,1774
"Trim54",606,1265,1570,1138,1195,1185,1043,1146
"Trim55",1555,2743,2940,2573,3155,2996,2382,2545
"Trim56",206,504,320,407,505,336,390,328
"Trim59",1375,2751,2075,2880,2283,1811,1432,2007
"Trim62",63,120,71,107,113,119,106,136
"Trim63",539,962,1346,1007,985,938,730,941
"Trim65",79,181,161,156,207,208,257,203
"Trim66",75,52,98,124,62,18,19,65
"Trim67",0,1,1,3,0,0,0,3
"Trim68",149,334,285,319,379,395,339,331
"Trim69",1,6,6,1,6,5,5,3
"Trim7",117,189,156,215,164,180,173,169
"Trim72",2554,4467,6890,4409,4913,4175,3372,4516
"Trim8",2112,4042,3511,3643,4159,4464,4005,3819
"Trio",2641,5160,5220,5127,6198,5257,4895,5415
"Triobp",753,1419,1155,1268,1363,1615,1926,1549
"Trip10",1301,2647,2724,2629,2598,2815,2929,2693
"Trip11",164,598,370,341,540,575,576,573
"Trip12",4773,11209,8382,10733,11478,11176,9463,9937
"Trip13",330,417,410,527,445,248,206,334
"Trip4",832,1732,1565,1774,1823,1842,1651,1763
"Trip6",1215,2512,2474,2290,2392,2547,2961,2659
"Triqk",87,219,153,196,235,235,174,184
"Trit1",693,1164,1491,1408,1206,1168,1029,1127
"Trmt1",1411,2667,2804,2710,2564,2797,3331,3107
"Trmt10a",390,706,649,749,828,707,573,693
"Trmt10b",205,400,365,377,425,391,419,391
"Trmt10c",362,813,721,905,810,863,744,871
"Trmt11",253,467,415,489,520,504,461,510
"Trmt112",1447,2499,2599,2493,2514,2720,2962,2625
"Trmt12",303,547,600,564,559,521,540,490
"Trmt13",72,156,137,173,173,156,150,151
"Trmt1l",1008,1887,1948,2037,2013,1920,1820,1901
"Trmt2a",974,1632,1870,1791,1580,1383,1654,1767
"Trmt2b",660,1269,1184,1210,1264,1217,1099,1168
"Trmt44",201,474,495,434,479,421,504,465
"Trmt5",382,693,657,766,768,754,637,707
"Trmt6",790,1392,1517,1540,1507,1479,1540,1512
"Trmt61a",323,598,790,664,598,520,607,739
"Trmt61b",63,101,145,120,113,92,126,123
"Trmu",261,426,548,523,477,496,544,500
"Trnau1ap",575,1147,1150,1094,1136,1169,1276,1207
"Trnp1",14,57,35,21,56,71,87,73
"Trnt1",467,933,801,890,958,944,865,1016
"Tro",6,10,6,12,12,6,4,7
"Troap",632,793,746,991,804,399,275,553
"Trove2",459,1432,882,914,1136,1403,1281,1242
"Trp53",3594,6167,7240,6889,5964,5419,5957,6056
"Trp53bp1",1460,2789,2717,2765,2967,2717,2655,2558
"Trp53bp2",641,1219,1084,1168,1298,1198,1114,1121
"Trp53cor1",67,153,129,126,160,192,183,162
"Trp53i11",69,91,75,106,103,45,59,95
"Trp53i13",446,823,985,864,777,830,870,881
"Trp53inp1",813,2523,1917,2460,2317,2671,2674,2757
"Trp53inp2",4001,6706,8110,7304,7144,6620,5565,6490
"Trp53rka",348,620,683,599,574,539,635,697
"Trp53rkb",108,160,175,160,158,146,144,160
"Trp53tg5",3,15,10,7,9,8,16,14
"Trp63",301,418,575,495,440,217,151,459
"Trp73",1,1,0,2,2,0,0,1
"Trpa1",1,1,0,2,0,0,0,0
"Trpc1",48,88,56,84,82,82,80,85
"Trpc3",5,5,13,5,4,2,1,7
"Trpc4ap",4264,8399,8416,8134,8059,7948,7918,7822
"Trpc5os",1,0,0,3,1,1,1,0
"Trpm2",0,2,0,3,1,6,4,6
"Trpm3",4,10,8,8,12,9,15,7
"Trpm4",487,1109,999,890,1077,1228,1258,966
"Trpm6",37,53,39,59,70,42,37,50
"Trpm7",798,2707,1494,1738,2053,2468,2444,2360
"Trpm8",1,5,3,2,7,2,1,2
"Trps1",394,1192,798,903,945,1009,1015,1111
"Trpt1",100,199,255,187,173,165,174,159
"Trpv1",11,7,11,14,9,3,0,6
"Trpv2",178,327,346,333,302,262,261,303
"Trpv3",1,4,2,1,1,1,0,3
"Trpv4",43,78,63,96,83,72,76,89
"Trpv6",46,86,81,65,73,102,95,91
"Trrap",2358,4915,4305,4483,5053,4983,4977,4329
"Trub1",246,522,619,657,546,517,577,653
"Trub2",767,1409,1746,1523,1485,1386,1704,1691
"Try5",0,24,7,5,21,49,573,573
"Tsacc",22,41,37,35,30,44,40,34
"Tsc1",762,1680,1611,1532,1757,1747,1903,1768
"Tsc2",1913,3759,3698,3518,3629,3940,3925,3606
"Tsc22d1",8133,19798,17572,16506,18863,23572,26416,22592
"Tsc22d2",1039,2331,1457,1948,2394,2549,2100,2089
"Tsc22d3",939,2084,2856,2148,1987,2186,2487,2328
"Tsc22d4",1148,2149,2247,2161,2069,2218,2300,2264
"Tsen15",489,833,928,944,843,734,763,799
"Tsen2",583,1169,1114,1124,1090,1146,1195,1118
"Tsen34",1783,2797,3149,3093,2772,2407,2422,2498
"Tsen54",304,572,635,610,495,561,605,629
"Tsfm",728,1243,1434,1333,1239,1194,1329,1349
"Tsg101",2016,3704,4203,3997,3955,3973,3979,4197
"Tsga10",50,119,80,108,121,119,112,119
"Tshr",1,0,2,1,1,0,0,0
"Tshz1",436,1143,860,1069,1124,1304,1753,1615
"Tshz3",854,1609,1226,1661,1818,1866,1552,1435
"Tsks",2,1,3,2,1,2,0,1
"Tsku",728,1353,1508,1349,1329,1430,2067,1895
"Tslp",17,79,82,65,71,107,105,84
"Tsn",3214,5365,6106,6312,5933,5184,4981,5596
"Tsnax",2274,3901,4845,4592,4294,3968,4107,4387
"Tsnaxip1",0,3,3,1,1,2,1,4
"Tspan1",1,1,0,2,3,1,4,2
"Tspan10",0,1,0,1,0,1,1,0
"Tspan11",210,812,249,325,632,953,1043,662
"Tspan12",797,1746,1522,1653,1905,2382,1900,1748
"Tspan13",84,172,286,167,202,219,121,176
"Tspan14",2045,4009,4104,3913,4177,4249,3916,3470
"Tspan15",749,2373,1281,1308,2338,3151,3506,2489
"Tspan17",1007,2135,1992,2029,2101,2282,2183,1856
"Tspan18",16,23,17,27,26,17,14,12
"Tspan2",126,207,169,276,175,110,89,131
"Tspan3",4499,7861,9758,8835,8055,8102,7637,8063
"Tspan31",3095,6216,6187,5563,5976,6531,6515,5934
"Tspan32",233,433,661,404,491,467,339,433
"Tspan33",72,105,153,137,100,128,84,113
"Tspan4",1631,3190,2842,2788,2948,3191,4073,3613
"Tspan5",705,1755,1631,1499,1664,1827,2109,1779
"Tspan6",1190,2086,2216,2375,2199,2222,1906,1941
"Tspan7",717,1767,1580,1290,1781,2066,1734,1460
"Tspan8",435,419,307,554,430,86,39,394
"Tspan9",5386,9123,8598,8989,8837,8277,7490,8289
"Tspo",6566,11805,13569,12016,11681,11494,11251,12043
"Tspyl1",2048,3815,4742,4493,4066,4125,4207,4092
"Tspyl2",775,1711,1553,1646,1759,2001,1947,1786
"Tspyl3",3,15,7,6,9,5,12,15
"Tspyl4",122,223,261,284,232,215,200,257
"Tspyl5",171,284,288,294,304,310,283,272
"Tsr1",1289,2118,2459,2420,2319,1801,1926,2206
"Tsr2",565,913,1078,1092,893,838,971,1034
"Tsr3",525,877,937,845,846,880,910,873
"Tssc1",521,957,1079,972,952,854,985,991
"Tssc4",696,1048,1241,1160,1107,889,812,1018
"Tssk1",0,1,3,0,3,2,0,1
"Tssk2",1,1,3,2,3,2,2,1
"Tssk3",1,1,0,1,0,1,2,0
"Tssk4",6,9,14,12,17,15,20,14
"Tssk6",3,13,15,14,6,9,14,13
"Tst",192,285,341,315,276,283,273,279
"Tsta3",873,1739,1783,1690,1546,1556,1702,1650
"Tstd1",10,21,28,25,11,20,23,25
"Tstd2",557,1074,1184,1076,1048,1023,1123,1116
"Tstd3",326,501,623,627,568,536,519,537
"Tsx",0,1,0,0,0,1,1,0
"Ttbk2",435,1268,826,971,1141,1196,1122,1099
"Ttc1",1198,2223,2501,2397,2475,2385,2359,2485
"Ttc12",200,556,360,353,552,719,720,575
"Ttc13",1542,2831,3199,2912,2999,2956,2859,2916
"Ttc14",390,1123,800,947,985,1109,1088,1103
"Ttc16",7,17,6,16,11,23,18,12
"Ttc17",1140,2224,1973,2143,2072,2263,2516,2509
"Ttc19",690,1247,1419,1339,1379,1361,1243,1334
"Ttc21a",4,13,5,9,10,17,14,8
"Ttc21b",531,1078,897,1127,1150,1135,1044,1094
"Ttc23",403,773,805,742,798,742,790,740
"Ttc25",16,38,41,28,50,37,35,39
"Ttc26",413,787,729,843,765,719,739,841
"Ttc27",585,1026,1230,1153,1022,1020,1158,1241
"Ttc28",1511,3182,2809,2946,3167,3204,2839,2736
"Ttc3",2155,6460,3820,4957,5363,5688,4949,4708
"Ttc30a1",98,216,167,175,216,190,185,209
"Ttc30a2",5,7,3,3,4,8,0,14
"Ttc30b",232,502,459,447,543,578,546,492
"Ttc32",73,117,107,137,162,166,154,148
"Ttc33",1114,2319,2385,2191,2372,2608,2529,2562
"Ttc36",1,2,2,2,1,4,5,3
"Ttc37",496,1474,933,1259,1316,1241,1327,1299
"Ttc38",81,145,90,138,149,149,128,132
"Ttc39a",24,22,25,34,27,23,9,25
"Ttc39aos1",1,10,4,7,8,4,3,6
"Ttc39b",1169,3135,2312,2669,3109,3117,2840,2976
"Ttc39c",291,601,623,556,599,585,753,643
"Ttc39d",1,5,0,1,1,3,2,1
"Ttc4",1091,2087,2208,2046,2036,1953,2010,1992
"Ttc41",47,76,75,85,82,106,87,84
"Ttc5",781,1387,1481,1495,1434,1455,1529,1476
"Ttc7",903,1944,1779,1712,1777,1914,2264,2089
"Ttc7b",461,1001,912,923,1072,1243,1285,1161
"Ttc8",391,847,674,827,938,985,849,828
"Ttc9",1348,2333,2629,2325,2593,2256,1826,1978
"Ttc9c",420,923,988,1004,979,954,957,1162
"Ttf1",337,834,659,789,833,785,811,818
"Ttf2",645,918,1025,1128,936,720,822,1006
"Tti1",711,1327,1327,1314,1331,1255,1242,1317
"Tti2",416,692,810,728,710,674,749,757
"Ttk",431,784,479,813,612,347,236,464
"Ttl",941,1517,1843,1763,1622,1483,1481,1601
"Ttll1",972,2083,2183,1907,2041,2033,2046,2017
"Ttll11",143,443,302,266,422,559,501,401
"Ttll12",2328,4309,4985,4473,4075,4115,4333,4096
"Ttll13",5,18,14,16,13,24,21,26
"Ttll2",0,4,1,2,10,9,14,10
"Ttll3",45,97,86,94,87,88,87,89
"Ttll4",352,702,734,739,778,577,678,722
"Ttll5",1623,2160,2363,2558,2295,1556,1278,1826
"Ttll6",0,1,0,1,0,1,12,5
"Ttll7",605,1640,947,1240,1384,1421,1183,1179
"Ttn",3174,11584,6599,7656,12530,12842,9077,9599
"Ttpa",5,18,16,13,12,13,17,22
"Ttpal",1697,3133,3304,3197,2888,2669,2828,3034
"Ttr",0,2,1,0,4,1,0,2
"Ttyh1",2,9,10,8,9,4,5,9
"Ttyh2",2253,4298,4016,3943,4194,4762,4932,4549
"Ttyh3",1977,3692,3099,3568,3594,3318,3296,3129
"Tuba1a",29551,36820,37798,37591,35903,33619,28434,29562
"Tuba1b",25908,21277,26357,25957,20890,16585,15813,18867
"Tuba1c",7893,6670,7845,7610,6713,5786,4928,5954
"Tuba3b",0,0,1,0,0,1,1,0
"Tuba4a",2651,5072,6867,5091,4938,4974,4427,4733
"Tubal3",1,0,0,1,0,1,1,0
"Tubb2a",6617,11428,15292,12846,11613,10276,8913,9157
"Tubb2a-ps2",0,3,5,1,7,8,4,4
"Tubb2b",6124,11722,13693,11683,11920,11584,10575,9778
"Tubb3",780,1521,1193,1309,1635,1540,1355,1059
"Tubb4a",1,9,6,10,14,12,23,16
"Tubb4b",7985,10130,11997,11919,10045,7678,7105,8747
"Tubb5",29775,45775,53627,54454,44164,38067,37323,42072
"Tubb6",12626,20178,31020,24349,20321,17347,14053,17835
"Tubd1",279,562,612,541,532,469,473,512
"Tube1",145,237,197,255,235,188,151,199
"Tubg1",1325,2040,2395,2369,1977,1572,1627,1936
"Tubg2",19,35,45,46,24,31,29,24
"Tubgcp2",875,1447,1530,1595,1538,1263,1354,1382
"Tubgcp3",1054,1785,1889,2033,1853,1721,1915,1977
"Tubgcp4",514,907,858,974,1011,810,889,886
"Tubgcp5",320,740,573,663,712,764,696,744
"Tubgcp6",802,1596,1515,1515,1471,1225,1442,1524
"Tufm",2018,3465,3931,3489,3192,3071,3009,3192
"Tuft1",416,725,887,791,751,681,683,781
"Tug1",1169,3563,2285,2994,3170,3701,3153,3121
"Tulp1",0,1,1,0,1,1,0,0
"Tulp2",0,1,2,1,3,3,2,0
"Tulp3",1354,2536,2969,2703,2474,2543,3088,2963
"Tulp4",2968,6669,3845,4947,6693,7402,7002,6351
"Tusc1",87,199,155,149,189,196,217,199
"Tusc2",381,752,884,758,747,721,766,798
"Tusc3",1553,3866,3529,3487,3596,4088,4886,4169
"Tusc5",3,4,4,4,3,5,3,3
"Tut1",449,806,959,886,788,717,820,862
"Tvp23a",137,212,176,226,234,172,204,193
"Tvp23b",1386,2900,3056,2908,2970,3207,3274,3349
"Twf1",3599,6518,6337,7142,7071,6740,6528,7077
"Twf2",617,1116,1361,1151,1012,1060,1028,1002
"Twist1",1,1,0,3,0,0,2,0
"Twist2",308,580,587,568,580,610,757,763
"Twistnb",293,693,566,612,591,678,641,661
"Twsg1",2413,4605,3652,4964,4982,4585,4065,4554
"Txk",0,1,1,0,1,0,0,1
"Txlna",3270,5935,5909,6102,6024,5358,5528,5616
"Txlnb",309,623,635,562,709,717,531,701
"Txlng",190,494,362,387,421,431,408,488
"Txn1",4454,8170,9456,8886,8995,8205,9402,9937
"Txn2",2690,4978,5955,5306,4927,5062,5271,5325
"Txndc11",757,1635,1469,1453,1528,1816,1943,1597
"Txndc12",1406,2787,2666,2683,2491,2735,3071,2941
"Txndc15",1778,3456,3407,3325,3318,3644,3559,3463
"Txndc16",880,1964,1963,1805,2179,2442,2389,2262
"Txndc17",1755,3431,3664,3433,3464,3500,3519,3837
"Txndc2",1,7,5,8,6,2,11,11
"Txndc5",12003,21459,22678,23076,20590,19770,21114,20995
"Txndc9",2080,3967,4184,4016,4079,3774,3685,3935
"Txnip",3617,8195,8644,7501,7668,11243,15112,12492
"Txnl1",2839,5527,5768,5605,5414,5238,5191,5377
"Txnl4a",3041,5447,5838,5754,5371,5456,5879,5717
"Txnl4b",150,306,302,295,259,280,304,310
"Txnrd1",4467,9316,9951,8960,9934,10445,11997,10864
"Txnrd2",426,806,813,755,765,789,790,739
"Txnrd3",237,485,552,518,493,544,595,539
"Tyk2",744,1640,1611,1403,1591,1712,1792,1546
"Tymp",30,31,31,32,43,44,35,38
"Tyms",975,1321,1387,1627,1258,831,888,1161
"Tyms-ps",1,0,1,2,1,0,0,0
"Tyro3",376,695,660,640,621,625,710,656
"Tysnd1",238,399,440,427,430,421,408,414
"Tyw1",798,1594,1576,1445,1579,1618,1798,1700
"Tyw3",70,181,155,153,180,184,228,204
"Tyw5",163,347,314,394,393,369,334,358
"U2af1",1834,3052,3830,3623,3148,2665,2822,3129
"U2af1l4",444,736,781,777,732,714,713,706
"U2af2",3586,6054,6734,6483,6180,5525,6415,6318
"U2surp",505,1627,952,1129,1262,1296,1187,1304
"U90926",3,0,4,3,1,2,13,7
"Uaca",1039,2499,1971,2293,2773,3416,3742,3055
"Uap1",1547,2975,2736,2938,3196,3167,2995,2849
"Uap1l1",1249,4020,3465,2374,3723,5222,6462,5080
"Uba1",12747,22771,25269,24205,21687,20998,22325,22003
"Uba2",2941,4817,5227,5469,4900,4311,4498,4942
"Uba3",3087,6678,6158,6760,7096,7234,5860,6421
"Uba5",1388,2620,2455,2725,2744,2891,2630,2658
"Uba52",7646,11292,13126,12451,10985,10672,11689,12571
"Uba6",294,825,479,572,603,673,646,670
"Uba7",127,206,151,194,252,214,176,159
"Ubac1",1345,2340,2708,2406,2511,2360,2042,2201
"Ubac2",1082,2095,2225,1999,2048,2103,2318,2220
"Ubald1",847,1711,1924,1678,1566,1855,2148,1891
"Ubald2",0,1,0,2,0,0,0,1
"Ubap1",1605,3205,3361,3084,3337,3427,3965,3722
"Ubap1l",3,2,3,3,5,5,3,1
"Ubap2",3339,6002,6191,6382,6100,5450,5120,5356
"Ubap2l",5877,11252,11470,11548,11618,11239,11141,10721
"Ubash3b",217,387,361,369,444,488,401,365
"Ubb",6283,1674,1599,1636,1723,1778,1889,1770
"Ubc",7501,18173,14456,16624,19683,19880,17186,15632
"Ube2a",1013,1870,2088,2003,1889,2060,2042,1956
"Ube2b",2752,5693,5784,5781,6138,6343,6109,6136
"Ube2c",2104,2608,2757,3357,2835,1617,1206,1873
"Ube2cbp",100,164,190,189,151,125,161,222
"Ube2d1",2160,4210,3982,3876,4156,4897,4036,3808
"Ube2d2a",2724,4006,4301,4465,4240,4047,3935,4238
"Ube2d3",8231,13969,14844,14969,14693,14747,14395,15352
"Ube2e1",515,755,896,901,798,667,709,854
"Ube2e2",586,1182,1402,1154,1111,1141,1235,1234
"Ube2e3",1285,2220,2555,2518,2335,2029,2193,2277
"Ube2f",1107,2196,2762,2305,2205,2184,2212,2411
"Ube2g1",1707,3296,3008,3366,3585,3900,3275,3331
"Ube2g2",2899,5616,6610,5613,5589,5390,5591,5822
"Ube2h",3803,5687,6873,6721,6020,6313,5834,6037
"Ube2i",5038,6529,7368,7157,6721,6139,6751,6838
"Ube2j1",3509,6124,6333,6524,6622,6484,6034,6365
"Ube2j2",106,127,128,121,112,127,126,152
"Ube2k",1568,2982,3247,3336,3158,2886,2845,3298
"Ube2l3",5346,8713,10192,9578,8770,8883,8647,8980
"Ube2l6",681,1382,1251,1219,1405,1455,1490,1167
"Ube2m",2246,4002,4324,3995,4022,3781,3646,3808
"Ube2n",4798,6131,7098,7233,6522,6233,5324,5785
"Ube2o",1300,2733,2535,2509,2768,2928,3123,2768
"Ube2q1",1976,3748,3792,3623,3673,3740,4020,3765
"Ube2q2",887,1673,1586,1755,1734,1878,1765,1905
"Ube2r2",2362,4434,4691,4662,4729,5204,4995,4705
"Ube2s",2926,3310,3716,3682,3211,2767,2725,3027
"Ube2t",151,198,209,242,202,153,128,154
"Ube2u",0,0,0,1,0,1,0,1
"Ube2v1",2696,3352,3496,3334,3286,3169,3277,3022
"Ube2v2",490,1023,801,995,931,981,800,986
"Ube2w",1692,2950,3373,3608,3075,3248,3117,3317
"Ube2z",4374,7807,8290,7999,7485,7365,7724,7803
"Ube3a",324,1073,629,740,834,860,820,824
"Ube3b",2139,4309,4370,4155,4148,4121,4312,4063
"Ube3c",3008,5701,6022,5735,6075,5628,6087,6030
"Ube4a",1656,3447,3218,3415,3721,3785,3648,3400
"Ube4b",2690,4894,5252,5387,5112,5070,5122,4901
"Ube4bos3",14,32,30,38,26,30,43,28
"Ubfd1",1278,2319,2455,2463,2380,2116,2162,2279
"Ubiad1",861,1718,1794,1592,1647,1710,1771,1742
"Ubl3",1244,2409,2531,2552,2762,3001,2685,2776
"Ubl4a",720,1241,1409,1259,1263,1281,1212,1294
"Ubl5",1379,2672,2886,2802,2576,2566,2629,2662
"Ubl7",1252,2524,2668,2502,2294,2687,2816,2746
"Ublcp1",667,1271,1357,1395,1332,1296,1493,1545
"Ubn1",1626,3376,3201,3155,3379,3446,3473,3417
"Ubn2",415,1627,799,985,1489,1631,1392,1288
"Ubox5",351,534,549,583,524,528,559,562
"Ubp1",1613,2858,3163,3340,3052,3019,2949,3194
"Ubqln1",4216,7545,8111,8392,8103,7693,7693,7812
"Ubqln2",1197,2318,2090,2505,2507,2691,2527,2468
"Ubqln4",1489,2891,3396,2941,2864,2625,3171,3256
"Ubr1",996,2280,1728,2257,2330,2094,2087,2233
"Ubr2",2622,5762,5454,5464,6121,6060,6807,6291
"Ubr3",1685,4322,3336,3969,3986,4146,3682,3861
"Ubr4",4890,10742,9587,9331,10867,10764,11237,10290
"Ubr5",5463,11990,10140,11917,12700,12334,11940,11893
"Ubr7",1282,2024,2157,2313,2182,1793,1821,2037
"Ubtd1",1332,2281,2431,2233,2333,2241,1962,2078
"Ubtd2",1395,2342,2130,2630,2339,2370,1823,1996
"Ubtf",3381,5908,6880,6643,6203,5258,6290,6469
"Ubxn1",1239,2229,2862,2385,2394,2333,2571,2551
"Ubxn11",26,69,55,52,62,68,71,76
"Ubxn2a",296,761,622,622,617,658,575,589
"Ubxn2b",172,410,297,350,385,446,429,382
"Ubxn4",2566,6338,5401,5850,6226,6445,5660,5876
"Ubxn6",1139,2583,2489,2223,2459,2776,3009,2643
"Ubxn7",1026,2780,2040,2440,2364,2479,2311,2383
"Ubxn8",251,533,414,442,514,567,687,630
"Uchl1",213,429,301,292,409,327,324,308
"Uchl1os",2,0,0,2,0,0,1,1
"Uchl3",479,901,947,1026,926,795,727,885
"Uchl4",2,3,0,2,5,0,5,3
"Uchl5",509,1000,995,1130,1124,1047,937,1024
"Uck1",975,1687,1829,1690,1503,1572,1705,1731
"Uck2",1064,1912,1890,1924,1992,1692,2066,2022
"Uckl1",488,880,929,862,888,981,1002,979
"Uckl1os",6,15,10,14,10,10,14,17
"Ucma",19,13,22,33,7,0,0,11
"Ucn",7,5,7,12,10,15,6,7
"Ucp2",7569,9407,13038,13557,8568,6296,4464,7976
"Ucp3",9,16,36,14,16,25,17,20
"Uevld",983,1582,1614,1846,1776,1544,1534,1568
"Ufc1",1474,2899,3284,2886,2737,2805,2927,2994
"Ufd1l",1605,2834,3315,3108,3110,3000,3323,3261
"Ufl1",736,1895,1422,1683,1799,1991,1788,1693
"Ufm1",2016,3751,3570,3828,4080,4115,3798,4048
"Ufsp1",21,50,103,68,46,61,71,57
"Ufsp2",1011,1787,1951,1907,1929,1944,1830,1953
"Ugcg",7680,20740,11001,15666,23462,30055,28388,22127
"Ugdh",5908,11427,11506,12463,12799,14342,15481,13981
"Uggt1",4180,8863,7905,8131,9205,9321,9758,8937
"Uggt2",332,1079,595,818,812,790,758,870
"Ugp2",2430,5439,4618,4925,5747,6650,5611,5223
"Ugt1a1",0,0,0,0,2,1,2,0
"Ugt1a6a",321,738,686,721,687,833,1022,905
"Ugt1a6b",13,41,37,37,35,57,74,63
"Ugt1a7c",7,30,27,16,18,37,83,60
"Ugt2b1",0,1,1,1,1,0,0,0
"Ugt2b34",0,1,1,0,0,0,0,1
"Ugt2b36",0,0,1,2,0,1,0,0
"Ugt8a",3,5,2,4,5,7,2,4
"Uhmk1",175,411,294,363,427,353,383,326
"Uhrf1",2262,2896,2508,3446,2862,1466,1145,2066
"Uhrf1bp1",638,1410,1385,1307,1370,1489,1866,1792
"Uhrf1bp1l",1145,3166,2105,2679,3085,3098,2948,2726
"Uhrf2",2023,4039,3768,4223,4471,4193,4400,4469
"Uimc1",895,1803,1856,1916,1835,1752,1728,1868
"Ulbp1",129,248,181,240,227,149,96,163
"Ulk1",1581,3378,2990,2884,3230,4127,4770,4189
"Ulk2",1347,3101,2222,2947,3256,3447,3016,3024
"Ulk3",346,662,671,667,735,834,791,768
"Ulk4",84,167,147,158,141,144,116,86
"Umad1",300,545,468,596,530,595,587,563
"Umodl1",0,1,3,2,0,0,0,0
"Umps",1210,2031,2172,2207,1935,1616,2019,2249
"Unc119",581,1112,1324,1219,1049,1121,1167,1110
"Unc119b",1463,2890,2890,2739,2637,2636,2791,2658
"Unc13a",51,102,62,76,131,167,141,104
"Unc13b",35,98,80,85,97,112,99,91
"Unc13c",7,34,13,21,21,9,5,12
"Unc13d",500,1032,1245,934,990,1128,915,854
"Unc45a",781,1691,1747,1593,1526,1487,1696,1674
"Unc45b",845,1260,1910,1439,1407,1124,816,1194
"Unc50",1021,2056,2276,2046,2030,2147,2341,2419
"Unc5a",3,5,6,3,8,4,2,2
"Unc5b",4299,7431,6349,7093,7328,6789,6473,6735
"Unc5c",149,496,311,373,423,316,305,337
"Unc93a",6,26,18,10,27,58,64,42
"Unc93b1",453,948,858,826,912,1042,917,729
"Ung",137,167,187,209,174,141,129,175
"Unk",605,1159,1057,1115,1183,1086,1139,1092
"Unkl",143,209,208,251,227,256,278,265
"Uox",0,1,1,1,1,0,2,0
"Upf1",1582,2888,3486,3148,2950,2739,2969,2990
"Upf2",322,940,652,764,768,788,771,872
"Upf3a",745,1386,1527,1506,1377,1200,1365,1479
"Upf3b",82,313,242,268,265,259,271,313
"Upk1a",7,9,11,13,10,13,15,10
"Upk1b",37,27,49,51,38,15,12,39
"Upk3bl",0,1,0,1,0,1,2,1
"Upp1",122,234,185,196,236,153,252,253
"Upp2",21,60,34,43,47,47,40,44
"Uprt",64,127,112,121,127,144,139,108
"Uqcc1",1337,2159,2677,2266,2211,2036,1994,2159
"Uqcc2",1575,2947,3387,3083,2704,2651,2654,2596
"Uqcc3",116,284,270,252,218,283,317,303
"Uqcr10",1020,2191,2484,2098,2077,1949,2054,2063
"Uqcr11",1454,2763,3323,2817,2562,2376,2283,2446
"Uqcrb",1914,3412,4172,3871,3588,3137,2984,3529
"Uqcrc1",3667,6351,7631,6893,6046,5636,5745,5536
"Uqcrc2",3461,6134,7458,6655,6284,5974,5582,5903
"Uqcrfs1",2526,4484,5437,4813,4667,4632,4350,4471
"Uqcrh",3430,7048,8008,6852,6612,6680,6754,6527
"Uqcrq",1491,3040,3541,2953,2824,2999,3224,3317
"Urah",3,0,0,5,2,1,10,1
"Urb1",326,597,714,684,619,557,647,706
"Urb2",592,1073,1089,1157,1145,993,999,1081
"Urgcp",1518,2728,2623,2685,2503,2651,2590,2470
"Uri1",801,1653,1537,1765,1771,1785,1655,1825
"Urm1",662,1158,1488,1238,1159,1114,1289,1268
"Uroc1",2,0,1,3,2,4,4,1
"Urod",999,1939,2030,1905,1811,1969,2088,1911
"Uros",312,514,520,529,536,552,481,463
"Usb1",1139,2075,2269,2131,2030,2015,2295,2199
"Use1",1096,2399,2298,2046,2182,2522,2723,2345
"Usf1",1355,2797,2726,2485,2610,2745,2999,2724
"Usf2",854,1679,1581,1562,1656,1785,1877,1755
"Ush1c",1,0,3,2,1,1,0,0
"Ush1g",90,164,179,160,150,180,116,132
"Ushbp1",1,0,4,2,0,1,1,0
"Usmg5",1472,2728,3584,2883,2655,2540,2349,2651
"Uso1",3006,7124,6127,7167,7652,8016,6853,6830
"Usp1",1363,2382,1941,2648,2438,1843,1744,2236
"Usp10",1156,1869,2022,2117,2109,1897,1850,2016
"Usp11",1147,2219,2065,2220,1960,1968,1773,1631
"Usp12",1200,2431,2152,2288,2683,2865,3109,2791
"Usp13",309,569,651,600,656,606,582,614
"Usp14",2885,5242,5776,5838,5526,5408,4556,5120
"Usp15",927,2416,1634,2178,2307,2355,1950,2149
"Usp16",463,1360,972,1092,1198,1280,1093,1216
"Usp17la",6,18,14,9,14,17,39,24
"Usp17lb",0,2,0,0,2,2,5,5
"Usp17le",0,0,1,1,1,1,2,0
"Usp18",15,29,7,19,51,40,27,25
"Usp19",4149,7873,8246,7886,7811,7308,7692,7807
"Usp2",243,491,557,459,518,477,340,360
"Usp20",988,2032,2491,1959,2106,2148,2130,2159
"Usp21",742,1510,1352,1358,1354,1398,1488,1383
"Usp22",3873,7023,7422,7505,7205,6888,6589,6429
"Usp24",1132,3081,2366,2880,3206,3413,3262,3190
"Usp25",726,1857,1244,1577,1698,1708,1474,1498
"Usp27x",120,243,227,235,242,282,278,254
"Usp28",1138,2140,2524,2260,2230,2047,1825,1979
"Usp29",11,25,16,27,24,23,23,18
"Usp3",827,1669,1705,1628,1678,1724,1891,1891
"Usp30",652,1287,1323,1223,1275,1399,1469,1380
"Usp31",500,1196,939,1147,1337,1270,1140,1165
"Usp32",556,1772,1041,1340,1619,1830,1644,1496
"Usp33",1043,2268,1875,2295,2315,2281,2167,2265
"Usp34",862,3248,1332,1839,2382,2464,2203,2175
"Usp35",149,288,272,281,280,290,281,253
"Usp36",745,1506,1482,1463,1485,1493,1704,1757
"Usp37",368,967,611,887,899,844,713,771
"Usp38",1514,3054,2737,3202,3232,3295,2885,2968
"Usp39",1580,2650,3250,3014,2741,2610,2862,3024
"Usp4",3151,5951,6679,6203,5793,5530,5889,5994
"Usp40",974,1961,1827,1974,2036,2070,1989,1977
"Usp42",511,1043,994,1094,1112,1104,1161,1090
"Usp43",41,77,57,58,91,42,42,71
"Usp44",9,19,21,17,21,18,10,19
"Usp45",438,1263,760,942,1049,1128,1039,1088
"Usp46",773,1442,1437,1475,1549,1513,1439,1372
"Usp47",3401,7703,5879,7499,8328,7986,6758,7070
"Usp48",1699,3398,2991,3295,3556,3815,3728,3444
"Usp49",240,438,369,451,378,381,399,388
"Usp5",4038,7677,8892,7872,7232,7003,7695,7397
"Usp50",1,1,1,2,0,3,2,0
"Usp53",101,400,243,226,334,371,365,323
"Usp54",474,961,848,942,946,957,1154,1041
"Usp6nl",609,1255,896,1159,1351,1382,1292,1348
"Usp7",2241,4480,4157,5014,5018,4868,4604,5013
"Usp8",1623,3944,3154,3783,3983,4203,3906,3841
"Usp9x",1569,5885,2789,3587,4474,4376,4039,4014
"Uspl1",834,1551,1784,1648,1597,1584,1717,1711
"Ust",755,1308,1325,1374,1444,1329,1482,1553
"Utp11l",869,1590,2026,1896,1774,1659,1579,1777
"Utp14a",652,1091,1355,1290,1270,1268,1344,1401
"Utp14b",152,367,258,334,371,264,222,256
"Utp15",660,1201,1231,1331,1292,1160,1395,1393
"Utp18",1023,1806,2026,2047,1964,1788,1779,2067
"Utp20",1127,2266,2400,2571,2550,2113,2757,2683
"Utp23",453,883,918,806,911,901,919,915
"Utp3",1165,2186,2368,2476,2562,2266,2204,2425
"Utp6",1857,3496,3789,3950,3845,3237,3154,3582
"Utrn",2227,6843,3765,5134,6646,7080,5914,5026
"Uts2",0,1,0,0,1,1,0,0
"Uts2r",27,29,27,36,42,16,10,30
"Uvrag",891,1642,1851,1687,1766,1876,2167,2094
"Uvssa",121,368,295,287,309,333,347,318
"Uxs1",1608,2667,3355,3274,2964,2444,2612,2827
"Uxt",187,237,281,257,254,221,228,243
"Vac14",601,1249,1369,1117,1297,1290,1461,1392
"Vamp1",29,81,131,76,83,93,92,132
"Vamp2",1212,2297,2360,2426,2195,2422,2398,2427
"Vamp3",2935,5175,5338,5407,5501,5449,5296,5358
"Vamp4",621,1054,1096,1243,1105,1246,1242,1319
"Vamp5",1636,2518,3692,3021,2623,2048,1533,2307
"Vamp8",1383,2587,2459,2412,2525,2494,2646,2731
"Vangl1",728,1407,1288,1446,1429,1528,1438,1374
"Vangl2",113,247,251,229,285,212,241,224
"Vapa",5077,9331,9804,9927,9937,10390,9999,10188
"Vapb",3050,5650,6122,5891,5854,5725,5742,5783
"Vars",3616,6236,6655,6617,5971,5455,6081,6418
"Vars2",429,856,865,834,840,836,833,836
"Vash1",279,585,481,445,654,528,449,463
"Vash2",1348,2606,3235,2952,2533,2499,2725,2657
"Vasn",2325,4664,4417,4448,4482,4875,5476,4813
"Vasp",3679,6089,7685,6937,5886,5079,4690,5279
"Vat1",7120,18799,16102,13745,17116,21110,26682,20434
"Vaultrc5",0,0,1,0,0,1,0,1
"Vav2",450,979,917,900,1011,857,965,843
"Vav3",233,626,494,509,665,708,777,766
"Vax2",23,26,51,39,41,34,30,35
"Vax2os",0,1,0,0,0,1,1,2
"Vbp1",1187,2529,2295,2663,2605,2635,2110,2442
"Vcam1",3834,6566,6008,7078,7082,6221,4640,4894
"Vcan",3630,8616,6052,7918,6990,4758,6205,8421
"Vcl",16132,27744,33014,32859,29948,26772,22921,24979
"Vcp",18003,32906,38719,34297,33432,32546,32921,32201
"Vcpip1",655,2055,1205,1557,1747,1920,1666,1761
"Vcpkmt",306,500,592,598,574,543,548,572
"Vdac1",9176,16832,17787,17085,16643,17350,16703,16532
"Vdac2",5913,10552,12883,11513,10619,10291,10528,11000
"Vdac3",4791,8023,9258,8218,7845,7556,7925,8444
"Vdr",2232,3236,2940,3840,3330,2171,1954,2679
"Vegfa",3710,8129,4584,6537,9435,10716,10826,10703
"Vegfb",518,1368,987,927,1254,1668,1725,1373
"Vegfc",559,796,940,960,891,667,569,770
"Veph1",2,3,0,3,6,3,4,3
"Vezf1",1955,4440,3243,4282,4522,4391,3752,4054
"Vezt",635,1403,1457,1417,1419,1364,1257,1311
"Vgf",0,1,1,0,0,4,4,4
"Vgll2",186,368,291,285,373,413,324,243
"Vgll3",1815,3517,3181,3500,3563,3758,3170,3527
"Vgll4",756,1377,1512,1505,1313,1151,1239,1143
"Vhl",846,1676,1735,1648,1500,1632,1775,1844
"Vil1",2,7,4,6,3,5,6,4
"Vill",49,69,61,88,70,79,78,57
"Vim",66077,116081,104411,117612,117940,123415,104738,97556
"Vimp",1460,3390,3081,2719,3334,3958,4047,3705
"Vipas39",922,1737,2020,1777,1734,1804,2028,1996
"Vipr1",22,59,37,42,49,53,49,19
"Vipr2",74,137,173,171,143,149,177,209
"Vit",3,6,4,3,2,9,6,12
"Vkorc1",900,1786,1913,1837,1682,1761,1768,1729
"Vkorc1l1",1330,2445,2273,2585,2568,2340,2294,2470
"Vldlr",547,1980,1356,1274,1764,2991,4172,3475
"Vma21",1424,3138,2644,3073,2948,3157,2602,2644
"Vmac",290,635,677,625,534,600,698,686
"Vmn1r40",1,0,1,1,1,0,2,2
"Vmn1r44",2,0,0,2,1,0,0,0
"Vmn2r-ps54",0,0,1,1,2,0,1,2
"Vmn2r1",0,0,1,3,2,0,1,2
"Vmn2r13",7,3,10,5,8,8,9,5
"Vmn2r18",0,0,1,0,0,1,1,1
"Vmn2r29",26,51,52,49,53,60,51,60
"Vmn2r30",2,0,3,1,2,1,1,0
"Vmn2r31",0,1,0,0,0,1,0,1
"Vmn2r43",1,0,1,0,1,0,1,0
"Vmn2r57",4,4,7,8,7,17,9,8
"Vmn2r78",7,8,9,7,7,8,6,8
"Vmn2r79",0,2,2,1,1,1,0,2
"Vmn2r87",1,0,1,1,1,2,2,3
"Vmn2r96",1,5,6,2,3,5,4,4
"Vmo1",1,0,0,1,1,0,1,0
"Vmp1",3842,8341,10662,9082,8945,10433,12147,11506
"Vnn1",5,11,7,9,8,15,28,21
"Vnn3",0,10,3,1,3,13,47,35
"Vopp1",1495,2816,3071,2933,2838,2752,3187,3207
"Vprbp",1122,1934,2042,2069,2101,2126,2169,2183
"Vpreb1",3,6,2,5,5,7,4,3
"Vpreb3",2,0,5,3,1,2,0,3
"Vps11",1181,2481,2632,2387,2351,2566,2966,2623
"Vps13a",163,670,297,322,506,562,487,553
"Vps13b",594,1786,898,1301,1652,1770,1535,1413
"Vps13c",854,2899,1487,1924,2778,3214,3102,2276
"Vps13d",1702,3601,3446,3431,4007,3910,4054,3616
"Vps16",983,1903,1903,1908,1806,1872,2042,1966
"Vps18",890,1954,1952,1712,1890,2082,2302,1960
"Vps25",1311,2525,2919,2688,2461,2419,2480,2640
"Vps26a",2128,5171,4574,4666,5267,6079,5803,5537
"Vps26b",1743,3224,3498,3438,3220,3221,3522,3484
"Vps28",1445,2716,3170,2841,2637,2616,2652,2741
"Vps29",1588,3305,3645,3185,3221,3293,3529,3534
"Vps33a",1388,2803,2969,2643,2548,2737,3002,2770
"Vps33b",365,698,793,681,696,675,775,716
"Vps35",7728,15872,13735,16199,16309,17610,16301,16707
"Vps36",663,1174,1220,1273,1236,1111,1083,1173
"Vps37a",783,1649,1374,1523,1742,1711,1479,1706
"Vps37b",571,1038,1150,1085,1068,1015,1243,1197
"Vps37c",954,1983,1854,1796,1855,2070,2033,1875
"Vps37d",102,173,214,190,182,188,203,171
"Vps39",1048,2044,2074,1906,2069,2060,2157,2162
"Vps41",1938,4335,3734,4181,4565,4923,4324,4263
"Vps45",450,935,972,933,971,908,867,846
"Vps4a",1267,2536,2722,2574,2541,2469,2519,2507
"Vps4b",1965,4006,3905,4086,4261,4437,4218,4218
"Vps51",652,1394,1399,1223,1283,1330,1291,1292
"Vps52",1202,2243,2384,2195,2126,2009,1931,2083
"Vps53",1492,2884,3138,2771,2789,3010,3028,2792
"Vps54",453,1326,954,1165,1263,1396,1235,1175
"Vps72",1287,2476,2467,2299,2372,2493,2485,2437
"Vps8",1145,2671,2362,2265,2540,2730,2962,2803
"Vps9d1",340,645,605,576,601,594,562,562
"Vrk1",524,845,789,951,909,698,619,759
"Vrk2",216,426,390,374,436,336,362,361
"Vrk3",369,728,725,658,749,798,876,776
"Vsig10",455,846,817,858,811,903,1033,840
"Vsig10l",25,65,74,58,55,102,132,114
"Vsig8",1,3,5,1,0,4,4,8
"Vsnl1",1,4,2,1,4,6,4,3
"Vsx2",0,1,0,0,0,1,1,0
"Vta1",1332,2420,2324,2444,2649,2634,2368,2360
"Vtcn1",1,2,6,2,6,4,7,4
"Vti1a",748,1376,1487,1381,1460,1568,1777,1678
"Vti1b",1451,2750,2900,2764,2750,2929,3022,3015
"Vtn",0,1,0,3,1,2,2,6
"Vwa1",717,1536,1362,1485,1395,1748,1735,1759
"Vwa2",0,1,3,1,3,0,0,1
"Vwa3a",2,1,2,2,1,0,1,1
"Vwa5a",3261,6883,6172,6833,7240,7953,7926,7167
"Vwa5b2",2,3,2,3,1,2,4,3
"Vwa7",0,4,0,0,3,1,0,3
"Vwa8",1292,2653,2716,2551,2642,3000,2969,2834
"Vwa9",997,1687,2065,1912,1873,1744,1721,1881
"Vwc2l",0,1,0,0,1,1,0,0
"Vwce",0,1,2,2,1,3,2,3
"Vwde",1,1,0,1,0,0,0,0
"Vwf",16,35,35,28,52,59,50,50
"Wac",1861,3941,3118,3810,4283,4518,4071,4056
"Wapal",1004,3474,1941,2397,2584,2684,2332,2612
"Wars",1589,3209,3262,2998,3103,3422,3976,3620
"Wars2",194,394,303,382,358,370,402,348
"Was",8,19,27,25,17,16,22,17
"Wasf1",379,604,692,687,630,551,486,489
"Wasf2",4104,7563,7544,7702,7536,6347,6555,6624
"Wash1",854,1915,2009,1716,1829,1910,2195,1976
"Wasl",1060,2416,2106,2455,2478,2656,2342,2392
"Wbp1",698,1347,1489,1330,1312,1230,1110,1166
"Wbp11",2325,4086,4411,4368,4312,3991,4038,4154
"Wbp1l",2826,6177,5304,5401,6109,6596,6895,6061
"Wbp2",2368,5189,5260,4476,4967,5758,6325,5709
"Wbp4",689,1895,1503,1778,1860,1955,1655,1689
"Wbp5",3139,5577,5558,6178,6074,6113,5673,5915
"Wbscr16",398,683,990,840,737,637,781,869
"Wbscr22",650,1072,1330,1246,1091,1041,1126,1194
"Wbscr27",177,460,450,414,523,686,662,617
"Wdfy1",1360,2857,2896,2843,3077,3189,3131,3110
"Wdfy2",142,347,287,297,287,264,348,269
"Wdfy3",1752,3709,2865,3497,4095,3869,3892,3670
"Wdfy4",0,0,1,1,4,4,3,5
"Wdhd1",539,770,701,969,790,459,407,648
"Wdpcp",252,526,507,522,539,564,516,527
"Wdr1",9210,15698,19341,18519,15151,13435,14558,15064
"Wdr11",888,1797,1816,1765,1900,1872,1997,1819
"Wdr12",804,1409,1956,1723,1523,1250,1472,1620
"Wdr13",1288,2649,2424,2449,2864,2855,2740,2632
"Wdr17",0,0,2,1,3,1,1,2
"Wdr18",805,1557,1893,1638,1457,1372,1483,1511
"Wdr19",484,992,955,1012,1043,1063,1129,948
"Wdr20",580,1053,1118,1178,1270,1125,1000,1015
"Wdr24",540,1187,1121,1043,1201,1179,1266,1217
"Wdr25",170,360,323,289,328,340,347,341
"Wdr26",4359,10615,8786,9841,10519,10763,9195,9475
"Wdr27",4,12,30,17,15,16,24,10
"Wdr3",1187,2091,2318,2282,2334,2074,2243,2392
"Wdr31",62,88,102,104,105,83,99,102
"Wdr33",1848,3549,3860,3697,3594,3488,3445,3631
"Wdr34",402,821,754,758,742,843,833,734
"Wdr35",1054,2036,2077,2033,2215,2038,1930,1989
"Wdr36",2451,4516,4555,4753,4902,4854,5212,4907
"Wdr37",520,1200,997,1191,1293,1180,1113,1156
"Wdr38",0,1,1,1,0,0,1,0
"Wdr4",645,1150,1302,1181,1217,1102,1366,1432
"Wdr41",636,1246,1352,1279,1252,1176,1208,1279
"Wdr43",1507,3038,2447,3141,3282,3050,2725,3205
"Wdr44",407,1091,982,970,1102,1084,920,1069
"Wdr45",527,1219,1252,1067,1249,1346,1620,1514
"Wdr45b",2616,4816,5306,5088,4814,4492,4392,4806
"Wdr46",986,1686,2240,1989,1701,1506,1944,1987
"Wdr47",561,1082,1114,1139,1175,1303,1081,1011
"Wdr48",1119,2122,2131,2209,2161,2165,2439,2260
"Wdr5",1686,3157,3174,3099,2957,2774,2932,3061
"Wdr53",198,361,388,400,408,411,374,427
"Wdr54",126,301,252,238,307,339,374,305
"Wdr55",512,947,993,918,901,841,985,993
"Wdr59",629,1218,1171,1162,1295,1334,1313,1116
"Wdr5b",107,171,291,229,188,151,152,188
"Wdr6",2500,4168,4844,4744,3887,3442,3657,3725
"Wdr60",400,913,752,924,957,1004,892,872
"Wdr61",1119,2070,2516,2308,2170,2067,2264,2391
"Wdr62",293,485,336,451,427,381,374,372
"Wdr63",2,4,2,6,5,5,6,2
"Wdr7",987,2351,2235,2102,2456,2730,3010,2636
"Wdr70",830,1550,1909,1757,1610,1688,1698,1712
"Wdr72",0,2,0,0,2,1,0,1
"Wdr73",317,697,686,603,688,676,709,665
"Wdr74",437,721,924,830,740,763,815,832
"Wdr75",1310,2310,2736,2808,2573,2263,2530,2889
"Wdr76",354,558,483,612,553,451,405,514
"Wdr77",1925,3131,4100,3710,3151,2804,3056,3440
"Wdr78",18,53,16,30,45,43,37,32
"Wdr8",404,753,792,710,739,750,789,792
"Wdr81",1075,2858,2215,2041,2865,3078,3570,2713
"Wdr82",2250,3920,4414,4401,3842,3488,3977,4221
"Wdr83",777,1334,1632,1447,1304,1272,1242,1400
"Wdr83os",1952,3309,3969,3493,2855,3006,3421,3374
"Wdr89",87,154,157,179,159,140,144,152
"Wdr90",432,674,591,721,701,454,506,639
"Wdr91",381,737,732,670,724,688,808,772
"Wdr92",417,802,972,897,792,803,912,947
"Wdr93",2,7,10,4,7,14,14,1
"Wdr95",7,6,7,7,10,1,5,5
"Wdsub1",478,1067,934,924,990,1244,1255,1092
"Wdtc1",1762,3427,3238,3058,3150,3212,3274,3169
"Wdyhv1",720,1390,1397,1357,1316,1306,1278,1325
"Wee1",644,1053,943,1133,1167,1040,947,960
"Wfdc1",9,10,31,17,16,9,11,16
"Wfdc13",2,3,2,3,6,4,5,1
"Wfdc17",0,113,2,0,93,210,793,641
"Wfdc18",0,4,0,1,2,7,8,4
"Wfdc2",0,6,3,3,5,6,9,11
"Wfdc21",4,14,6,6,21,21,77,66
"Wfdc3",1,1,0,1,0,0,1,1
"Wfikkn1",16,33,24,22,42,33,27,25
"Wfikkn2",2,6,7,7,4,5,13,12
"Wfs1",1515,3172,3004,2540,3138,3611,3452,2998
"Whamm",146,347,318,291,339,402,454,402
"Whrn",607,1252,1460,1211,1229,1119,1056,1157
"Whsc1",1559,3063,2636,3248,3002,2122,1986,2622
"Whsc1l1",1784,3840,3002,3746,4010,4073,4026,3943
"Wibg",529,864,1053,993,951,787,874,887
"Wif1",10,12,34,22,23,4,3,18
"Wipf1",1576,3001,3083,3366,3294,3124,3235,3311
"Wipf2",730,1360,1190,1324,1378,1431,1432,1314
"Wipf3",12,22,42,31,25,20,21,14
"Wipi1",2390,4318,4977,4756,4669,4985,4818,4589
"Wipi2",2373,5079,5378,4817,4825,5215,6164,5706
"Wisp1",10356,18265,15863,20417,19502,15282,11642,16240
"Wisp2",2790,4249,4561,4684,4268,3455,2927,3951
"Wisp3",1,1,5,7,2,5,5,3
"Wiz",1259,2152,1954,2137,2198,2074,2129,2074
"Wls",14596,28866,34177,31497,28623,28954,26668,27013
"Wnk1",6582,14647,11317,13802,15852,15820,12775,13325
"Wnk3",2,9,2,3,15,6,5,2
"Wnk4",0,8,8,7,5,9,6,9
"Wnt1",1,1,1,2,1,0,1,1
"Wnt10a",1299,1819,2817,2469,1683,1301,980,1585
"Wnt10b",79,177,159,152,249,270,262,221
"Wnt11",53,58,77,84,70,34,36,54
"Wnt16",0,4,1,0,3,4,4,2
"Wnt2b",3,22,19,24,30,25,26,19
"Wnt3",1,0,1,1,0,0,0,0
"Wnt4",57,75,164,115,88,56,59,115
"Wnt5a",19,37,32,34,33,43,32,41
"Wnt5b",93,162,137,154,171,161,196,214
"Wnt6",99,142,177,211,91,86,74,113
"Wnt7b",15,27,18,16,40,27,20,24
"Wnt9a",821,1092,1102,1227,1113,680,560,1013
"Wrap53",291,471,533,486,501,488,496,487
"Wrb",510,919,1066,987,985,959,1032,976
"Wrn",219,687,431,527,527,560,506,549
"Wrnip1",1274,2053,2279,2381,2182,1835,2101,2256
"Wsb1",2153,4738,3502,4634,4802,5084,4256,4409
"Wsb2",3383,6457,6809,6160,6536,6485,6593,6304
"Wscd2",8,2,10,13,3,3,0,8
"Wt1",14,37,5,18,31,61,53,51
"Wtap",1268,2395,2361,2518,2520,2446,2600,2655
"Wtip",418,773,789,765,725,747,772,764
"Wwc1",13,38,21,26,33,49,72,53
"Wwc2",1790,3391,2641,3328,3548,3250,3239,3263
"Wwox",199,389,409,398,389,414,453,434
"Wwp1",441,1175,701,938,1140,1190,1057,1114
"Wwp2",1694,3498,2929,3014,3368,3415,3501,3185
"Wwtr1",5035,10438,9340,11212,11128,10370,8662,9751
"Xab2",1178,2331,2373,2243,2241,2158,2420,2034
"Xaf1",208,321,242,348,466,366,360,315
"Xbp1",4501,9735,9410,8714,9246,11309,10998,9677
"Xcr1",9,16,12,13,15,17,11,14
"Xdh",588,2986,1663,1367,2779,4372,7509,5568
"Xiap",891,2964,1443,2020,2290,2274,1995,2143
"Xirp1",1947,3877,3700,3184,4239,4105,3030,3218
"Xirp2",8,23,11,12,11,22,18,19
"Xist",4703,20684,10227,14841,16651,16741,14372,15506
"Xk",28,54,41,53,55,51,53,53
"Xkr5",200,195,194,307,187,109,86,141
"Xkr6",11,22,12,21,19,22,27,21
"Xkr8",199,407,517,423,398,378,418,403
"Xkr9",0,1,0,1,0,0,0,1
"Xkrx",2,9,5,4,6,5,4,5
"Xlr",492,1150,939,1052,1045,1145,882,1038
"Xlr3a",55,98,73,77,116,127,105,95
"Xlr3b",6,7,6,9,18,12,8,16
"Xlr3c",16,12,14,16,22,21,6,13
"Xlr4a",1,0,1,1,1,0,0,0
"Xndc1",134,153,160,186,170,145,151,183
"Xpa",246,491,514,528,609,647,616,603
"Xpc",478,919,1046,991,999,1102,1261,1151
"Xpnpep1",3120,5696,5947,5571,5400,5301,5528,5400
"Xpnpep2",43,88,119,95,73,87,68,87
"Xpnpep3",378,714,721,759,800,699,802,720
"Xpo1",1719,5009,3167,4170,3836,3682,3157,3654
"Xpo4",184,446,303,373,464,324,345,400
"Xpo5",1772,3171,3888,3606,3245,2759,3507,3566
"Xpo6",1324,2598,2608,2678,2707,2639,2999,2761
"Xpo7",2062,3897,3977,4206,4088,3929,4006,4159
"Xpot",3061,6410,6284,6432,7140,7502,8032,7767
"Xpr1",1299,3357,2097,2850,3271,3489,2886,2790
"Xrcc1",849,1500,1604,1525,1406,1277,1424,1453
"Xrcc2",377,591,537,651,579,443,420,508
"Xrcc3",284,516,648,656,533,581,639,528
"Xrcc4",308,627,586,640,764,764,661,671
"Xrcc5",1948,4238,4196,4249,4611,5169,5182,4766
"Xrcc6",1175,1971,2464,2316,2082,1860,1911,2088
"Xrcc6bp1",135,219,245,247,226,245,267,207
"Xrn1",194,794,335,493,599,514,523,524
"Xrn2",2659,5426,5265,6049,5865,5817,5510,5750
"Xrra1",13,29,29,23,12,16,15,21
"Xxylt1",1514,2463,2524,2878,2623,2336,2202,2359
"Xylb",73,130,108,124,141,165,219,161
"Xylt2",720,1430,1465,1438,1307,1346,1515,1459
"Yae1d1",489,841,866,907,931,904,857,954
"Yaf2",1062,1686,1878,2078,1969,1816,1488,1809
"Yap1",3398,5857,6696,6923,6158,6036,6319,6415
"Yars",2731,5450,6557,5542,5620,5367,6194,6060
"Yars2",435,698,842,822,696,649,739,843
"Ybey",156,246,280,249,237,273,274,236
"Ybx1",14033,22114,26792,26110,23669,20836,20357,22800
"Ybx2",1,1,2,1,0,0,2,1
"Ybx3",5622,11376,12880,11334,11640,12882,12895,12892
"Ydjc",107,158,164,158,146,121,120,147
"Yeats2",866,1634,1578,1816,1712,1560,1585,1623
"Yeats4",805,1563,1431,1472,1588,1538,1499,1591
"Yes1",283,958,690,745,708,794,805,941
"Yif1a",1457,2781,2712,2670,2664,2888,2812,2574
"Yif1b",1110,2181,2127,2046,2130,2269,2178,2172
"Yipf1",615,1317,1467,1254,1266,1275,1415,1333
"Yipf2",213,422,405,399,392,487,468,460
"Yipf3",2193,4455,4483,4232,4160,4421,4901,4714
"Yipf4",2204,4351,4542,4556,4529,5274,5296,5238
"Yipf5",2774,5071,5027,5274,5235,5464,5057,5386
"Yipf6",416,991,784,890,1026,1065,915,946
"Yipf7",24,61,56,44,70,83,75,49
"Ykt6",3990,7186,8981,8023,7019,6257,6684,7039
"Ylpm1",1215,2753,2130,2523,2746,2666,2427,2384
"Yme1l1",2589,6633,4894,5802,5656,5871,5033,5664
"Yod1",66,199,110,140,175,162,148,166
"Ypel1",72,148,131,134,162,151,137,155
"Ypel2",182,388,391,444,458,537,602,545
"Ypel3",1423,3099,2741,2667,3076,3659,3407,3037
"Ypel4",51,123,134,120,132,195,213,173
"Ypel5",1405,2855,3007,2681,2735,3131,3195,3099
"Yrdc",690,1247,1158,1193,1217,1097,1214,1357
"Ythdc1",971,2371,1952,2306,2260,2512,2164,2273
"Ythdc2",129,468,263,337,367,364,333,357
"Ythdf1",2023,3602,3960,3890,3929,3810,3721,3828
"Ythdf2",1769,3239,3187,3346,3541,3356,3095,3229
"Ythdf3",1265,4003,2403,2951,3340,3679,3061,3305
"Ywhab",7640,13245,14755,15542,14024,13612,13236,14201
"Ywhae",16015,27377,30641,31129,29629,28182,25171,26931
"Ywhag",7858,15490,17109,15648,15613,15775,16539,15699
"Ywhah",4319,6062,5854,6272,6272,5803,5988,5934
"Ywhaq",5497,7305,7963,8189,7418,6785,7106,7236
"Ywhaz",14826,21551,22688,23706,23024,21742,20334,21649
"Yy1",1624,3072,3198,3308,3198,3359,3254,3402
"Yy2",89,170,134,182,145,177,145,163
"Zadh2",1037,1959,2147,2377,2139,2428,3539,3318
"Zak",1400,2969,2714,3233,2965,2748,2403,2960
"Zan",1,0,2,1,0,3,1,4
"Zap70",15,18,47,38,30,25,19,25
"Zbed3",472,833,878,842,824,804,838,760
"Zbed4",364,478,542,517,548,525,459,536
"Zbed5",110,210,217,210,195,176,179,220
"Zbed6",463,1971,899,1161,1666,1260,1360,1290
"Zbp1",40,87,54,53,125,71,79,76
"Zbtb1",721,1585,1073,1470,1572,1589,1350,1446
"Zbtb10",225,647,361,522,619,723,637,588
"Zbtb11",275,873,571,692,796,811,711,806
"Zbtb11os1",17,27,38,27,33,37,50,46
"Zbtb12",274,526,502,558,540,522,512,530
"Zbtb14",516,784,794,854,838,764,765,808
"Zbtb17",668,1390,1261,1235,1317,1255,1203,1237
"Zbtb18",1604,3310,2945,3374,3604,3571,2648,2890
"Zbtb2",299,519,566,597,602,541,572,681
"Zbtb20",56,111,112,100,114,101,94,93
"Zbtb21",496,1088,732,891,1036,1133,1128,1045
"Zbtb22",721,1463,1194,1232,1411,1372,1400,1341
"Zbtb24",524,1054,1030,977,1099,1069,1123,1111
"Zbtb25",246,467,388,490,559,553,512,458
"Zbtb26",162,493,395,474,390,477,527,495
"Zbtb3",75,125,138,149,141,111,127,126
"Zbtb32",3,1,1,3,4,8,5,5
"Zbtb33",372,1160,652,840,896,1013,832,827
"Zbtb34",261,518,486,536,572,578,603,577
"Zbtb37",61,144,108,138,148,113,105,111
"Zbtb38",493,1517,719,992,1295,1188,1273,1191
"Zbtb39",403,757,736,749,812,761,754,720
"Zbtb4",1453,2991,2782,2867,3164,3414,3275,2973
"Zbtb40",324,646,573,585,652,710,808,713
"Zbtb41",292,1184,619,679,803,943,907,904
"Zbtb42",180,373,331,336,350,370,395,368
"Zbtb43",805,1485,1513,1581,1670,1688,1801,1765
"Zbtb44",381,903,641,771,970,1035,944,859
"Zbtb45",212,343,384,367,325,296,279,310
"Zbtb46",18,21,31,35,32,15,16,15
"Zbtb48",184,305,383,356,330,326,355,342
"Zbtb49",150,269,243,278,279,281,316,292
"Zbtb5",488,835,873,914,875,799,843,850
"Zbtb6",432,1219,786,1069,1065,1081,979,1078
"Zbtb7a",1079,2455,2337,2344,2611,2658,2653,2434
"Zbtb7b",1092,2374,2514,2176,2373,2446,3021,2583
"Zbtb7c",1719,2665,2391,2883,2622,2051,1740,2091
"Zbtb8a",255,435,536,517,464,469,441,420
"Zbtb8b",3,1,6,4,4,3,1,2
"Zbtb8os",438,818,785,850,891,884,796,788
"Zbtb9",376,687,797,723,719,726,769,756
"Zc2hc1a",1118,2222,2292,2602,2392,2459,1996,2362
"Zc2hc1c",131,265,322,297,275,271,280,345
"Zc3h10",455,832,800,830,815,821,960,910
"Zc3h11a",3629,9554,6032,7955,8962,9263,7636,8190
"Zc3h12a",1482,3104,2494,2676,2992,3469,3773,3251
"Zc3h12b",34,73,90,87,86,75,74,71
"Zc3h12c",223,627,418,510,588,610,604,592
"Zc3h12d",9,16,12,14,18,21,35,26
"Zc3h13",815,1858,1299,1746,1911,1638,1509,1617
"Zc3h14",1968,3792,3145,3859,4059,3930,3394,3695
"Zc3h15",1230,3243,2430,2908,3102,3058,2421,2844
"Zc3h18",1779,3320,3306,3390,3379,3175,3119,3158
"Zc3h3",442,674,665,615,619,665,659,657
"Zc3h4",1771,3172,2721,3070,3384,3055,3248,2991
"Zc3h6",160,426,300,362,354,392,396,402
"Zc3h7a",695,2043,1462,1833,1935,2148,1807,1770
"Zc3h7b",3188,5872,6113,6109,6177,5521,5795,5632
"Zc3h8",56,128,155,144,131,127,145,142
"Zc3hav1",885,1668,1385,1595,1981,1905,2123,1887
"Zc3hav1l",374,701,756,844,725,713,664,697
"Zc3hc1",924,1580,1851,1673,1591,1465,1537,1605
"Zc4h2",390,686,687,755,728,703,680,656
"Zcchc10",162,366,370,371,408,350,311,411
"Zcchc11",290,774,567,659,725,661,737,770
"Zcchc12",3,3,4,5,2,2,1,2
"Zcchc14",1859,3622,2988,3478,3853,3915,3661,3667
"Zcchc17",823,1456,1735,1596,1541,1284,1284,1549
"Zcchc18",9,13,4,10,7,8,2,3
"Zcchc2",404,850,797,855,923,906,976,941
"Zcchc24",6607,13326,14085,13802,14433,15765,15919,14946
"Zcchc4",293,551,639,634,636,645,667,745
"Zcchc5",27,45,50,53,32,31,40,48
"Zcchc6",1173,3191,2371,2838,2970,3035,2936,2855
"Zcchc7",413,947,632,877,989,1157,893,949
"Zcchc8",894,1487,1613,1844,1644,1515,1428,1681
"Zcchc9",672,1187,1289,1383,1367,1288,1229,1307
"Zcrb1",930,1680,1806,1874,1934,1849,1789,1861
"Zcwpw1",89,154,164,170,167,149,126,145
"Zdbf2",3,1,4,5,1,2,4,7
"Zdhhc1",556,1117,1135,1124,1094,1257,1204,1137
"Zdhhc12",214,388,363,367,395,388,446,467
"Zdhhc13",511,883,958,974,1108,1037,860,1038
"Zdhhc14",7,7,20,10,19,7,4,14
"Zdhhc15",34,109,64,88,143,159,122,76
"Zdhhc16",1268,1867,2397,2178,1878,1535,1476,1883
"Zdhhc17",579,1575,1083,1434,1591,1706,1430,1410
"Zdhhc18",958,1731,1979,1913,1649,1644,1961,2066
"Zdhhc2",342,515,332,526,563,363,330,409
"Zdhhc20",1052,3318,2191,2492,2649,3098,2852,2776
"Zdhhc21",600,1636,1025,1312,1292,1224,1065,1324
"Zdhhc24",376,743,957,796,753,797,938,951
"Zdhhc25",2,1,2,3,1,0,0,2
"Zdhhc3",1922,3721,3901,3752,3522,3712,4224,4008
"Zdhhc4",672,1342,1560,1448,1248,1354,1491,1482
"Zdhhc5",3527,6720,6369,6404,7388,7406,7265,6826
"Zdhhc6",1302,2571,2534,2406,2463,2456,2463,2547
"Zdhhc7",870,1707,1596,1600,1758,1768,1747,1613
"Zdhhc8",1548,3089,3228,2956,2909,2976,3364,3329
"Zdhhc9",1098,2471,2119,2158,2272,2519,2497,2290
"Zeb1",3112,6741,6101,7492,6757,5900,4975,5838
"Zeb2",1286,4136,2435,3144,3768,4449,4003,3685
"Zeb2os",31,52,47,43,41,45,50,50
"Zer1",924,1778,1819,1757,1754,1885,1885,1845
"Zfa-ps",0,1,1,0,1,0,0,0
"Zfand1",569,1050,987,1097,1159,1181,1051,993
"Zfand2a",1009,2062,2053,1930,2002,1978,2730,2642
"Zfand2b",366,775,687,675,746,880,989,882
"Zfand3",2914,5556,5755,5522,5770,5990,6054,5863
"Zfand4",257,469,473,583,527,459,354,466
"Zfand5",2241,5253,4201,4985,5455,6342,5826,5651
"Zfand6",1534,2631,2528,2748,2806,2835,2319,2482
"Zfat",210,429,289,344,407,393,361,326
"Zfc3h1",368,1328,1140,1162,1152,1215,1227,1268
"Zfhx2",91,164,184,176,196,208,200,165
"Zfhx2os",1,2,0,1,1,0,0,0
"Zfhx3",196,551,363,422,536,624,559,511
"Zfhx4",410,1303,830,1133,1195,1168,1168,1058
"Zfp1",224,409,359,436,468,407,377,390
"Zfp101",76,191,129,151,141,149,101,122
"Zfp105",63,108,94,122,98,85,92,123
"Zfp106",7067,14882,12004,13835,15879,15378,13293,13793
"Zfp108",48,92,74,93,97,96,93,100
"Zfp109",11,65,44,51,56,71,73,53
"Zfp11",153,296,233,295,305,286,284,303
"Zfp110",1047,1819,1886,1998,1949,1800,1829,1948
"Zfp111",217,488,376,456,450,503,436,445
"Zfp112",71,132,113,132,128,157,169,123
"Zfp113",246,677,556,614,626,639,703,706
"Zfp114",1,2,1,1,1,0,1,1
"Zfp119a",67,100,108,147,128,144,135,140
"Zfp119b",63,163,120,151,132,167,164,190
"Zfp12",676,1248,1186,1230,1344,1342,1359,1367
"Zfp120",139,348,242,300,263,347,341,372
"Zfp128",98,169,196,181,228,210,203,239
"Zfp13",180,275,289,339,267,263,281,293
"Zfp131",614,1615,1133,1431,1434,1507,1522,1629
"Zfp133-ps",5,14,17,10,14,17,20,16
"Zfp14",96,229,203,221,227,282,290,252
"Zfp141",137,387,234,284,336,322,324,350
"Zfp142",601,1181,1144,1122,1237,1122,1166,1187
"Zfp143",531,940,874,972,950,975,932,907
"Zfp146",984,1898,1703,2050,2074,2008,1941,2108
"Zfp148",766,2444,1402,1720,1793,2034,1828,1820
"Zfp157",163,467,348,436,458,526,486,487
"Zfp160",179,532,410,424,453,567,516,610
"Zfp169",91,184,195,201,194,186,208,202
"Zfp174",76,152,192,183,168,178,182,209
"Zfp180",519,1030,984,962,1118,1053,1225,1253
"Zfp182",62,200,128,147,161,224,201,204
"Zfp184",67,130,140,146,152,144,162,136
"Zfp185",29,24,33,40,26,12,12,33
"Zfp189",178,422,349,456,442,463,397,432
"Zfp191",804,1820,1340,1618,1872,1789,1647,1699
"Zfp2",72,206,129,146,178,202,180,186
"Zfp202",131,355,388,288,342,331,441,423
"Zfp207",4124,6967,9777,9291,7832,7119,7576,8381
"Zfp212",547,1020,1018,1017,1060,1024,1033,979
"Zfp213",254,456,395,440,444,405,413,428
"Zfp217",837,1487,1542,1615,1630,1656,1714,1614
"Zfp219",546,1080,1130,1017,987,1097,1213,1138
"Zfp229",79,266,167,175,200,217,181,204
"Zfp235",137,280,254,238,274,262,305,274
"Zfp236",940,2039,1549,1855,2141,2153,2121,1914
"Zfp239",204,355,390,360,368,417,408,403
"Zfp248",71,186,130,157,194,228,194,175
"Zfp251",933,1558,1746,1836,1752,1623,1646,1702
"Zfp26",278,1006,613,830,853,883,728,809
"Zfp260",852,2560,1687,2115,1978,2381,2050,2093
"Zfp266",1335,3161,2784,3420,2964,3038,2736,2967
"Zfp27",322,624,716,625,671,608,588,658
"Zfp273",19,71,49,43,44,63,73,51
"Zfp275",1690,2920,3682,3447,3286,2795,2561,2969
"Zfp276",325,588,576,554,598,626,637,585
"Zfp277",578,1077,975,1094,1118,1128,965,1039
"Zfp28",224,389,388,443,393,445,461,401
"Zfp280b",595,1060,1317,1248,1203,1062,1086,1149
"Zfp280c",135,422,308,365,356,395,375,380
"Zfp280d",209,687,451,503,548,581,475,594
"Zfp281",459,1553,953,1062,1280,1487,1504,1325
"Zfp282",766,1399,1525,1419,1292,1299,1424,1424
"Zfp286",0,2,4,3,1,1,0,4
"Zfp287",82,274,212,262,250,286,288,314
"Zfp292",207,814,422,443,745,899,904,833
"Zfp296",14,19,39,22,24,12,14,12
"Zfp3",101,200,239,228,220,220,208,215
"Zfp30",138,207,258,274,231,295,251,229
"Zfp300",15,38,23,30,17,37,35,41
"Zfp316",474,1068,914,927,976,1081,1140,1004
"Zfp317",609,1322,1103,1282,1423,1528,1371,1384
"Zfp318",428,1201,835,1012,1111,1155,1059,1030
"Zfp319",1118,1954,1835,1949,1940,1908,1778,1890
"Zfp322a",360,944,970,959,772,789,746,833
"Zfp324",318,549,564,581,571,473,511,502
"Zfp326",528,1161,1064,1372,1108,972,952,1042
"Zfp329",63,230,196,195,194,204,234,268
"Zfp330",2107,3458,3624,3696,3651,3352,3448,3987
"Zfp334",385,759,811,851,781,745,732,770
"Zfp335",1011,1745,1630,1764,1776,1699,1681,1689
"Zfp341",90,177,176,178,175,183,172,151
"Zfp345",7,21,14,13,21,16,14,20
"Zfp346",1667,3202,3986,3631,3319,3142,3347,3285
"Zfp35",657,1134,1190,1220,1285,1160,1227,1234
"Zfp354a",90,215,217,170,217,258,208,234
"Zfp354b",10,13,22,19,13,18,28,19
"Zfp354c",365,968,836,1032,769,793,698,765
"Zfp358",565,1209,1145,1031,1175,1301,1367,1198
"Zfp36",606,1262,880,1041,1136,1297,1282,1075
"Zfp362",654,1259,1149,1211,1220,1306,1257,1274
"Zfp365",803,1397,1227,1579,1737,1688,1693,1643
"Zfp366",1,4,1,1,5,3,4,0
"Zfp367",516,937,792,1007,922,869,837,961
"Zfp369",137,351,299,343,384,326,368,294
"Zfp36l1",4311,7952,6132,7934,8394,8679,6785,6928
"Zfp36l2",4258,7070,5638,6858,7227,7068,6732,6375
"Zfp36l3",3,11,4,7,10,8,8,6
"Zfp37",60,134,100,103,89,144,124,133
"Zfp382",72,133,113,133,130,89,101,121
"Zfp383",256,451,495,537,504,455,407,498
"Zfp384",1147,1991,1717,1791,1962,1950,2038,1944
"Zfp385a",776,1375,1460,1451,1306,1373,1338,1256
"Zfp385b",3,2,2,4,7,10,5,3
"Zfp385c",2,6,4,5,8,1,1,2
"Zfp386",147,553,404,429,527,591,482,502
"Zfp389",2,11,1,5,9,10,7,3
"Zfp39",142,282,230,308,286,263,233,269
"Zfp395",877,1650,1603,1737,1432,1738,2016,1741
"Zfp397",420,1103,979,965,968,1042,1147,1226
"Zfp398",90,243,214,184,255,239,284,285
"Zfp40",30,89,76,67,98,115,99,122
"Zfp407",286,758,496,636,736,679,670,656
"Zfp408",432,880,991,948,902,891,954,1038
"Zfp41",462,748,853,858,720,703,675,746
"Zfp410",899,1692,1801,1661,1696,1550,1740,1816
"Zfp414",297,566,532,554,511,525,490,460
"Zfp418",62,94,118,115,98,128,118,106
"Zfp420",97,255,220,245,274,269,242,324
"Zfp422",463,786,809,896,881,806,686,776
"Zfp423",28,26,16,40,19,11,12,16
"Zfp426",506,951,977,1037,1051,1002,985,989
"Zfp428",140,270,274,271,231,218,236,259
"Zfp429",77,189,124,156,179,167,164,164
"Zfp433",11,30,12,18,30,30,25,37
"Zfp438",100,220,240,225,278,284,273,264
"Zfp442",18,50,42,41,43,47,56,47
"Zfp444",278,579,613,539,598,592,658,640
"Zfp445",1064,3047,2129,2702,2561,2665,2567,2650
"Zfp446",98,195,131,156,182,182,191,187
"Zfp449",267,615,484,634,664,723,617,625
"Zfp451",793,1633,1239,1598,1653,1451,1260,1535
"Zfp454",6,31,20,13,31,30,32,25
"Zfp455",20,63,34,46,29,57,51,51
"Zfp456",45,83,73,95,84,88,73,100
"Zfp457",5,9,12,5,3,8,6,6
"Zfp458",15,50,31,42,45,52,64,44
"Zfp459",0,2,1,1,1,2,1,2
"Zfp46",715,1386,1394,1389,1380,1379,1378,1426
"Zfp462",278,726,477,670,746,699,710,646
"Zfp467",53,98,114,104,83,100,124,118
"Zfp472",151,292,278,311,293,278,284,323
"Zfp473",21,19,22,39,23,21,15,21
"Zfp474",2,7,5,2,3,5,3,5
"Zfp493",9,34,20,36,19,36,46,29
"Zfp503",1821,3214,2884,3507,3406,3866,3471,3183
"Zfp507",771,1720,1428,1625,1805,1764,1792,1839
"Zfp51",60,166,131,122,160,169,164,207
"Zfp511",265,400,328,397,409,367,377,421
"Zfp512",747,1417,1506,1495,1569,1489,1479,1462
"Zfp513",618,1177,1221,1227,1228,1182,1211,1115
"Zfp516",1791,3547,3747,3708,3404,3332,3552,3514
"Zfp518a",31,99,54,59,123,139,107,110
"Zfp518b",435,856,668,814,857,702,714,753
"Zfp52",131,426,355,316,367,414,551,573
"Zfp521",105,238,172,188,255,266,221,186
"Zfp523",826,1450,1366,1485,1409,1484,1587,1407
"Zfp524",134,265,246,254,240,327,339,329
"Zfp526",197,441,451,402,445,401,447,446
"Zfp53",166,444,342,372,380,460,431,439
"Zfp532",427,814,691,732,877,818,850,850
"Zfp536",0,6,2,2,7,4,6,5
"Zfp54",44,119,90,104,105,90,93,108
"Zfp541",2,0,0,2,0,0,0,2
"Zfp551",33,78,66,71,99,115,101,100
"Zfp553",469,896,969,942,937,893,1007,913
"Zfp558",33,96,91,81,76,105,99,85
"Zfp560",187,421,376,384,375,352,363,410
"Zfp563",139,347,240,305,311,306,249,306
"Zfp566",94,158,206,189,210,186,160,212
"Zfp568",1873,3544,3768,3855,3811,3353,2705,3392
"Zfp57",351,596,679,704,649,639,514,598
"Zfp572",0,0,0,0,1,1,1,0
"Zfp574",429,746,645,759,773,732,789,779
"Zfp575",12,12,16,16,12,14,14,14
"Zfp579",194,490,364,353,457,559,467,399
"Zfp58",90,252,209,245,255,267,253,288
"Zfp580",96,178,180,179,153,166,167,162
"Zfp583",41,60,46,66,45,70,49,71
"Zfp59",143,309,302,299,310,285,319,343
"Zfp592",838,1564,1493,1600,1661,1587,1624,1643
"Zfp593",108,150,179,145,137,126,168,167
"Zfp595",42,141,96,99,114,131,141,137
"Zfp597",155,468,319,405,418,382,314,401
"Zfp598",1256,2361,2324,2293,2482,2422,2601,2567
"Zfp599",40,88,100,103,78,73,75,88
"Zfp60",244,705,551,657,652,655,625,679
"Zfp605",95,269,208,232,264,283,286,332
"Zfp606",123,380,289,258,307,333,336,305
"Zfp607",46,112,84,91,128,117,114,119
"Zfp608",542,1166,1053,1191,1235,1135,1195,1159
"Zfp609",1221,2397,2341,2365,2490,2365,2833,2545
"Zfp61",236,460,459,450,503,495,532,511
"Zfp617",352,625,538,551,543,560,507,583
"Zfp618",0,1,0,0,2,0,2,1
"Zfp619",15,45,26,34,39,31,34,48
"Zfp62",452,1235,888,1021,990,1127,1136,1259
"Zfp622",2458,4625,4602,4271,4658,4713,4530,4137
"Zfp623",842,1540,1659,1576,1467,1351,1451,1563
"Zfp626",144,483,361,416,396,395,349,380
"Zfp628",280,567,392,453,557,520,506,474
"Zfp629",517,1047,1119,1054,1064,1010,1185,1107
"Zfp637",702,1422,1429,1307,1368,1491,1562,1511
"Zfp638",363,1228,750,789,881,1154,1108,1119
"Zfp639",782,1432,1321,1511,1496,1454,1585,1602
"Zfp64",541,902,997,984,907,901,963,998
"Zfp644",375,1232,735,874,924,1049,939,1033
"Zfp646",937,1746,1545,1601,1861,1717,1874,1769
"Zfp647",180,313,312,302,297,333,313,328
"Zfp65",159,429,255,312,286,368,381,423
"Zfp651",1253,2341,2480,2308,2307,2238,2144,2174
"Zfp652",309,610,472,572,591,594,629,553
"Zfp652os",4,17,11,12,8,6,7,15
"Zfp653",158,291,258,267,296,282,305,290
"Zfp654",163,388,208,274,315,379,332,374
"Zfp655",493,1539,1129,1232,1345,1710,1901,1771
"Zfp658",114,232,221,240,249,272,296,265
"Zfp661",104,212,259,251,245,240,289,259
"Zfp664",2410,4299,4717,4966,4781,4459,4208,4461
"Zfp667",92,246,205,237,263,226,161,217
"Zfp668",236,461,438,426,474,403,386,433
"Zfp672",383,808,708,721,787,774,742,757
"Zfp677",12,33,17,23,41,40,44,54
"Zfp68",740,1792,1420,1590,1593,1709,1498,1750
"Zfp687",854,1661,1711,1644,1588,1452,1612,1482
"Zfp688",138,241,271,264,247,266,297,282
"Zfp689",112,197,225,215,219,209,216,210
"Zfp69",43,73,55,70,92,71,61,83
"Zfp691",158,278,329,283,252,266,292,277
"Zfp692",154,252,268,303,312,308,285,270
"Zfp697",390,709,738,747,834,846,759,700
"Zfp7",344,589,573,605,605,584,668,666
"Zfp703",889,1587,1237,1435,1683,1555,1334,1305
"Zfp704",349,1127,492,731,1208,1339,1173,736
"Zfp706",3637,6475,7825,7255,6819,6392,6673,6936
"Zfp707",240,456,460,428,408,413,451,437
"Zfp708",29,59,43,63,44,54,65,60
"Zfp709",56,127,93,109,96,109,108,119
"Zfp710",288,471,455,509,533,489,518,503
"Zfp712",27,100,46,63,59,89,78,71
"Zfp715",386,958,757,867,960,986,1016,999
"Zfp719",257,615,547,597,654,677,650,763
"Zfp72",20,62,45,46,50,68,66,67
"Zfp729a",124,341,257,267,356,460,401,387
"Zfp729b",97,275,185,213,228,256,257,294
"Zfp738",66,187,111,129,162,189,178,211
"Zfp74",156,385,317,352,402,419,365,357
"Zfp740",2708,5544,5747,5496,5448,5445,6454,6082
"Zfp746",755,1440,1307,1391,1433,1493,1473,1444
"Zfp747",172,341,478,369,351,356,406,389
"Zfp748",139,411,284,322,309,349,310,344
"Zfp750",5,10,23,8,8,9,6,7
"Zfp758",19,58,54,44,59,88,75,64
"Zfp759",54,145,114,126,126,153,152,134
"Zfp760",48,117,128,117,110,124,170,174
"Zfp763",136,282,270,336,248,275,227,248
"Zfp764",147,302,365,309,305,346,372,348
"Zfp768",432,847,860,842,799,863,849,827
"Zfp770",216,702,434,528,577,635,536,629
"Zfp771",236,439,434,446,458,476,502,467
"Zfp772",121,292,261,243,267,259,228,262
"Zfp773",6,8,14,12,12,11,9,12
"Zfp775",148,238,277,253,276,297,365,324
"Zfp777",496,1021,939,940,950,1047,1124,1019
"Zfp78",33,81,68,85,69,85,93,90
"Zfp780b",133,307,236,287,279,293,266,276
"Zfp781",7,5,7,8,11,10,8,18
"Zfp783",0,4,0,0,0,0,3,3
"Zfp784",69,163,155,132,147,187,215,180
"Zfp786",15,28,40,35,36,30,45,38
"Zfp787",376,638,669,629,620,616,647,602
"Zfp788",94,244,166,196,229,272,270,247
"Zfp790",349,726,737,768,783,761,679,729
"Zfp791",39,72,90,71,65,69,63,67
"Zfp799",387,815,645,903,772,832,742,752
"Zfp800",93,304,186,189,269,270,282,282
"Zfp808",6,23,14,19,34,39,32,35
"Zfp809",111,257,193,224,231,225,231,258
"Zfp81",62,188,84,128,141,149,135,141
"Zfp810",276,609,544,597,606,633,520,603
"Zfp811",10,28,11,22,17,14,9,10
"Zfp819",3,0,0,3,1,1,0,1
"Zfp82",129,265,284,251,247,245,261,276
"Zfp820",11,36,30,32,55,56,51,46
"Zfp821",356,657,654,636,608,607,632,609
"Zfp825",149,383,267,316,371,401,324,331
"Zfp827",930,1689,1684,1957,1673,1626,1610,1684
"Zfp830",474,876,1037,994,1019,990,985,1028
"Zfp839",183,356,373,367,414,438,457,410
"Zfp84",292,801,697,765,772,844,749,734
"Zfp846",153,282,264,321,314,278,292,295
"Zfp85",49,164,99,110,109,168,167,116
"Zfp850",40,112,55,82,85,93,76,86
"Zfp85os",6,17,2,14,6,10,15,4
"Zfp862-ps",1595,3023,2811,2967,2913,2769,3114,2988
"Zfp865",477,778,733,832,801,738,800,768
"Zfp866",362,705,839,969,697,669,771,810
"Zfp867",360,667,592,709,668,664,652,659
"Zfp868",293,583,461,559,601,622,545,626
"Zfp869",705,1443,1223,1357,1522,1493,1592,1641
"Zfp87",278,597,651,561,546,587,634,610
"Zfp870",168,342,321,311,344,314,294,302
"Zfp871",627,2370,1067,1654,1874,2109,1776,1604
"Zfp873",83,167,146,181,180,174,133,156
"Zfp874a",119,320,196,249,286,358,392,354
"Zfp874b",221,573,483,573,584,761,794,807
"Zfp879",0,1,0,0,1,1,0,0
"Zfp882",56,135,125,122,125,114,120,122
"Zfp9",663,1521,1053,1400,1398,1434,1223,1241
"Zfp90",303,613,669,622,657,678,659,660
"Zfp91",2222,5094,4142,4804,5098,5119,4448,4543
"Zfp92",0,3,2,0,1,0,0,1
"Zfp93",127,204,192,185,222,227,209,209
"Zfp930",79,250,192,185,178,216,202,265
"Zfp931",32,65,51,48,48,59,71,73
"Zfp932",73,203,176,177,192,229,191,234
"Zfp933",102,230,175,188,211,233,197,206
"Zfp934",25,21,35,40,46,32,29,40
"Zfp935",68,215,153,165,159,217,199,206
"Zfp936",2,4,6,5,11,10,4,3
"Zfp937",41,123,85,98,82,112,99,110
"Zfp938",120,288,270,267,268,301,265,306
"Zfp939",31,63,62,62,60,72,66,75
"Zfp94",134,214,226,219,204,209,234,243
"Zfp940",93,206,189,191,210,175,179,182
"Zfp941",6,19,12,15,20,20,18,24
"Zfp942",29,121,116,75,130,169,150,193
"Zfp943",73,188,131,144,180,253,227,229
"Zfp944",103,270,231,213,256,301,315,318
"Zfp945",145,326,284,279,398,407,430,409
"Zfp946",43,102,79,86,102,131,118,106
"Zfp947",7,16,16,20,18,31,32,28
"Zfp948",82,202,175,185,193,183,178,241
"Zfp949",217,446,434,494,463,514,514,468
"Zfp950",141,282,222,283,323,347,308,352
"Zfp951",16,41,30,26,25,35,28,38
"Zfp952",253,553,571,622,554,594,534,571
"Zfp953",51,106,72,74,103,128,133,120
"Zfp954",219,480,489,431,468,479,551,462
"Zfp955a",270,708,557,592,539,532,473,632
"Zfp955b",154,414,335,388,387,336,335,379
"Zfp956",104,189,224,193,169,150,194,201
"Zfp957",2,1,0,2,1,2,1,1
"Zfp958",115,353,282,288,273,287,303,322
"Zfp959",69,218,126,165,174,234,201,223
"Zfp960",30,76,53,56,79,80,85,105
"Zfp961",160,328,286,358,311,254,254,313
"Zfp963",80,184,140,185,166,219,209,217
"Zfp964",48,95,81,95,79,91,84,87
"Zfp97",7,11,11,17,17,13,21,24
"Zfpl1",711,1399,1285,1316,1317,1369,1356,1282
"Zfpm1",488,741,798,761,844,689,633,741
"Zfpm2",453,928,563,825,881,907,770,681
"Zfr",1958,4987,3651,4455,4865,5295,4526,4451
"Zfr2",38,98,63,82,75,108,93,97
"Zfx",513,1560,703,977,1096,1219,1051,1102
"Zfyve1",1233,2540,2739,2533,2695,2836,3189,2915
"Zfyve16",339,1219,740,881,937,1047,926,973
"Zfyve19",414,808,867,781,866,811,867,819
"Zfyve21",647,1204,1310,1263,1202,1257,1176,1154
"Zfyve26",580,1483,1364,1170,1509,1599,1908,1528
"Zfyve27",670,1434,1228,1229,1436,1561,1597,1394
"Zfyve28",1,5,2,4,8,3,1,1
"Zfyve9",348,753,654,778,848,871,750,806
"Zglp1",2,14,15,11,6,11,10,8
"Zgpat",474,991,895,891,1048,1040,1097,1088
"Zgrf1",147,340,204,310,292,175,169,238
"Zhx1",542,1565,967,1231,1217,1373,1193,1321
"Zhx2",961,1718,1946,1741,1775,1741,1566,1572
"Zhx3",584,1155,945,1040,1205,963,841,932
"Zic1",305,603,597,646,607,694,812,747
"Zic2",1,2,0,3,0,1,0,0
"Zic4",17,34,36,46,45,33,31,34
"Zic5",1,2,0,1,0,0,0,0
"Zik1",175,358,334,393,326,331,318,354
"Zim1",110,380,244,293,336,397,319,252
"Zkscan1",1028,2519,1699,2290,2389,2589,2353,2382
"Zkscan14",118,267,291,269,234,263,325,334
"Zkscan16",3,2,5,8,2,0,0,1
"Zkscan17",1253,2354,2115,2230,2232,2237,2349,2431
"Zkscan3",1192,2204,1918,2159,2225,2275,2082,2180
"Zkscan4",10,15,7,11,8,10,9,23
"Zkscan5",445,961,993,877,866,902,886,944
"Zkscan6",332,631,552,586,666,592,637,609
"Zkscan7",58,100,91,96,110,107,116,114
"Zkscan8",269,944,514,728,738,762,746,800
"Zmat1",61,190,105,140,149,191,174,163
"Zmat2",1731,3167,3711,3470,3196,2970,3080,3344
"Zmat3",1827,3235,4456,3941,3290,2746,3729,3954
"Zmat5",320,622,768,652,711,675,704,689
"Zmiz1",4380,7981,6974,8053,8637,7697,8144,8738
"Zmiz2",1273,2426,2204,2200,2364,2438,2456,2291
"Zmpste24",2290,4733,4702,5065,5340,5598,5478,5494
"Zmym1",364,672,641,768,667,597,542,639
"Zmym2",1385,3842,2618,3257,3343,3674,3332,3261
"Zmym3",1023,1983,1751,1937,1950,1950,1794,1788
"Zmym4",763,2014,1289,1761,1860,1860,1637,1679
"Zmym5",459,1309,1026,1138,1118,1223,1161,1225
"Zmynd10",14,19,13,20,12,20,25,18
"Zmynd11",1984,4345,3395,4174,4413,4540,4025,4052
"Zmynd12",1,1,1,1,0,2,3,2
"Zmynd15",32,77,76,57,82,106,70,56
"Zmynd19",492,800,979,943,869,757,821,929
"Zmynd8",2345,4389,3578,4335,4823,4712,4044,3955
"Znf512b",680,1301,1391,1359,1345,1193,1285,1463
"Znfx1",2156,4037,4195,4248,4161,3881,4162,4058
"Znhit1",647,1098,1100,1062,1045,1043,1029,1117
"Znhit2",310,599,660,579,545,593,630,578
"Znhit3",269,448,465,450,455,400,364,453
"Znhit6",553,1079,1217,1315,1167,1023,878,1029
"Znrd1",487,813,922,981,818,737,807,834
"Znrd1as",158,295,239,297,314,297,243,301
"Znrf1",936,2069,2044,1877,2248,2270,2728,2547
"Znrf2",688,1453,1292,1334,1557,1936,1823,1636
"Znrf3",409,825,636,848,922,834,747,780
"Zp1",0,2,3,0,1,0,0,0
"Zp2",3,1,0,4,0,0,0,0
"Zp3r",0,1,0,2,1,0,0,1
"Zpld1",1,3,4,1,2,2,4,1
"Zpr1",1235,2253,2402,2335,2290,2278,2880,2852
"Zranb1",400,938,726,912,860,943,828,865
"Zranb2",957,2731,1912,2461,2336,2356,2038,2371
"Zranb3",251,474,359,451,495,431,342,430
"Zrsr1",345,905,1023,947,1009,1115,1139,1096
"Zrsr2",679,1324,1370,1489,1483,1405,1344,1458
"Zscan10",0,0,0,1,2,0,0,1
"Zscan12",237,504,424,472,517,483,467,541
"Zscan18",11,33,28,23,38,22,20,33
"Zscan2",137,299,233,234,254,247,272,251
"Zscan20",174,389,367,328,378,352,404,327
"Zscan21",562,1194,1332,1175,1244,1135,1136,1206
"Zscan22",209,420,377,397,396,406,454,414
"Zscan25",308,521,555,555,521,554,584,564
"Zscan26",453,1318,923,1095,1346,1489,1322,1331
"Zscan29",336,736,712,705,844,843,813,844
"Zswim1",325,652,703,677,586,689,696,735
"Zswim3",155,337,344,315,278,291,372,373
"Zswim4",1648,3151,3719,3370,3169,3004,3459,3446
"Zswim5",1,2,2,1,1,1,1,1
"Zswim6",413,1069,825,1043,1027,1124,973,1051
"Zswim7",142,357,329,302,329,404,395,296
"Zswim8",3532,7315,7147,6673,7089,7136,8069,7137
"Zufsp",158,371,261,353,384,373,320,374
"Zw10",651,1088,1226,1253,1102,882,1039,1270
"Zwilch",467,608,564,802,625,342,267,461
"Zwint",2107,4182,4134,4181,4287,4248,4803,4413
"Zxda",100,233,174,191,239,288,253,234
"Zxdb",127,297,176,237,254,324,293,242
"Zxdc",573,1175,1203,1123,1221,1285,1367,1221
"Zyg11a",0,0,1,1,0,0,0,2
"Zyg11b",1224,3447,2395,2963,3156,3383,3277,3201
"Zyx",13792,26532,27021,27912,25266,26864,25197,22981
"Zzef1",1190,2447,2421,2337,2508,2350,2613,2523
"Zzz3",969,2511,1806,2351,2623,2899,2728,2694
